<?xml version="1.0" encoding="us-ascii"?>
<InvoiceTransmission xsi:schemaLocation="http://www.IATA.com/IATAAviationInvoiceStandard http://www.iata.org/services/finance/sis/Documents/schemas/IATA_IS_XML_Invoice_Standard_VN.N.xsd" xmlns="http://www.IATA.com/IATAAviationInvoiceStandard" xmlns:xsi="http://www.w3.org/2001/XMLSchema-instance">
	<TransmissionHeader>
		<TransmissionDateTime>2017-02-01T01:02:48</TransmissionDateTime>
		<Version>IATA:ISXMLInvoiceVN.N</Version>
		<TransmissionID>07fa06dd-2864-4201-bb59-aaf94df4c74b</TransmissionID>
		<IssuingOrganizationID>A89</IssuingOrganizationID>
		<BillingCategory>Miscellaneous</BillingCategory>
	</TransmissionHeader>
	<Invoice>
		<InvoiceHeader>
			<InvoiceNumber>TIt2</InvoiceNumber>
			<InvoiceDate>2017-01-30</InvoiceDate>
			<InvoiceType>Invoice</InvoiceType>
			<LocationCode>YUL</LocationCode>
			<ChargeCategory>IT Services</ChargeCategory>
			<SellerOrganization>
				<OrganizationID>A89</OrganizationID>
				<LocationID>Main</LocationID>
			</SellerOrganization>
			<BuyerOrganization>
				<OrganizationID>A55</OrganizationID>
				<LocationID>Main</LocationID>
			</BuyerOrganization>
			<PaymentTerms>
				<CurrencyCode>USD</CurrencyCode>
				<SettlementMonthPeriod>170104</SettlementMonthPeriod>
				<SettlementMethod>I</SettlementMethod>
			</PaymentTerms>
			<ISDetails>
				<DigitalSignatureFlag>D</DigitalSignatureFlag>
			</ISDetails>
			<Attachment>
				<AttachmentIndicatorOriginal>N</AttachmentIndicatorOriginal>
			</Attachment>
		</InvoiceHeader>
		<LineItem>
			<LineItemNumber>1</LineItemNumber>
			<ChargeCode>Communication Charges</ChargeCode>
			<Description>Taxes - US</Description>
			<StartDate>2017-01-28</StartDate>
			<EndDate>2017-01-29</EndDate>
			<Quantity UOMCode="EA">1.0000</Quantity>
			<UnitPrice SF="1">0.0000</UnitPrice>
			<ChargeAmount>0.00</ChargeAmount>
			<Tax>
				<TaxType>VAT</TaxType>
				<TaxSubType>VAT</TaxSubType>
				<TaxCategory>Standard</TaxCategory>
				<TaxAmount>49.87</TaxAmount>
			</Tax>
			<TotalVATAmount>49.87</TotalVATAmount>
			<TotalNetAmount>49.87</TotalNetAmount>
			<DetailCount>1</DetailCount>
		</LineItem>
		<LineItem>
			<LineItemNumber>2</LineItemNumber>
			<ChargeCode>Communication Charges</ChargeCode>
			<Description>Voice Services</Description>
			<StartDate>2017-01-28</StartDate>
			<EndDate>2017-01-29</EndDate>
			<Quantity UOMCode="EA">1.0000</Quantity>
			<UnitPrice SF="1">1132.9000</UnitPrice>
			<ChargeAmount>1132.90</ChargeAmount>
			<TotalNetAmount>1132.90</TotalNetAmount>
			<DetailCount>29</DetailCount>
		</LineItem>
		<LineItem>
			<LineItemNumber>3</LineItemNumber>
			<ChargeCode>Communication Charges</ChargeCode>
			<Description>Calling Card Services</Description>
			<StartDate>2017-01-28</StartDate>
			<EndDate>2017-01-29</EndDate>
			<Quantity UOMCode="EA">1.0000</Quantity>
			<UnitPrice SF="1">112.5700</UnitPrice>
			<ChargeAmount>112.57</ChargeAmount>
			<TotalNetAmount>112.57</TotalNetAmount>
			<DetailCount>12</DetailCount>
		</LineItem>
		<LineItemDetail>
			<DetailNumber>1</DetailNumber>
			<LineItemNumber>1</LineItemNumber>
			<Description>Taxes</Description>
			<ProductID>TAX</ProductID>
			<EndDate>2017-01-29</EndDate>
			<Quantity UOMCode="EA">1.0000</Quantity>
			<UnitPrice>0.0000</UnitPrice>
			<ChargeAmount>0.00</ChargeAmount>
			<TotalNetAmount>0.00</TotalNetAmount>
			<RouteDetails>
				<CountryCode>US</CountryCode>
			</RouteDetails>
			<ServiceProviderDetails>
				<MemberCode>CO1</MemberCode>
				<NumericCustomerCode>0000004963</NumericCustomerCode>
				<ProductGroup>Taxes</ProductGroup>
				<ProductName>Taxes</ProductName>
				<ActivityDate>2017-01-01</ActivityDate>
				<StationCode>XXX</StationCode>
			</ServiceProviderDetails>
		</LineItemDetail>
		<LineItemDetail>
			<DetailNumber>1</DetailNumber>
			<LineItemNumber>2</LineItemNumber>
			<Description>Voice Services</Description>
			<ProductID>VOICE</ProductID>
			<EndDate>2017-01-29</EndDate>
			<Quantity UOMCode="EA">1.0000</Quantity>
			<UnitPrice>67.3200</UnitPrice>
			<ChargeAmount>67.32</ChargeAmount>
			<TotalNetAmount>67.32</TotalNetAmount>
			<RouteDetails>
				<CountryCode>AR</CountryCode>
			</RouteDetails>
			<ServiceProviderDetails>
				<MemberCode>CO1</MemberCode>
				<NumericCustomerCode>0000004963</NumericCustomerCode>
				<ProductGroup>Voice Services</ProductGroup>
				<ProductName>Voice Services</ProductName>
				<ActivityDate>2017-01-01</ActivityDate>
				<StationCode>XXX</StationCode>
			</ServiceProviderDetails>
		</LineItemDetail>
		<LineItemDetail>
			<DetailNumber>2</DetailNumber>
			<LineItemNumber>2</LineItemNumber>
			<Description>Voice Services</Description>
			<ProductID>VOICE</ProductID>
			<EndDate>2017-01-29</EndDate>
			<Quantity UOMCode="EA">1.0000</Quantity>
			<UnitPrice>2.5000</UnitPrice>
			<ChargeAmount>2.50</ChargeAmount>
			<TotalNetAmount>2.50</TotalNetAmount>
			<RouteDetails>
				<CountryCode>BE</CountryCode>
			</RouteDetails>
			<ServiceProviderDetails>
				<MemberCode>CO1</MemberCode>
				<NumericCustomerCode>0000004963</NumericCustomerCode>
				<ProductGroup>Voice Services</ProductGroup>
				<ProductName>Voice Services</ProductName>
				<ActivityDate>2017-01-01</ActivityDate>
				<StationCode>XXX</StationCode>
			</ServiceProviderDetails>
		</LineItemDetail>
		<LineItemDetail>
			<DetailNumber>3</DetailNumber>
			<LineItemNumber>2</LineItemNumber>
			<Description>Voice Services</Description>
			<ProductID>VOICE</ProductID>
			<EndDate>2017-01-29</EndDate>
			<Quantity UOMCode="EA">1.0000</Quantity>
			<UnitPrice>174.0300</UnitPrice>
			<ChargeAmount>174.03</ChargeAmount>
			<TotalNetAmount>174.03</TotalNetAmount>
			<RouteDetails>
				<CountryCode>BR</CountryCode>
			</RouteDetails>
			<ServiceProviderDetails>
				<MemberCode>CO1</MemberCode>
				<NumericCustomerCode>0000004963</NumericCustomerCode>
				<ProductGroup>Voice Services</ProductGroup>
				<ProductName>Voice Services</ProductName>
				<ActivityDate>2017-01-01</ActivityDate>
				<StationCode>XXX</StationCode>
			</ServiceProviderDetails>
		</LineItemDetail>
		<LineItemDetail>
			<DetailNumber>4</DetailNumber>
			<LineItemNumber>2</LineItemNumber>
			<Description>Voice Services</Description>
			<ProductID>VOICE</ProductID>
			<EndDate>2017-01-29</EndDate>
			<Quantity UOMCode="EA">1.0000</Quantity>
			<UnitPrice>6.9900</UnitPrice>
			<ChargeAmount>6.99</ChargeAmount>
			<TotalNetAmount>6.99</TotalNetAmount>
			<RouteDetails>
				<CountryCode>CH</CountryCode>
			</RouteDetails>
			<ServiceProviderDetails>
				<MemberCode>CO1</MemberCode>
				<NumericCustomerCode>0000004963</NumericCustomerCode>
				<ProductGroup>Voice Services</ProductGroup>
				<ProductName>Voice Services</ProductName>
				<ActivityDate>2017-01-01</ActivityDate>
				<StationCode>XXX</StationCode>
			</ServiceProviderDetails>
		</LineItemDetail>
		<LineItemDetail>
			<DetailNumber>5</DetailNumber>
			<LineItemNumber>2</LineItemNumber>
			<Description>Voice Services</Description>
			<ProductID>VOICE</ProductID>
			<EndDate>2017-01-29</EndDate>
			<Quantity UOMCode="EA">1.0000</Quantity>
			<UnitPrice>52.3300</UnitPrice>
			<ChargeAmount>52.33</ChargeAmount>
			<TotalNetAmount>52.33</TotalNetAmount>
			<RouteDetails>
				<CountryCode>CN</CountryCode>
			</RouteDetails>
			<ServiceProviderDetails>
				<MemberCode>CO1</MemberCode>
				<NumericCustomerCode>0000004963</NumericCustomerCode>
				<ProductGroup>Voice Services</ProductGroup>
				<ProductName>Voice Services</ProductName>
				<ActivityDate>2017-01-01</ActivityDate>
				<StationCode>XXX</StationCode>
			</ServiceProviderDetails>
		</LineItemDetail>
		<LineItemDetail>
			<DetailNumber>6</DetailNumber>
			<LineItemNumber>2</LineItemNumber>
			<Description>Voice Services</Description>
			<ProductID>VOICE</ProductID>
			<EndDate>2017-01-29</EndDate>
			<Quantity UOMCode="EA">1.0000</Quantity>
			<UnitPrice>131.1700</UnitPrice>
			<ChargeAmount>131.17</ChargeAmount>
			<TotalNetAmount>131.17</TotalNetAmount>
			<RouteDetails>
				<CountryCode>CO</CountryCode>
			</RouteDetails>
			<ServiceProviderDetails>
				<MemberCode>CO1</MemberCode>
				<NumericCustomerCode>0000004963</NumericCustomerCode>
				<ProductGroup>Voice Services</ProductGroup>
				<ProductName>Voice Services</ProductName>
				<ActivityDate>2017-01-01</ActivityDate>
				<StationCode>XXX</StationCode>
			</ServiceProviderDetails>
		</LineItemDetail>
		<LineItemDetail>
			<DetailNumber>7</DetailNumber>
			<LineItemNumber>2</LineItemNumber>
			<Description>Voice Services</Description>
			<ProductID>VOICE</ProductID>
			<EndDate>2017-01-29</EndDate>
			<Quantity UOMCode="EA">1.0000</Quantity>
			<UnitPrice>170.2400</UnitPrice>
			<ChargeAmount>170.24</ChargeAmount>
			<TotalNetAmount>170.24</TotalNetAmount>
			<RouteDetails>
				<CountryCode>CR</CountryCode>
			</RouteDetails>
			<ServiceProviderDetails>
				<MemberCode>CO1</MemberCode>
				<NumericCustomerCode>0000004963</NumericCustomerCode>
				<ProductGroup>Voice Services</ProductGroup>
				<ProductName>Voice Services</ProductName>
				<ActivityDate>2017-01-01</ActivityDate>
				<StationCode>XXX</StationCode>
			</ServiceProviderDetails>
		</LineItemDetail>
		<LineItemDetail>
			<DetailNumber>8</DetailNumber>
			<LineItemNumber>2</LineItemNumber>
			<Description>Voice Services</Description>
			<ProductID>VOICE</ProductID>
			<EndDate>2017-01-29</EndDate>
			<Quantity UOMCode="EA">1.0000</Quantity>
			<UnitPrice>54.1500</UnitPrice>
			<ChargeAmount>54.15</ChargeAmount>
			<TotalNetAmount>54.15</TotalNetAmount>
			<RouteDetails>
				<CountryCode>DE</CountryCode>
			</RouteDetails>
			<ServiceProviderDetails>
				<MemberCode>CO1</MemberCode>
				<NumericCustomerCode>0000004963</NumericCustomerCode>
				<ProductGroup>Voice Services</ProductGroup>
				<ProductName>Voice Services</ProductName>
				<ActivityDate>2017-01-01</ActivityDate>
				<StationCode>XXX</StationCode>
			</ServiceProviderDetails>
		</LineItemDetail>
		<LineItemDetail>
			<DetailNumber>9</DetailNumber>
			<LineItemNumber>2</LineItemNumber>
			<Description>Voice Services</Description>
			<ProductID>VOICE</ProductID>
			<EndDate>2017-01-29</EndDate>
			<Quantity UOMCode="EA">1.0000</Quantity>
			<UnitPrice>10.9500</UnitPrice>
			<ChargeAmount>10.95</ChargeAmount>
			<TotalNetAmount>10.95</TotalNetAmount>
			<RouteDetails>
				<CountryCode>DK</CountryCode>
			</RouteDetails>
			<ServiceProviderDetails>
				<MemberCode>CO1</MemberCode>
				<NumericCustomerCode>0000004963</NumericCustomerCode>
				<ProductGroup>Voice Services</ProductGroup>
				<ProductName>Voice Services</ProductName>
				<ActivityDate>2017-01-01</ActivityDate>
				<StationCode>XXX</StationCode>
			</ServiceProviderDetails>
		</LineItemDetail>
		<LineItemDetail>
			<DetailNumber>10</DetailNumber>
			<LineItemNumber>2</LineItemNumber>
			<Description>Voice Services</Description>
			<ProductID>VOICE</ProductID>
			<EndDate>2017-01-29</EndDate>
			<Quantity UOMCode="EA">1.0000</Quantity>
			<UnitPrice>8.5300</UnitPrice>
			<ChargeAmount>8.53</ChargeAmount>
			<TotalNetAmount>8.53</TotalNetAmount>
			<RouteDetails>
				<CountryCode>ES</CountryCode>
			</RouteDetails>
			<ServiceProviderDetails>
				<MemberCode>CO1</MemberCode>
				<NumericCustomerCode>0000004963</NumericCustomerCode>
				<ProductGroup>Voice Services</ProductGroup>
				<ProductName>Voice Services</ProductName>
				<ActivityDate>2017-01-01</ActivityDate>
				<StationCode>XXX</StationCode>
			</ServiceProviderDetails>
		</LineItemDetail>
		<LineItemDetail>
			<DetailNumber>11</DetailNumber>
			<LineItemNumber>2</LineItemNumber>
			<Description>Voice Services</Description>
			<ProductID>VOICE</ProductID>
			<EndDate>2017-01-29</EndDate>
			<Quantity UOMCode="EA">1.0000</Quantity>
			<UnitPrice>5.4800</UnitPrice>
			<ChargeAmount>5.48</ChargeAmount>
			<TotalNetAmount>5.48</TotalNetAmount>
			<RouteDetails>
				<CountryCode>FR</CountryCode>
			</RouteDetails>
			<ServiceProviderDetails>
				<MemberCode>CO1</MemberCode>
				<NumericCustomerCode>0000004963</NumericCustomerCode>
				<ProductGroup>Voice Services</ProductGroup>
				<ProductName>Voice Services</ProductName>
				<ActivityDate>2017-01-01</ActivityDate>
				<StationCode>XXX</StationCode>
			</ServiceProviderDetails>
		</LineItemDetail>
		<LineItemDetail>
			<DetailNumber>12</DetailNumber>
			<LineItemNumber>2</LineItemNumber>
			<Description>Voice Services</Description>
			<ProductID>VOICE</ProductID>
			<EndDate>2017-01-29</EndDate>
			<Quantity UOMCode="EA">1.0000</Quantity>
			<UnitPrice>30.6300</UnitPrice>
			<ChargeAmount>30.63</ChargeAmount>
			<TotalNetAmount>30.63</TotalNetAmount>
			<RouteDetails>
				<CountryCode>GB</CountryCode>
			</RouteDetails>
			<ServiceProviderDetails>
				<MemberCode>CO1</MemberCode>
				<NumericCustomerCode>0000004963</NumericCustomerCode>
				<ProductGroup>Voice Services</ProductGroup>
				<ProductName>Voice Services</ProductName>
				<ActivityDate>2017-01-01</ActivityDate>
				<StationCode>XXX</StationCode>
			</ServiceProviderDetails>
		</LineItemDetail>
		<LineItemDetail>
			<DetailNumber>13</DetailNumber>
			<LineItemNumber>2</LineItemNumber>
			<Description>Voice Services</Description>
			<ProductID>VOICE</ProductID>
			<EndDate>2017-01-29</EndDate>
			<Quantity UOMCode="EA">1.0000</Quantity>
			<UnitPrice>1.2900</UnitPrice>
			<ChargeAmount>1.29</ChargeAmount>
			<TotalNetAmount>1.29</TotalNetAmount>
			<RouteDetails>
				<CountryCode>GR</CountryCode>
			</RouteDetails>
			<ServiceProviderDetails>
				<MemberCode>CO1</MemberCode>
				<NumericCustomerCode>0000004963</NumericCustomerCode>
				<ProductGroup>Voice Services</ProductGroup>
				<ProductName>Voice Services</ProductName>
				<ActivityDate>2017-01-01</ActivityDate>
				<StationCode>XXX</StationCode>
			</ServiceProviderDetails>
		</LineItemDetail>
		<LineItemDetail>
			<DetailNumber>14</DetailNumber>
			<LineItemNumber>2</LineItemNumber>
			<Description>Voice Services</Description>
			<ProductID>VOICE</ProductID>
			<EndDate>2017-01-29</EndDate>
			<Quantity UOMCode="EA">1.0000</Quantity>
			<UnitPrice>23.3900</UnitPrice>
			<ChargeAmount>23.39</ChargeAmount>
			<TotalNetAmount>23.39</TotalNetAmount>
			<RouteDetails>
				<CountryCode>HK</CountryCode>
			</RouteDetails>
			<ServiceProviderDetails>
				<MemberCode>CO1</MemberCode>
				<NumericCustomerCode>0000004963</NumericCustomerCode>
				<ProductGroup>Voice Services</ProductGroup>
				<ProductName>Voice Services</ProductName>
				<ActivityDate>2017-01-01</ActivityDate>
				<StationCode>XXX</StationCode>
			</ServiceProviderDetails>
		</LineItemDetail>
		<LineItemDetail>
			<DetailNumber>15</DetailNumber>
			<LineItemNumber>2</LineItemNumber>
			<Description>Voice Services</Description>
			<ProductID>VOICE</ProductID>
			<EndDate>2017-01-29</EndDate>
			<Quantity UOMCode="EA">1.0000</Quantity>
			<UnitPrice>4.3400</UnitPrice>
			<ChargeAmount>4.34</ChargeAmount>
			<TotalNetAmount>4.34</TotalNetAmount>
			<RouteDetails>
				<CountryCode>IE</CountryCode>
			</RouteDetails>
			<ServiceProviderDetails>
				<MemberCode>CO1</MemberCode>
				<NumericCustomerCode>0000004963</NumericCustomerCode>
				<ProductGroup>Voice Services</ProductGroup>
				<ProductName>Voice Services</ProductName>
				<ActivityDate>2017-01-01</ActivityDate>
				<StationCode>XXX</StationCode>
			</ServiceProviderDetails>
		</LineItemDetail>
		<LineItemDetail>
			<DetailNumber>16</DetailNumber>
			<LineItemNumber>2</LineItemNumber>
			<Description>Voice Services</Description>
			<ProductID>VOICE</ProductID>
			<EndDate>2017-01-29</EndDate>
			<Quantity UOMCode="EA">1.0000</Quantity>
			<UnitPrice>24.7700</UnitPrice>
			<ChargeAmount>24.77</ChargeAmount>
			<TotalNetAmount>24.77</TotalNetAmount>
			<RouteDetails>
				<CountryCode>IL</CountryCode>
			</RouteDetails>
			<ServiceProviderDetails>
				<MemberCode>CO1</MemberCode>
				<NumericCustomerCode>0000004963</NumericCustomerCode>
				<ProductGroup>Voice Services</ProductGroup>
				<ProductName>Voice Services</ProductName>
				<ActivityDate>2017-01-01</ActivityDate>
				<StationCode>XXX</StationCode>
			</ServiceProviderDetails>
		</LineItemDetail>
		<LineItemDetail>
			<DetailNumber>17</DetailNumber>
			<LineItemNumber>2</LineItemNumber>
			<Description>Voice Services</Description>
			<ProductID>VOICE</ProductID>
			<EndDate>2017-01-29</EndDate>
			<Quantity UOMCode="EA">1.0000</Quantity>
			<UnitPrice>56.2000</UnitPrice>
			<ChargeAmount>56.20</ChargeAmount>
			<TotalNetAmount>56.20</TotalNetAmount>
			<RouteDetails>
				<CountryCode>IN</CountryCode>
			</RouteDetails>
			<ServiceProviderDetails>
				<MemberCode>CO1</MemberCode>
				<NumericCustomerCode>0000004963</NumericCustomerCode>
				<ProductGroup>Voice Services</ProductGroup>
				<ProductName>Voice Services</ProductName>
				<ActivityDate>2017-01-01</ActivityDate>
				<StationCode>XXX</StationCode>
			</ServiceProviderDetails>
		</LineItemDetail>
		<LineItemDetail>
			<DetailNumber>18</DetailNumber>
			<LineItemNumber>2</LineItemNumber>
			<Description>Voice Services</Description>
			<ProductID>VOICE</ProductID>
			<EndDate>2017-01-29</EndDate>
			<Quantity UOMCode="EA">1.0000</Quantity>
			<UnitPrice>7.2800</UnitPrice>
			<ChargeAmount>7.28</ChargeAmount>
			<TotalNetAmount>7.28</TotalNetAmount>
			<RouteDetails>
				<CountryCode>IT</CountryCode>
			</RouteDetails>
			<ServiceProviderDetails>
				<MemberCode>CO1</MemberCode>
				<NumericCustomerCode>0000004963</NumericCustomerCode>
				<ProductGroup>Voice Services</ProductGroup>
				<ProductName>Voice Services</ProductName>
				<ActivityDate>2017-01-01</ActivityDate>
				<StationCode>XXX</StationCode>
			</ServiceProviderDetails>
		</LineItemDetail>
		<LineItemDetail>
			<DetailNumber>19</DetailNumber>
			<LineItemNumber>2</LineItemNumber>
			<Description>Voice Services</Description>
			<ProductID>VOICE</ProductID>
			<EndDate>2017-01-29</EndDate>
			<Quantity UOMCode="EA">1.0000</Quantity>
			<UnitPrice>85.1300</UnitPrice>
			<ChargeAmount>85.13</ChargeAmount>
			<TotalNetAmount>85.13</TotalNetAmount>
			<RouteDetails>
				<CountryCode>JP</CountryCode>
			</RouteDetails>
			<ServiceProviderDetails>
				<MemberCode>CO1</MemberCode>
				<NumericCustomerCode>0000004963</NumericCustomerCode>
				<ProductGroup>Voice Services</ProductGroup>
				<ProductName>Voice Services</ProductName>
				<ActivityDate>2017-01-01</ActivityDate>
				<StationCode>XXX</StationCode>
			</ServiceProviderDetails>
		</LineItemDetail>
		<LineItemDetail>
			<DetailNumber>20</DetailNumber>
			<LineItemNumber>2</LineItemNumber>
			<Description>Voice Services</Description>
			<ProductID>VOICE</ProductID>
			<EndDate>2017-01-29</EndDate>
			<Quantity UOMCode="EA">1.0000</Quantity>
			<UnitPrice>7.4000</UnitPrice>
			<ChargeAmount>7.40</ChargeAmount>
			<TotalNetAmount>7.40</TotalNetAmount>
			<RouteDetails>
				<CountryCode>NL</CountryCode>
			</RouteDetails>
			<ServiceProviderDetails>
				<MemberCode>CO1</MemberCode>
				<NumericCustomerCode>0000004963</NumericCustomerCode>
				<ProductGroup>Voice Services</ProductGroup>
				<ProductName>Voice Services</ProductName>
				<ActivityDate>2017-01-01</ActivityDate>
				<StationCode>XXX</StationCode>
			</ServiceProviderDetails>
		</LineItemDetail>
		<LineItemDetail>
			<DetailNumber>21</DetailNumber>
			<LineItemNumber>2</LineItemNumber>
			<Description>Voice Services</Description>
			<ProductID>VOICE</ProductID>
			<EndDate>2017-01-29</EndDate>
			<Quantity UOMCode="EA">1.0000</Quantity>
			<UnitPrice>2.5100</UnitPrice>
			<ChargeAmount>2.51</ChargeAmount>
			<TotalNetAmount>2.51</TotalNetAmount>
			<RouteDetails>
				<CountryCode>NO</CountryCode>
			</RouteDetails>
			<ServiceProviderDetails>
				<MemberCode>CO1</MemberCode>
				<NumericCustomerCode>0000004963</NumericCustomerCode>
				<ProductGroup>Voice Services</ProductGroup>
				<ProductName>Voice Services</ProductName>
				<ActivityDate>2017-01-01</ActivityDate>
				<StationCode>XXX</StationCode>
			</ServiceProviderDetails>
		</LineItemDetail>
		<LineItemDetail>
			<DetailNumber>22</DetailNumber>
			<LineItemNumber>2</LineItemNumber>
			<Description>Voice Services</Description>
			<ProductID>VOICE</ProductID>
			<EndDate>2017-01-29</EndDate>
			<Quantity UOMCode="EA">1.0000</Quantity>
			<UnitPrice>12.7400</UnitPrice>
			<ChargeAmount>12.74</ChargeAmount>
			<TotalNetAmount>12.74</TotalNetAmount>
			<RouteDetails>
				<CountryCode>PH</CountryCode>
			</RouteDetails>
			<ServiceProviderDetails>
				<MemberCode>CO1</MemberCode>
				<NumericCustomerCode>0000004963</NumericCustomerCode>
				<ProductGroup>Voice Services</ProductGroup>
				<ProductName>Voice Services</ProductName>
				<ActivityDate>2017-01-01</ActivityDate>
				<StationCode>XXX</StationCode>
			</ServiceProviderDetails>
		</LineItemDetail>
		<LineItemDetail>
			<DetailNumber>23</DetailNumber>
			<LineItemNumber>2</LineItemNumber>
			<Description>Voice Services</Description>
			<ProductID>VOICE</ProductID>
			<EndDate>2017-01-29</EndDate>
			<Quantity UOMCode="EA">1.0000</Quantity>
			<UnitPrice>0.7700</UnitPrice>
			<ChargeAmount>0.77</ChargeAmount>
			<TotalNetAmount>0.77</TotalNetAmount>
			<RouteDetails>
				<CountryCode>PT</CountryCode>
			</RouteDetails>
			<ServiceProviderDetails>
				<MemberCode>CO1</MemberCode>
				<NumericCustomerCode>0000004963</NumericCustomerCode>
				<ProductGroup>Voice Services</ProductGroup>
				<ProductName>Voice Services</ProductName>
				<ActivityDate>2017-01-01</ActivityDate>
				<StationCode>LIS</StationCode>
			</ServiceProviderDetails>
		</LineItemDetail>
		<LineItemDetail>
			<DetailNumber>24</DetailNumber>
			<LineItemNumber>2</LineItemNumber>
			<Description>Voice Services</Description>
			<ProductID>VOICE</ProductID>
			<EndDate>2017-01-29</EndDate>
			<Quantity UOMCode="EA">1.0000</Quantity>
			<UnitPrice>4.5000</UnitPrice>
			<ChargeAmount>4.50</ChargeAmount>
			<TotalNetAmount>4.50</TotalNetAmount>
			<RouteDetails>
				<CountryCode>PT</CountryCode>
			</RouteDetails>
			<ServiceProviderDetails>
				<MemberCode>CO1</MemberCode>
				<NumericCustomerCode>0000004963</NumericCustomerCode>
				<ProductGroup>Voice Services</ProductGroup>
				<ProductName>Voice Services</ProductName>
				<ActivityDate>2017-01-01</ActivityDate>
				<StationCode>XXX</StationCode>
			</ServiceProviderDetails>
		</LineItemDetail>
		<LineItemDetail>
			<DetailNumber>25</DetailNumber>
			<LineItemNumber>2</LineItemNumber>
			<Description>Voice Services</Description>
			<ProductID>VOICE</ProductID>
			<EndDate>2017-01-29</EndDate>
			<Quantity UOMCode="EA">1.0000</Quantity>
			<UnitPrice>6.2300</UnitPrice>
			<ChargeAmount>6.23</ChargeAmount>
			<TotalNetAmount>6.23</TotalNetAmount>
			<RouteDetails>
				<CountryCode>SE</CountryCode>
			</RouteDetails>
			<ServiceProviderDetails>
				<MemberCode>CO1</MemberCode>
				<NumericCustomerCode>0000004963</NumericCustomerCode>
				<ProductGroup>Voice Services</ProductGroup>
				<ProductName>Voice Services</ProductName>
				<ActivityDate>2017-01-01</ActivityDate>
				<StationCode>XXX</StationCode>
			</ServiceProviderDetails>
		</LineItemDetail>
		<LineItemDetail>
			<DetailNumber>26</DetailNumber>
			<LineItemNumber>2</LineItemNumber>
			<Description>Voice Services</Description>
			<ProductID>VOICE</ProductID>
			<EndDate>2017-01-29</EndDate>
			<Quantity UOMCode="EA">1.0000</Quantity>
			<UnitPrice>81.3800</UnitPrice>
			<ChargeAmount>81.38</ChargeAmount>
			<TotalNetAmount>81.38</TotalNetAmount>
			<RouteDetails>
				<CountryCode>US</CountryCode>
			</RouteDetails>
			<ServiceProviderDetails>
				<MemberCode>CO1</MemberCode>
				<NumericCustomerCode>0000004963</NumericCustomerCode>
				<ProductGroup>Voice Services</ProductGroup>
				<ProductName>Voice Services</ProductName>
				<ActivityDate>2017-01-01</ActivityDate>
				<StationCode>EWR</StationCode>
			</ServiceProviderDetails>
		</LineItemDetail>
		<LineItemDetail>
			<DetailNumber>27</DetailNumber>
			<LineItemNumber>2</LineItemNumber>
			<Description>Voice Services</Description>
			<ProductID>VOICE</ProductID>
			<EndDate>2017-01-29</EndDate>
			<Quantity UOMCode="EA">1.0000</Quantity>
			<UnitPrice>344.9400</UnitPrice>
			<ChargeAmount>344.94</ChargeAmount>
			<TotalNetAmount>344.94</TotalNetAmount>
			<RouteDetails>
				<CountryCode>US</CountryCode>
			</RouteDetails>
			<ServiceProviderDetails>
				<MemberCode>CO1</MemberCode>
				<NumericCustomerCode>0000004963</NumericCustomerCode>
				<ProductGroup>Voice Services</ProductGroup>
				<ProductName>Voice Services</ProductName>
				<ActivityDate>2017-01-01</ActivityDate>
				<StationCode>HOU</StationCode>
			</ServiceProviderDetails>
		</LineItemDetail>
		<LineItemDetail>
			<DetailNumber>28</DetailNumber>
			<LineItemNumber>2</LineItemNumber>
			<Description>Voice Services</Description>
			<ProductID>VOICE</ProductID>
			<EndDate>2017-01-29</EndDate>
			<Quantity UOMCode="EA">1.0000</Quantity>
			<UnitPrice>28.0400</UnitPrice>
			<ChargeAmount>28.04</ChargeAmount>
			<TotalNetAmount>28.04</TotalNetAmount>
			<RouteDetails>
				<CountryCode>VE</CountryCode>
			</RouteDetails>
			<ServiceProviderDetails>
				<MemberCode>CO1</MemberCode>
				<NumericCustomerCode>0000004963</NumericCustomerCode>
				<ProductGroup>Voice Services</ProductGroup>
				<ProductName>Voice Services</ProductName>
				<ActivityDate>2017-01-01</ActivityDate>
				<StationCode>XXX</StationCode>
			</ServiceProviderDetails>
		</LineItemDetail>
		<LineItemDetail>
			<DetailNumber>29</DetailNumber>
			<LineItemNumber>2</LineItemNumber>
			<Description>Voice Services</Description>
			<ProductID>VOICE</ProductID>
			<EndDate>2017-01-29</EndDate>
			<Quantity UOMCode="EA">1.0000</Quantity>
			<UnitPrice>-272.3300</UnitPrice>
			<ChargeAmount>-272.33</ChargeAmount>
			<TotalNetAmount>-272.33</TotalNetAmount>
			<RouteDetails>
				<CountryCode>US</CountryCode>
			</RouteDetails>
			<ServiceProviderDetails>
				<MemberCode>CO1</MemberCode>
				<NumericCustomerCode>0000004963</NumericCustomerCode>
				<ProductGroup>Voice Services</ProductGroup>
				<ProductName>Voice Services</ProductName>
				<ActivityDate>2017-01-01</ActivityDate>
				<StationCode>XXX</StationCode>
			</ServiceProviderDetails>
		</LineItemDetail>
		<LineItemDetail>
			<DetailNumber>1</DetailNumber>
			<LineItemNumber>3</LineItemNumber>
			<Description>Calling Card Services</Description>
			<ProductID>CCDS</ProductID>
			<EndDate>2017-01-29</EndDate>
			<Quantity UOMCode="EA">1.0000</Quantity>
			<UnitPrice>34.0800</UnitPrice>
			<ChargeAmount>34.08</ChargeAmount>
			<TotalNetAmount>34.08</TotalNetAmount>
			<RouteDetails>
				<CountryCode>BR</CountryCode>
			</RouteDetails>
			<ServiceProviderDetails>
				<MemberCode>CO1</MemberCode>
				<NumericCustomerCode>0000004963</NumericCustomerCode>
				<ProductGroup>Voice Services</ProductGroup>
				<ProductName>Calling Card Services</ProductName>
				<ActivityDate>2017-01-01</ActivityDate>
				<StationCode>XXX</StationCode>
			</ServiceProviderDetails>
		</LineItemDetail>
		<LineItemDetail>
			<DetailNumber>2</DetailNumber>
			<LineItemNumber>3</LineItemNumber>
			<Description>Calling Card Services</Description>
			<ProductID>CCDS</ProductID>
			<EndDate>2017-01-29</EndDate>
			<Quantity UOMCode="EA">1.0000</Quantity>
			<UnitPrice>3.6700</UnitPrice>
			<ChargeAmount>3.67</ChargeAmount>
			<TotalNetAmount>3.67</TotalNetAmount>
			<RouteDetails>
				<CountryCode>CH</CountryCode>
			</RouteDetails>
			<ServiceProviderDetails>
				<MemberCode>CO1</MemberCode>
				<NumericCustomerCode>0000004963</NumericCustomerCode>
				<ProductGroup>Voice Services</ProductGroup>
				<ProductName>Calling Card Services</ProductName>
				<ActivityDate>2017-01-01</ActivityDate>
				<StationCode>XXX</StationCode>
			</ServiceProviderDetails>
		</LineItemDetail>
		<LineItemDetail>
			<DetailNumber>3</DetailNumber>
			<LineItemNumber>3</LineItemNumber>
			<Description>Calling Card Services</Description>
			<EndDate>2017-01-29</EndDate>
			<Quantity UOMCode="EA">1.0000</Quantity>
			<UnitPrice>27.1600</UnitPrice>
			<ChargeAmount>27.16</ChargeAmount>
			<TotalNetAmount>27.16</TotalNetAmount>
			<RouteDetails>
				<CountryCode>CN</CountryCode>
			</RouteDetails>
			<ServiceProviderDetails>
				<MemberCode>CO1</MemberCode>
				<NumericCustomerCode>0000004963</NumericCustomerCode>
				<ProductGroup>Voice Services</ProductGroup>
				<ProductName>Calling Card Services</ProductName>
				<ActivityDate>2017-01-01</ActivityDate>
				<StationCode>XXX</StationCode>
			</ServiceProviderDetails>
		</LineItemDetail>
		<LineItemDetail>
			<DetailNumber>4</DetailNumber>
			<LineItemNumber>3</LineItemNumber>
			<Description>Calling Card Services</Description>
			<ProductID>CCDS</ProductID>
			<EndDate>2017-01-29</EndDate>
			<Quantity UOMCode="EA">1.0000</Quantity>
			<UnitPrice>2.8100</UnitPrice>
			<ChargeAmount>2.81</ChargeAmount>
			<TotalNetAmount>2.81</TotalNetAmount>
			<RouteDetails>
				<CountryCode>DE</CountryCode>
			</RouteDetails>
			<ServiceProviderDetails>
				<MemberCode>CO1</MemberCode>
				<NumericCustomerCode>0000004963</NumericCustomerCode>
				<ProductGroup>Voice Services</ProductGroup>
				<ProductName>Calling Card Services</ProductName>
				<ActivityDate>2017-01-01</ActivityDate>
				<StationCode>XXX</StationCode>
			</ServiceProviderDetails>
		</LineItemDetail>
		<LineItemDetail>
			<DetailNumber>5</DetailNumber>
			<LineItemNumber>3</LineItemNumber>
			<Description>Calling Card Services</Description>
			<ProductID>CCDS</ProductID>
			<EndDate>2017-01-29</EndDate>
			<Quantity UOMCode="EA">1.0000</Quantity>
			<UnitPrice>11.2200</UnitPrice>
			<ChargeAmount>11.22</ChargeAmount>
			<TotalNetAmount>11.22</TotalNetAmount>
			<RouteDetails>
				<CountryCode>ES</CountryCode>
			</RouteDetails>
			<ServiceProviderDetails>
				<MemberCode>CO1</MemberCode>
				<NumericCustomerCode>0000004963</NumericCustomerCode>
				<ProductGroup>Voice Services</ProductGroup>
				<ProductName>Calling Card Services</ProductName>
				<ActivityDate>2017-01-01</ActivityDate>
				<StationCode>XXX</StationCode>
			</ServiceProviderDetails>
		</LineItemDetail>
		<LineItemDetail>
			<DetailNumber>6</DetailNumber>
			<LineItemNumber>3</LineItemNumber>
			<Description>Calling Card Services</Description>
			<ProductID>CCDS</ProductID>
			<EndDate>2017-01-29</EndDate>
			<Quantity UOMCode="EA">1.0000</Quantity>
			<UnitPrice>9.0100</UnitPrice>
			<ChargeAmount>9.01</ChargeAmount>
			<TotalNetAmount>9.01</TotalNetAmount>
			<RouteDetails>
				<CountryCode>FR</CountryCode>
			</RouteDetails>
			<ServiceProviderDetails>
				<MemberCode>CO1</MemberCode>
				<NumericCustomerCode>0000004963</NumericCustomerCode>
				<ProductGroup>Voice Services</ProductGroup>
				<ProductName>Calling Card Services</ProductName>
				<ActivityDate>2017-01-01</ActivityDate>
				<StationCode>XXX</StationCode>
			</ServiceProviderDetails>
		</LineItemDetail>
		<LineItemDetail>
			<DetailNumber>7</DetailNumber>
			<LineItemNumber>3</LineItemNumber>
			<Description>Calling Card Services</Description>
			<ProductID>CCDS</ProductID>
			<EndDate>2017-01-29</EndDate>
			<Quantity UOMCode="EA">1.0000</Quantity>
			<UnitPrice>2.4700</UnitPrice>
			<ChargeAmount>2.47</ChargeAmount>
			<TotalNetAmount>2.47</TotalNetAmount>
			<RouteDetails>
				<CountryCode>HK</CountryCode>
			</RouteDetails>
			<ServiceProviderDetails>
				<MemberCode>CO1</MemberCode>
				<NumericCustomerCode>0000004963</NumericCustomerCode>
				<ProductGroup>Voice Services</ProductGroup>
				<ProductName>Calling Card Services</ProductName>
				<ActivityDate>2017-01-01</ActivityDate>
				<StationCode>XXX</StationCode>
			</ServiceProviderDetails>
		</LineItemDetail>
		<LineItemDetail>
			<DetailNumber>8</DetailNumber>
			<LineItemNumber>3</LineItemNumber>
			<Description>Calling Card Services</Description>
			<ProductID>CCDS</ProductID>
			<EndDate>2017-01-29</EndDate>
			<Quantity UOMCode="EA">1.0000</Quantity>
			<UnitPrice>1.6900</UnitPrice>
			<ChargeAmount>1.69</ChargeAmount>
			<TotalNetAmount>1.69</TotalNetAmount>
			<RouteDetails>
				<CountryCode>JP</CountryCode>
			</RouteDetails>
			<ServiceProviderDetails>
				<MemberCode>CO1</MemberCode>
				<NumericCustomerCode>0000004963</NumericCustomerCode>
				<ProductGroup>Voice Services</ProductGroup>
				<ProductName>Calling Card Services</ProductName>
				<ActivityDate>2017-01-01</ActivityDate>
				<StationCode>XXX</StationCode>
			</ServiceProviderDetails>
		</LineItemDetail>
		<LineItemDetail>
			<DetailNumber>9</DetailNumber>
			<LineItemNumber>3</LineItemNumber>
			<Description>Calling Card Services</Description>
			<ProductID>CCDS</ProductID>
			<EndDate>2017-01-29</EndDate>
			<Quantity UOMCode="EA">1.0000</Quantity>
			<UnitPrice>0.9300</UnitPrice>
			<ChargeAmount>0.93</ChargeAmount>
			<TotalNetAmount>0.93</TotalNetAmount>
			<RouteDetails>
				<CountryCode>NL</CountryCode>
			</RouteDetails>
			<ServiceProviderDetails>
				<MemberCode>CO1</MemberCode>
				<NumericCustomerCode>0000004963</NumericCustomerCode>
				<ProductGroup>Voice Services</ProductGroup>
				<ProductName>Calling Card Services</ProductName>
				<ActivityDate>2017-01-01</ActivityDate>
				<StationCode>XXX</StationCode>
			</ServiceProviderDetails>
		</LineItemDetail>
		<LineItemDetail>
			<DetailNumber>10</DetailNumber>
			<LineItemNumber>3</LineItemNumber>
			<Description>Calling Card Services</Description>
			<ProductID>CCDS</ProductID>
			<EndDate>2017-01-29</EndDate>
			<Quantity UOMCode="EA">1.0000</Quantity>
			<UnitPrice>12.0000</UnitPrice>
			<ChargeAmount>12.00</ChargeAmount>
			<TotalNetAmount>12.00</TotalNetAmount>
			<RouteDetails>
				<CountryCode>PE</CountryCode>
			</RouteDetails>
			<ServiceProviderDetails>
				<MemberCode>CO1</MemberCode>
				<NumericCustomerCode>0000004963</NumericCustomerCode>
				<ProductGroup>Voice Services</ProductGroup>
				<ProductName>Calling Card Services</ProductName>
				<ActivityDate>2017-01-01</ActivityDate>
				<StationCode>XXX</StationCode>
			</ServiceProviderDetails>
		</LineItemDetail>
		<LineItemDetail>
			<DetailNumber>11</DetailNumber>
			<LineItemNumber>3</LineItemNumber>
			<Description>Calling Card Services</Description>
			<ProductID>CCDS</ProductID>
			<EndDate>2017-01-29</EndDate>
			<Quantity UOMCode="EA">1.0000</Quantity>
			<UnitPrice>5.8400</UnitPrice>
			<ChargeAmount>5.84</ChargeAmount>
			<TotalNetAmount>5.84</TotalNetAmount>
			<RouteDetails>
				<CountryCode>PH</CountryCode>
			</RouteDetails>
			<ServiceProviderDetails>
				<MemberCode>CO1</MemberCode>
				<NumericCustomerCode>0000004963</NumericCustomerCode>
				<ProductGroup>Voice Services</ProductGroup>
				<ProductName>Calling Card Services</ProductName>
				<ActivityDate>2017-01-01</ActivityDate>
				<StationCode>XXX</StationCode>
			</ServiceProviderDetails>
		</LineItemDetail>
		<LineItemDetail>
			<DetailNumber>12</DetailNumber>
			<LineItemNumber>3</LineItemNumber>
			<Description>Calling Card Services</Description>
			<ProductID>CCDS</ProductID>
			<EndDate>2017-01-29</EndDate>
			<Quantity UOMCode="EA">1.0000</Quantity>
			<UnitPrice>1.6900</UnitPrice>
			<ChargeAmount>1.69</ChargeAmount>
			<TotalNetAmount>1.69</TotalNetAmount>
			<RouteDetails>
				<CountryCode>SV</CountryCode>
			</RouteDetails>
			<ServiceProviderDetails>
				<MemberCode>CO1</MemberCode>
				<NumericCustomerCode>0000004963</NumericCustomerCode>
				<ProductGroup>Voice Services</ProductGroup>
				<ProductName>Calling Card Services</ProductName>
				<ActivityDate>2017-01-01</ActivityDate>
				<StationCode>XXX</StationCode>
			</ServiceProviderDetails>
		</LineItemDetail>
		<InvoiceSummary>
			<LineItemCount>3</LineItemCount>
			<TotalLineItemAmount>1245.40</TotalLineItemAmount>
			<TotalVATAmount>49.87</TotalVATAmount>
			<TotalAmount>1295.27</TotalAmount>
			<LegalText>EU customers should note that amounts on which no</LegalText>
			<LegalText>EU VAT has been charged may be subject to the </LegalText>
			<LegalText>VAT reverse charge provisions arising from the place of supply </LegalText>
			<LegalText>rules of Article 56 of the EU VAT Directive</LegalText>
		</InvoiceSummary>
	</Invoice>
	<TransmissionSummary>
		<InvoiceCount>1</InvoiceCount>
		<TotalAmount CurrencyCode="USD">1295.27</TotalAmount>
		<TotalVATAmount CurrencyCode="USD">49.87</TotalVATAmount>
	</TransmissionSummary>
</InvoiceTransmission>
