<?xml version="1.0" encoding="us-ascii"?>
<InvoiceTransmission xsi:schemaLocation="http://www.IATA.com/IATAAviationInvoiceStandard http://www.iata.org/services/finance/sis/Documents/schemas/IATA_IS_XML_Invoice_Standard_VN.N.xsd" xmlns="http://www.IATA.com/IATAAviationInvoiceStandard" xmlns:xsi="http://www.w3.org/2001/XMLSchema-instance">
	<TransmissionHeader>
		<TransmissionDateTime>2017-02-01T01:02:48</TransmissionDateTime>
		<Version>IATA:ISXMLInvoiceVN.N</Version>
		<TransmissionID>07fa06dd-2864-4201-bb59-aaf94df4c74b</TransmissionID>
		<IssuingOrganizationID>A89</IssuingOrganizationID>
		<BillingCategory>Miscellaneous</BillingCategory>
	</TransmissionHeader>
	<Invoice>
		<InvoiceHeader>
			<InvoiceNumber>FINt005</InvoiceNumber>
			<InvoiceDate>2017-01-30</InvoiceDate>
			<InvoiceType>Invoice</InvoiceType>
			<LocationCode>YUL</LocationCode>
			<ChargeCategory>Finance</ChargeCategory>
			<SellerOrganization>
				<OrganizationID>A89</OrganizationID>
				<LocationID>Main</LocationID>
			</SellerOrganization>
			<BuyerOrganization>
				<OrganizationID>A55</OrganizationID>
				<LocationID>Main</LocationID>
			</BuyerOrganization>
			<PaymentTerms>
				<CurrencyCode>USD</CurrencyCode>
				<SettlementMonthPeriod>170104</SettlementMonthPeriod>
				<SettlementMethod>I</SettlementMethod>
			</PaymentTerms>
			<ISDetails>
				<DigitalSignatureFlag>D</DigitalSignatureFlag>
			</ISDetails>
			<Attachment>
				<AttachmentIndicatorOriginal>N</AttachmentIndicatorOriginal>
			</Attachment>
		</InvoiceHeader>
		<LineItem>
			<LineItemNumber>1</LineItemNumber>
			<ChargeCode>Misc</ChargeCode>
			<Description>Intercontinental Regency visit visa</Description>
			<StartDate>2017-01-28</StartDate>
			<EndDate>2017-01-29</EndDate>
			<Quantity UOMCode="EA">1.0000</Quantity>
			<UnitPrice SF="1">200.0000</UnitPrice>
			<ChargeAmount>200.00</ChargeAmount>
			<TotalNetAmount>200.00</TotalNetAmount>
		</LineItem>
		<LineItem>
			<LineItemNumber>2</LineItemNumber>
			<ChargeCode>Misc</ChargeCode>
			<Description>Intercontinental Regency visit visa # 1237890</Description>
			<StartDate>2017-01-28</StartDate>
			<EndDate>2017-01-29</EndDate>
			<Quantity UOMCode="EA">1.0000</Quantity>
			<UnitPrice SF="1">850.0000</UnitPrice>
			<ChargeAmount>850.00</ChargeAmount>
			<TotalNetAmount>850.00</TotalNetAmount>
		</LineItem>
		<LineItem>
			<LineItemNumber>3</LineItemNumber>
			<ChargeCode>Misc</ChargeCode>
			<Description>Intercontinental Regency visit visa #201000</Description>
			<StartDate>2017-01-28</StartDate>
			<EndDate>2017-01-29</EndDate>
			<Quantity UOMCode="EA">1.0000</Quantity>
			<UnitPrice SF="1">160.0000</UnitPrice>
			<ChargeAmount>160.00</ChargeAmount>
			<TotalNetAmount>160.00</TotalNetAmount>
		</LineItem>
		<LineItem>
			<LineItemNumber>4</LineItemNumber>
			<ChargeCode>Misc</ChargeCode>
			<Description>Intercontinental Regency visit visa #31890</Description>
			<StartDate>2017-01-28</StartDate>
			<EndDate>2017-01-29</EndDate>
			<Quantity UOMCode="EA">1.0000</Quantity>
			<UnitPrice SF="1">200.0000</UnitPrice>
			<ChargeAmount>200.00</ChargeAmount>
			<TotalNetAmount>200.00</TotalNetAmount>
		</LineItem>
		<InvoiceSummary>
			<LineItemCount>4</LineItemCount>
			<TotalLineItemAmount>1410.00</TotalLineItemAmount>
			<TotalAmount>1410.00</TotalAmount>
		</InvoiceSummary>
	</Invoice>
	<TransmissionSummary>
		<InvoiceCount>1</InvoiceCount>
		<TotalAmount CurrencyCode="USD">1410.00</TotalAmount>
	</TransmissionSummary>
</InvoiceTransmission>
