<?xml version="1.0" encoding="us-ascii"?>
<InvoiceTransmission xsi:schemaLocation="http://www.IATA.com/IATAAviationInvoiceStandard http://www.iata.org/services/finance/sis/Documents/schemas/IATA_IS_XML_Invoice_Standard_V3.9.xsd" xmlns="http://www.IATA.com/IATAAviationInvoiceStandard" xmlns:xsi="http://www.w3.org/2001/XMLSchema-instance">
	<TransmissionHeader>
		<TransmissionDateTime>2017-02-01T01:02:48</TransmissionDateTime>
		<Version>IATA:ISXMLInvoiceV3.9</Version>
		<TransmissionID>07fa06dd-2864-4201-bb59-aaf94df4c74b</TransmissionID>
		<IssuingOrganizationID>A89</IssuingOrganizationID>
		<BillingCategory>Miscellaneous</BillingCategory>
	</TransmissionHeader>
	<Invoice>
		<InvoiceHeader>
			<InvoiceNumber>ENGt004</InvoiceNumber>
			<InvoiceDate>2017-01-30</InvoiceDate>
			<InvoiceType>Invoice</InvoiceType>
			<LocationCode>YUL</LocationCode>
			<ChargeCategory>Engineering</ChargeCategory>
			<SellerOrganization>
				<OrganizationID>A89</OrganizationID>
				<LocationID>Main</LocationID>
			</SellerOrganization>
			<BuyerOrganization>
				<OrganizationID>A55</OrganizationID>
				<LocationID>Main</LocationID>
			</BuyerOrganization>
			<PaymentTerms>
				<CurrencyCode>USD</CurrencyCode>
				<SettlementMonthPeriod>170104</SettlementMonthPeriod>
				<SettlementMethod>I</SettlementMethod>
			</PaymentTerms>
			<ISDetails>
				<DigitalSignatureFlag>D</DigitalSignatureFlag>
			</ISDetails>
			<Attachment>
				<AttachmentIndicatorOriginal>N</AttachmentIndicatorOriginal>
			</Attachment>
		</InvoiceHeader>
		<LineItem>
			<LineItemNumber>1</LineItemNumber>
			<POLineItemNumber>12345</POLineItemNumber>
			<ChargeCode>Misc</ChargeCode>
			<Description>Spacer Bld Stg 1</Description>
			<StartDate>2017-01-28</StartDate>
			<EndDate>2017-01-29</EndDate>
			<Quantity UOMCode="EA">5.0000</Quantity>
			<UnitPrice SF="1">2500.0000</UnitPrice>
			<ChargeAmount>12500.00</ChargeAmount>
			<TotalNetAmount>12500.00</TotalNetAmount>
			<DetailCount>1</DetailCount>
		</LineItem>
		<LineItemDetail>
			<DetailNumber>1</DetailNumber>
			<LineItemNumber>1</LineItemNumber>
			<Description>Spacer Bld Stg 1</Description>
			<EndDate>2017-01-29</EndDate>
			<Quantity UOMCode="EA">5.0000</Quantity>
			<UnitPrice SF="1">2500.0000</UnitPrice>
			<ChargeAmount>12500.00</ChargeAmount>
			<TotalNetAmount>12500.00</TotalNetAmount>
			<ContractNo>Z7013</ContractNo>
			<AircraftDetails>
				<AircraftRegistrationNo>GBNLC</AircraftRegistrationNo>
				<AircraftTypeCode_ICAO>B744</AircraftTypeCode_ICAO>
				<EngineNo>45897</EngineNo>
				<PartNo>HY765-1256EF</PartNo>
			</AircraftDetails>
		</LineItemDetail>
		<InvoiceSummary>
			<LineItemCount>1</LineItemCount>
			<TotalLineItemAmount>12500.00</TotalLineItemAmount>
			<TotalAmount>12500.00</TotalAmount>
		</InvoiceSummary>
	</Invoice>
	<TransmissionSummary>
		<InvoiceCount>1</InvoiceCount>
		<TotalAmount CurrencyCode="USD">12500.00</TotalAmount>
	</TransmissionSummary>
</InvoiceTransmission>
