<?xml version="1.0" encoding="us-ascii"?>
<InvoiceTransmission xsi:schemaLocation="http://www.IATA.com/IATAAviationInvoiceStandard http://www.iata.org/services/finance/sis/Documents/schemas/IATA_IS_XML_Invoice_Standard_V3.9.xsd" xmlns="http://www.IATA.com/IATAAviationInvoiceStandard" xmlns:xsi="http://www.w3.org/2001/XMLSchema-instance">
	<TransmissionHeader>
		<TransmissionDateTime>2017-02-01T01:02:48</TransmissionDateTime>
		<Version>IATA:ISXMLInvoiceV3.9</Version>
		<TransmissionID>07fa06dd-2864-4201-bb59-aaf94df4c74b</TransmissionID>
		<IssuingOrganizationID>A89</IssuingOrganizationID>
		<BillingCategory>Miscellaneous</BillingCategory>
	</TransmissionHeader>
	<Invoice>
		<InvoiceHeader>
			<InvoiceNumber>ENGt006</InvoiceNumber>
			<InvoiceDate>2017-01-30</InvoiceDate>
			<InvoiceType>Invoice</InvoiceType>
			<LocationCode>YUL</LocationCode>
			<ChargeCategory>Engineering</ChargeCategory>
			<SellerOrganization>
				<OrganizationID>A89</OrganizationID>
				<LocationID>Main</LocationID>
			</SellerOrganization>
			<BuyerOrganization>
				<OrganizationID>A55</OrganizationID>
				<LocationID>Main</LocationID>
			</BuyerOrganization>
			<PaymentTerms>
				<CurrencyCode>USD</CurrencyCode>
				<SettlementMonthPeriod>170104</SettlementMonthPeriod>
				<SettlementMethod>I</SettlementMethod>
			</PaymentTerms>
			<ISDetails>
				<DigitalSignatureFlag>D</DigitalSignatureFlag>
			</ISDetails>
			<Attachment>
				<AttachmentIndicatorOriginal>N</AttachmentIndicatorOriginal>
			</Attachment>
		</InvoiceHeader>
		<LineItem>
			<LineItemNumber>1</LineItemNumber>
			<POLineItemNumber>12345</POLineItemNumber>
			<ChargeCode>MRO Repairs and Overhaul</ChargeCode>
			<Description>Fixed Labour Price for Single Component Maintenance. Vavle Assy Drain Water. P/N 9350022</Description>
			<StartDate>2017-01-28</StartDate>
			<EndDate>2017-01-29</EndDate>
			<Quantity UOMCode="EA">1.0000</Quantity>
			<UnitPrice SF="1">300.0000</UnitPrice>
			<ChargeAmount>300.00</ChargeAmount>
			<TotalNetAmount>300.00</TotalNetAmount>
			<DetailCount>1</DetailCount>
		</LineItem>
		<LineItem>
			<LineItemNumber>2</LineItemNumber>
			<POLineItemNumber>11234</POLineItemNumber>
			<ChargeCode>MRO Repairs and Overhaul</ChargeCode>
			<Description>Material Consumption for Single Component Maintenance. Vavle Assy Drain Water. P/N 9350022, S/N FRTR013AW</Description>
			<StartDate>2017-01-28</StartDate>
			<EndDate>2017-01-29</EndDate>
			<Quantity UOMCode="EA">1.0000</Quantity>
			<UnitPrice SF="1">900.0000</UnitPrice>
			<ChargeAmount>900.00</ChargeAmount>
			<TotalAddOnChargeAmount>180.00</TotalAddOnChargeAmount>
			<TotalNetAmount>1080.00</TotalNetAmount>
			<DetailCount>7</DetailCount>
		</LineItem>
		<LineItemDetail>
			<DetailNumber>1</DetailNumber>
			<LineItemNumber>1</LineItemNumber>
			<Description>Fixed Labour Price for Single Component Maintenance. Vavle Assy Drain Water. P/N 9350022</Description>
			<EndDate>2017-01-29</EndDate>
			<Quantity UOMCode="EA">1.0000</Quantity>
			<UnitPrice>300.0000</UnitPrice>
			<ChargeAmount>300.00</ChargeAmount>
			<TotalNetAmount>300.00</TotalNetAmount>
			<AircraftDetails>
				<AircraftRegistrationNo>DAIGS</AircraftRegistrationNo>
				<PartNo>9350022</PartNo>
			</AircraftDetails>
		</LineItemDetail>
		<LineItemDetail>
			<DetailNumber>1</DetailNumber>
			<LineItemNumber>2</LineItemNumber>
			<Description>Material Consumption- Diaphragm</Description>
			<EndDate>2017-01-29</EndDate>
			<Quantity UOMCode="EA">1.0000</Quantity>
			<UnitPrice>200.0000</UnitPrice>
			<ChargeAmount>200.00</ChargeAmount>
			<AddOnCharges>
				<AddOnChargeName>Handling</AddOnChargeName>
				<AddOnChargePercentage>20.00</AddOnChargePercentage>
				<AddOnChargeableAmount>200.00</AddOnChargeableAmount>
				<AddOnChargeAmount>40.00</AddOnChargeAmount>
			</AddOnCharges>
			<TotalNetAmount>240.00</TotalNetAmount>
			<AircraftDetails>
				<AircraftRegistrationNo>DAIGS</AircraftRegistrationNo>
				<PartNo>9350584</PartNo>
			</AircraftDetails>
		</LineItemDetail>
		<LineItemDetail>
			<DetailNumber>2</DetailNumber>
			<LineItemNumber>2</LineItemNumber>
			<Description>Material Consumption- Cover</Description>
			<EndDate>2017-01-29</EndDate>
			<Quantity UOMCode="EA">1.0000</Quantity>
			<UnitPrice>177.5000</UnitPrice>
			<ChargeAmount>177.50</ChargeAmount>
			<AddOnCharges>
				<AddOnChargeName>Handling</AddOnChargeName>
				<AddOnChargePercentage>20.00</AddOnChargePercentage>
				<AddOnChargeableAmount>177.50</AddOnChargeableAmount>
				<AddOnChargeAmount>35.50</AddOnChargeAmount>
			</AddOnCharges>
			<TotalNetAmount>213.00</TotalNetAmount>
			<AircraftDetails>
				<AircraftRegistrationNo>DAIGS</AircraftRegistrationNo>
				<PartNo>9350595</PartNo>
			</AircraftDetails>
		</LineItemDetail>
		<LineItemDetail>
			<DetailNumber>3</DetailNumber>
			<LineItemNumber>2</LineItemNumber>
			<Description>Material Consumption- Base Assembly</Description>
			<EndDate>2017-01-29</EndDate>
			<Quantity UOMCode="EA">1.0000</Quantity>
			<UnitPrice>520.0000</UnitPrice>
			<ChargeAmount>520.00</ChargeAmount>
			<AddOnCharges>
				<AddOnChargeName>Handling</AddOnChargeName>
				<AddOnChargePercentage>20.00</AddOnChargePercentage>
				<AddOnChargeableAmount>520.00</AddOnChargeableAmount>
				<AddOnChargeAmount>104.00</AddOnChargeAmount>
			</AddOnCharges>
			<TotalNetAmount>624.00</TotalNetAmount>
			<AircraftDetails>
				<AircraftRegistrationNo>DAIGS</AircraftRegistrationNo>
				<PartNo>9350598</PartNo>
			</AircraftDetails>
		</LineItemDetail>
		<LineItemDetail>
			<DetailNumber>4</DetailNumber>
			<LineItemNumber>2</LineItemNumber>
			<Description>Material Consumption-Packing</Description>
			<EndDate>2017-01-29</EndDate>
			<Quantity UOMCode="EA">1.0000</Quantity>
			<UnitPrice>0.0800</UnitPrice>
			<ChargeAmount>0.08</ChargeAmount>
			<AddOnCharges>
				<AddOnChargeName>Handling</AddOnChargeName>
				<AddOnChargePercentage>20.00</AddOnChargePercentage>
				<AddOnChargeableAmount>0.08</AddOnChargeableAmount>
				<AddOnChargeAmount>0.02</AddOnChargeAmount>
			</AddOnCharges>
			<TotalNetAmount>0.10</TotalNetAmount>
			<AircraftDetails>
				<AircraftRegistrationNo>DAIGS</AircraftRegistrationNo>
				<PartNo>AS3209-009</PartNo>
			</AircraftDetails>
		</LineItemDetail>
		<LineItemDetail>
			<DetailNumber>5</DetailNumber>
			<LineItemNumber>2</LineItemNumber>
			<Description>Material Consumption- Nut</Description>
			<EndDate>2017-01-29</EndDate>
			<Quantity UOMCode="HUN">0.0600</Quantity>
			<UnitPrice>12.0000</UnitPrice>
			<ChargeAmount>0.72</ChargeAmount>
			<AddOnCharges>
				<AddOnChargeName>Handling</AddOnChargeName>
				<AddOnChargePercentage>20.00</AddOnChargePercentage>
				<AddOnChargeableAmount>0.72</AddOnChargeableAmount>
				<AddOnChargeAmount>0.14</AddOnChargeAmount>
			</AddOnCharges>
			<TotalNetAmount>0.86</TotalNetAmount>
			<AircraftDetails>
				<AircraftRegistrationNo>DAIGS</AircraftRegistrationNo>
				<PartNo>BACN10YR3C</PartNo>
			</AircraftDetails>
		</LineItemDetail>
		<LineItemDetail>
			<DetailNumber>6</DetailNumber>
			<LineItemNumber>2</LineItemNumber>
			<Description>Material Consumption- Nut</Description>
			<EndDate>2017-01-29</EndDate>
			<Quantity UOMCode="HUN">0.0100</Quantity>
			<UnitPrice>22.0000</UnitPrice>
			<ChargeAmount>0.22</ChargeAmount>
			<AddOnCharges>
				<AddOnChargeName>Handling</AddOnChargeName>
				<AddOnChargePercentage>20.00</AddOnChargePercentage>
				<AddOnChargeableAmount>0.22</AddOnChargeableAmount>
				<AddOnChargeAmount>0.04</AddOnChargeAmount>
			</AddOnCharges>
			<TotalNetAmount>0.26</TotalNetAmount>
			<AircraftDetails>
				<AircraftRegistrationNo>DAIGS</AircraftRegistrationNo>
				<PartNo>BACN10YR4C</PartNo>
			</AircraftDetails>
		</LineItemDetail>
		<LineItemDetail>
			<DetailNumber>7</DetailNumber>
			<LineItemNumber>2</LineItemNumber>
			<Description>Material Consumption- O-Ring</Description>
			<EndDate>2017-01-29</EndDate>
			<Quantity UOMCode="EA">1.0000</Quantity>
			<UnitPrice>1.4800</UnitPrice>
			<ChargeAmount>1.48</ChargeAmount>
			<AddOnCharges>
				<AddOnChargeName>Handling</AddOnChargeName>
				<AddOnChargePercentage>20.00</AddOnChargePercentage>
				<AddOnChargeableAmount>1.48</AddOnChargeableAmount>
				<AddOnChargeAmount>0.30</AddOnChargeAmount>
			</AddOnCharges>
			<TotalNetAmount>1.78</TotalNetAmount>
			<AircraftDetails>
				<AircraftRegistrationNo>DAIGS</AircraftRegistrationNo>
				<PartNo>M83248/1-046</PartNo>
			</AircraftDetails>
		</LineItemDetail>
		<InvoiceSummary>
			<LineItemCount>2</LineItemCount>
			<TotalLineItemAmount>1200.00</TotalLineItemAmount>
			<Tax>
				<TaxType>VAT</TaxType>
				<TaxSubType>VAT</TaxSubType>
				<TaxCategory>Exempt</TaxCategory>
				<TaxText>Tax free according to 4 Nr: 2</TaxText>
				<TaxableAmount>1380.00</TaxableAmount>
			</Tax>
			<TotalAddOnChargeAmount>180.00</TotalAddOnChargeAmount>
			<TotalVATAmount>0</TotalVATAmount>
			<TotalAmount>1380.00</TotalAmount>
		</InvoiceSummary>
	</Invoice>
	<TransmissionSummary>
		<InvoiceCount>1</InvoiceCount>
		<TotalAmount CurrencyCode="USD">1380.00</TotalAmount>
		<TotalAddOnChargeAmount CurrencyCode="USD">180.00</TotalAddOnChargeAmount>
		<TotalVATAmount CurrencyCode="USD">0</TotalVATAmount>
	</TransmissionSummary>
</InvoiceTransmission>
