<?xml version="1.0" encoding="us-ascii"?>
<InvoiceTransmission xsi:schemaLocation="http://www.IATA.com/IATAAviationInvoiceStandard http://www.iata.org/services/finance/sis/Documents/schemas/IATA_IS_XML_Invoice_Standard_V3.9.xsd" xmlns="http://www.IATA.com/IATAAviationInvoiceStandard" xmlns:xsi="http://www.w3.org/2001/XMLSchema-instance">
	<TransmissionHeader>
		<TransmissionDateTime>2017-02-01T01:02:48</TransmissionDateTime>
		<Version>IATA:ISXMLInvoiceV3.9</Version>
		<TransmissionID>07fa06dd-2864-4201-bb59-aaf94df4c74b</TransmissionID>
		<IssuingOrganizationID>A89</IssuingOrganizationID>
		<BillingCategory>Miscellaneous</BillingCategory>
	</TransmissionHeader>
	<Invoice>
		<InvoiceHeader>
			<InvoiceNumber>ATCt002</InvoiceNumber>
			<InvoiceDate>2017-01-30</InvoiceDate>
			<InvoiceType>Invoice</InvoiceType>
			<LocationCode>YUL</LocationCode>
			<ChargeCategory>ATC</ChargeCategory>
			<SellerOrganization>
				<OrganizationID>A89</OrganizationID>
				<LocationID>Main</LocationID>
			</SellerOrganization>
			<BuyerOrganization>
				<OrganizationID>A55</OrganizationID>
				<LocationID>Main</LocationID>
			</BuyerOrganization>
			<PaymentTerms>
				<CurrencyCode>USD</CurrencyCode>
				<SettlementMonthPeriod>170104</SettlementMonthPeriod>
				<SettlementMethod>I</SettlementMethod>
			</PaymentTerms>
			<ISDetails>
				<DigitalSignatureFlag>D</DigitalSignatureFlag>
			</ISDetails>
			<Attachment>
				<AttachmentIndicatorOriginal>N</AttachmentIndicatorOriginal>
			</Attachment>
		</InvoiceHeader>
		<LineItem>
			<LineItemNumber>1</LineItemNumber>
			<ChargeCode>Communication</ChargeCode>
			<Description>ATC Communicational Charges 28 29 Jan</Description>
			<StartDate>2017-01-28</StartDate>
			<EndDate>2017-01-29</EndDate>
			<Quantity UOMCode="EA">2</Quantity>
			<UnitPrice SF="1">450.000</UnitPrice>
			<ChargeAmount>900.000</ChargeAmount>
			<TotalNetAmount>900.000</TotalNetAmount>
			<DetailCount>2</DetailCount>
		</LineItem>
		<LineItemDetail>
			<DetailNumber>1</DetailNumber>
			<LineItemNumber>1</LineItemNumber>
			<Description>ATC Charge - Communication 1</Description>
			<EndDate>2017-01-28</EndDate>
			<Quantity UOMCode="EA">1</Quantity>
			<UnitPrice SF="1">450.000</UnitPrice>
			<ChargeAmount>450.000</ChargeAmount>
			<TotalNetAmount>450.000</TotalNetAmount>
			<AircraftDetails>
				<AircraftRegistrationNo>CFAAA</AircraftRegistrationNo>
				<AircraftTypeCode_ICAO>A319</AircraftTypeCode_ICAO>
			</AircraftDetails>
			<FlightDetails>
				<FlightNo>AB323</FlightNo>
				<FlightDateTime>2017-01-28T03:45:18</FlightDateTime>
			</FlightDetails>
			<RouteDetails>
				<LocationCode_ICAO Type="Origin">CYUL</LocationCode_ICAO>
				<WaypointCode Type="Intermediate">GHFG</WaypointCode>
				<FlightInformationRegion>GHF</FlightInformationRegion>
				<RouteDateTime Type="Intermediate">2017-01-28T02:20:17</RouteDateTime>
				<AirspaceCorridorCode>SXC</AirspaceCorridorCode>
			</RouteDetails>
		</LineItemDetail>
		<LineItemDetail>
			<DetailNumber>2</DetailNumber>
			<LineItemNumber>1</LineItemNumber>
			<Description>ATC Charge - Communication 2</Description>
			<EndDate>2017-01-29</EndDate>
			<Quantity UOMCode="EA">1</Quantity>
			<UnitPrice SF="1">450.000</UnitPrice>
			<ChargeAmount>450.000</ChargeAmount>
			<TotalNetAmount>450.000</TotalNetAmount>
			<AircraftDetails>
				<AircraftRegistrationNo>CFAAA</AircraftRegistrationNo>
				<AircraftTypeCode_ICAO>A319</AircraftTypeCode_ICAO>
			</AircraftDetails>
			<FlightDetails>
				<FlightNo>AB323</FlightNo>
				<FlightDateTime>2017-01-29T03:45:18</FlightDateTime>
			</FlightDetails>
			<RouteDetails>
				<LocationCode_ICAO Type="Origin">CYUL</LocationCode_ICAO>
				<WaypointCode Type="Intermediate">GHFG</WaypointCode>
				<FlightInformationRegion>GHF</FlightInformationRegion>
				<RouteDateTime Type="Intermediate">2017-01-29T02:20:17</RouteDateTime>
				<AirspaceCorridorCode>SXC</AirspaceCorridorCode>
			</RouteDetails>
		</LineItemDetail>
		<InvoiceSummary>
			<LineItemCount>1</LineItemCount>
			<TotalLineItemAmount>900.000</TotalLineItemAmount>
			<TotalAmount>900.000</TotalAmount>
		</InvoiceSummary>
	</Invoice>
	<TransmissionSummary>
		<InvoiceCount>1</InvoiceCount>
		<TotalAmount CurrencyCode="USD">900.000</TotalAmount>
	</TransmissionSummary>
</InvoiceTransmission>
