<?xml version="1.0" encoding="us-ascii"?>
<InvoiceTransmission xsi:schemaLocation="http://www.IATA.com/IATAAviationInvoiceStandard http://www.iata.org/services/finance/sis/Documents/schemas/IATA_IS_XML_Invoice_Standard_V3.9.xsd" xmlns="http://www.IATA.com/IATAAviationInvoiceStandard" xmlns:xsi="http://www.w3.org/2001/XMLSchema-instance">
	<TransmissionHeader>
		<TransmissionDateTime>2017-02-01T01:02:48</TransmissionDateTime>
		<Version>IATA:ISXMLInvoiceV3.9</Version>
		<TransmissionID>07fa06dd-2864-4201-bb59-aaf94df4c74b</TransmissionID>
		<IssuingOrganizationID>A89</IssuingOrganizationID>
		<BillingCategory>Miscellaneous</BillingCategory>
	</TransmissionHeader>
	<Invoice>
		<InvoiceHeader>
			<InvoiceNumber>ATCt001</InvoiceNumber>
			<InvoiceDate>2017-01-30</InvoiceDate>
			<InvoiceType>Invoice</InvoiceType>
			<LocationCode>YUL</LocationCode>
			<ChargeCategory>ATC</ChargeCategory>
			<SellerOrganization>
				<OrganizationID>A89</OrganizationID>
				<LocationID>Main</LocationID>
			</SellerOrganization>
			<BuyerOrganization>
				<OrganizationID>A55</OrganizationID>
				<LocationID>Main</LocationID>
			</BuyerOrganization>
			<PaymentTerms>
				<CurrencyCode>USD</CurrencyCode>
				<SettlementMonthPeriod>170104</SettlementMonthPeriod>
				<SettlementMethod>I</SettlementMethod>
			</PaymentTerms>
			<ISDetails>
				<DigitalSignatureFlag>D</DigitalSignatureFlag>
			</ISDetails>
			<Attachment>
				<AttachmentIndicatorOriginal>N</AttachmentIndicatorOriginal>
			</Attachment>
		</InvoiceHeader>
		<LineItem>
			<LineItemNumber>1</LineItemNumber>
			<ChargeCode>Approach</ChargeCode>
			<Description>Terminal Charges</Description>
			<StartDate>2017-01-27</StartDate>
			<EndDate>2017-01-29</EndDate>
			<Quantity UOMCode="EA">2</Quantity>
			<UnitPrice SF="1">450.000</UnitPrice>
			<ChargeAmount>900.000</ChargeAmount>
			<TotalNetAmount>900.000</TotalNetAmount>
			<DetailCount>2</DetailCount>
		</LineItem>
		<LineItemDetail>
			<DetailNumber>1</DetailNumber>
			<LineItemNumber>1</LineItemNumber>
			<Description>Terminal Charges</Description>
			<EndDate>2017-01-27</EndDate>
			<Quantity UOMCode="EA">1</Quantity>
			<UnitPrice SF="1">450.000</UnitPrice>
			<ChargeAmount>450.000</ChargeAmount>
			<TotalNetAmount>450.000</TotalNetAmount>
			<AircraftDetails>
				<AircraftRegistrationNo>CFAAA</AircraftRegistrationNo>
				<MaxTakeOffWeight UOMCode="TO">69</MaxTakeOffWeight>
				<WeightFactor>0.0000</WeightFactor>
				<AircraftTypeCode_ICAO>A319</AircraftTypeCode_ICAO>
			</AircraftDetails>
			<FlightDetails>
				<FlightNo>AB323</FlightNo>
				<FlightDateTime>2017-01-27T03:45:18</FlightDateTime>
			</FlightDetails>
			<RouteDetails>
				<LocationCode_ICAO Type="Origin">CYUL</LocationCode_ICAO>
				<FlightInformationRegion>ABC</FlightInformationRegion>
				<UTCOffset>3</UTCOffset>
				<Distance UOMCode="NMI">200</Distance>
				<AirspaceCorridorCode>AB123</AirspaceCorridorCode>
			</RouteDetails>
		</LineItemDetail>
		<LineItemDetail>
			<DetailNumber>2</DetailNumber>
			<LineItemNumber>1</LineItemNumber>
			<Description>Terminal Charges</Description>
			<EndDate>2017-01-29</EndDate>
			<Quantity UOMCode="EA">1</Quantity>
			<UnitPrice SF="1">450.000</UnitPrice>
			<ChargeAmount>450.000</ChargeAmount>
			<TotalNetAmount>450.000</TotalNetAmount>
			<AircraftDetails>
				<AircraftRegistrationNo>CFAAA</AircraftRegistrationNo>
				<MaxTakeOffWeight UOMCode="TO">69</MaxTakeOffWeight>
				<WeightFactor>0.0000</WeightFactor>
				<AircraftTypeCode_ICAO>A319</AircraftTypeCode_ICAO>
			</AircraftDetails>
			<FlightDetails>
				<FlightNo>AB325</FlightNo>
				<FlightDateTime>2017-01-29T03:45:18</FlightDateTime>
			</FlightDetails>
			<RouteDetails>
				<LocationCode_ICAO Type="Origin">CYUL</LocationCode_ICAO>
				<FlightInformationRegion>ABC</FlightInformationRegion>
				<UTCOffset>3</UTCOffset>
				<Distance UOMCode="NMI">200</Distance>
				<AirspaceCorridorCode>AB123</AirspaceCorridorCode>
			</RouteDetails>
			<SettlementDetails>
				<LocalCurrencyCode>USD</LocalCurrencyCode>
				<ExchangeRate>0.00000</ExchangeRate>
				<Amount Name="Outstanding">900.000</Amount>
			</SettlementDetails>
		</LineItemDetail>
		<InvoiceSummary>
			<LineItemCount>1</LineItemCount>
			<TotalLineItemAmount>900.000</TotalLineItemAmount>
			<TotalAmount>900.000</TotalAmount>
		</InvoiceSummary>
	</Invoice>
	<TransmissionSummary>
		<InvoiceCount>1</InvoiceCount>
		<TotalAmount CurrencyCode="USD">900.000</TotalAmount>
	</TransmissionSummary>
</InvoiceTransmission>
