<?xml version="1.0" encoding="us-ascii"?>
<InvoiceTransmission xsi:schemaLocation="http://www.IATA.com/IATAAviationInvoiceStandard http://www.iata.org/services/finance/sis/Documents/schemas/IATA_IS_XML_Invoice_Standard_VN.N.xsd" xmlns="http://www.IATA.com/IATAAviationInvoiceStandard" xmlns:xsi="http://www.w3.org/2001/XMLSchema-instance">
	<TransmissionHeader>
		<TransmissionDateTime>2017-02-01T01:02:48</TransmissionDateTime>
		<Version>IATA:ISXMLInvoiceVN.N</Version>
		<TransmissionID>07fa06dd-2864-4201-bb59-aaf94df4c74b</TransmissionID>
		<IssuingOrganizationID>A89</IssuingOrganizationID>
		<BillingCategory>Miscellaneous</BillingCategory>
	</TransmissionHeader>
	<Invoice>
		<InvoiceHeader>
			<InvoiceNumber>ENGt001</InvoiceNumber>
			<InvoiceDate>2017-01-30</InvoiceDate>
			<InvoiceType>Invoice</InvoiceType>
			<LocationCode>YUL</LocationCode>
			<ChargeCategory>Engineering</ChargeCategory>
			<SellerOrganization>
				<OrganizationID>A89</OrganizationID>
				<LocationID>Main</LocationID>
			</SellerOrganization>
			<BuyerOrganization>
				<OrganizationID>A55</OrganizationID>
				<LocationID>Main</LocationID>
			</BuyerOrganization>
			<PaymentTerms>
				<CurrencyCode>USD</CurrencyCode>
				<SettlementMonthPeriod>170104</SettlementMonthPeriod>
				<SettlementMethod>I</SettlementMethod>
			</PaymentTerms>
			<ISDetails>
				<DigitalSignatureFlag>D</DigitalSignatureFlag>
			</ISDetails>
			<Attachment>
				<AttachmentIndicatorOriginal>N</AttachmentIndicatorOriginal>
			</Attachment>
		</InvoiceHeader>
		<LineItem>
			<LineItemNumber>1</LineItemNumber>
			<ChargeCode>Handling LM</ChargeCode>
			<Description>Routine Transit Check - Total Flights</Description>
			<StartDate>2017-01-28</StartDate>
			<EndDate>2017-01-29</EndDate>
			<Quantity UOMCode="EA">15.0000</Quantity>
			<UnitPrice SF="1">500.0000</UnitPrice>
			<ChargeAmount>7500.00</ChargeAmount>
			<TotalNetAmount>7500.00</TotalNetAmount>
			<DetailCount>15</DetailCount>
		</LineItem>
		<LineItem>
			<LineItemNumber>2</LineItemNumber>
			<ChargeCode>Handling LM</ChargeCode>
			<Description>Extra Labour-Engineer for JCS Serial #  75132</Description>
			<StartDate>2017-01-28</StartDate>
			<EndDate>2017-01-29</EndDate>
			<Quantity UOMCode="EA">2.0000</Quantity>
			<UnitPrice SF="1">100.0000</UnitPrice>
			<ChargeAmount>200.00</ChargeAmount>
			<TotalNetAmount>200.00</TotalNetAmount>
			<DetailCount>1</DetailCount>
		</LineItem>
		<LineItem>
			<LineItemNumber>3</LineItemNumber>
			<ChargeCode>Handling LM</ChargeCode>
			<Description>Extra Labour-Fiiter for JCS Serial #  75132</Description>
			<StartDate>2017-01-28</StartDate>
			<EndDate>2017-01-29</EndDate>
			<Quantity UOMCode="EA">2.0000</Quantity>
			<UnitPrice SF="1">55.0000</UnitPrice>
			<ChargeAmount>110.00</ChargeAmount>
			<TotalNetAmount>110.00</TotalNetAmount>
			<DetailCount>1</DetailCount>
		</LineItem>
		<LineItem>
			<LineItemNumber>4</LineItemNumber>
			<ChargeCode>Handling LM</ChargeCode>
			<Description>Extra Material for JCS Serial #  75140 - GE4557 T/Off Lights</Description>
			<StartDate>2017-01-28</StartDate>
			<EndDate>2017-01-29</EndDate>
			<Quantity UOMCode="EA">1.0000</Quantity>
			<UnitPrice SF="1">60.0000</UnitPrice>
			<ChargeAmount>60.00</ChargeAmount>
			<TotalNetAmount>60.00</TotalNetAmount>
			<DetailCount>1</DetailCount>
		</LineItem>
		<LineItem>
			<LineItemNumber>5</LineItemNumber>
			<ChargeCode>Handling LM</ChargeCode>
			<Description>Storage Charges for JCS Serial #  70520</Description>
			<StartDate>2017-01-28</StartDate>
			<EndDate>2017-01-29</EndDate>
			<Quantity UOMCode="MTK">4.0000</Quantity>
			<UnitPrice SF="1">45.0000</UnitPrice>
			<ChargeAmount>180.00</ChargeAmount>
			<TotalNetAmount>180.00</TotalNetAmount>
			<DetailCount>1</DetailCount>
		</LineItem>
		<LineItemDetail>
			<DetailNumber>1</DetailNumber>
			<LineItemNumber>1</LineItemNumber>
			<Description>Technical Charges for JCS Serial # 75128</Description>
			<EndDate>2017-01-29</EndDate>
			<Quantity UOMCode="EA">1.0000</Quantity>
			<UnitPrice>500.0000</UnitPrice>
			<ChargeAmount>500.00</ChargeAmount>
			<TotalNetAmount>500.00</TotalNetAmount>
			<ReferenceNo Name="Your Reference">Sample123</ReferenceNo>
			<AircraftDetails>
				<AircraftRegistrationNo>PHAOK</AircraftRegistrationNo>
				<AircraftTypeCode_ICAO>A320</AircraftTypeCode_ICAO>
			</AircraftDetails>
			<FlightDetails>
				<FlightNo>ZZ459</FlightNo>
				<FlightDateTime>2017-01-29T05:18:24</FlightDateTime>
			</FlightDetails>
		</LineItemDetail>
		<LineItemDetail>
			<DetailNumber>2</DetailNumber>
			<LineItemNumber>1</LineItemNumber>
			<Description>Technical Charges for JCS Serial # 75129</Description>
			<EndDate>2017-01-29</EndDate>
			<Quantity UOMCode="EA">1.0000</Quantity>
			<UnitPrice>500.0000</UnitPrice>
			<ChargeAmount>500.00</ChargeAmount>
			<TotalNetAmount>500.00</TotalNetAmount>
			<ReferenceNo Name="Your Reference">Sample123</ReferenceNo>
			<AircraftDetails>
				<AircraftRegistrationNo>PHAOK</AircraftRegistrationNo>
				<AircraftTypeCode_ICAO>A320</AircraftTypeCode_ICAO>
			</AircraftDetails>
			<FlightDetails>
				<FlightNo>ZZ460</FlightNo>
				<FlightDateTime>2017-01-29T05:18:24</FlightDateTime>
			</FlightDetails>
		</LineItemDetail>
		<LineItemDetail>
			<DetailNumber>3</DetailNumber>
			<LineItemNumber>1</LineItemNumber>
			<Description>Technical Charges for JCS Serial # 75130</Description>
			<EndDate>2017-01-29</EndDate>
			<Quantity UOMCode="EA">1.0000</Quantity>
			<UnitPrice>500.0000</UnitPrice>
			<ChargeAmount>500.00</ChargeAmount>
			<TotalNetAmount>500.00</TotalNetAmount>
			<ReferenceNo Name="Your Reference">Sample123</ReferenceNo>
			<AircraftDetails>
				<AircraftRegistrationNo>PHAOE</AircraftRegistrationNo>
				<AircraftTypeCode_ICAO>A320</AircraftTypeCode_ICAO>
			</AircraftDetails>
			<FlightDetails>
				<FlightNo>ZZ460</FlightNo>
				<FlightDateTime>2017-01-29T05:18:24</FlightDateTime>
			</FlightDetails>
		</LineItemDetail>
		<LineItemDetail>
			<DetailNumber>4</DetailNumber>
			<LineItemNumber>1</LineItemNumber>
			<Description>Technical Charges for JCS Serial # 75131</Description>
			<EndDate>2017-01-29</EndDate>
			<Quantity UOMCode="EA">1.0000</Quantity>
			<UnitPrice>500.0000</UnitPrice>
			<ChargeAmount>500.00</ChargeAmount>
			<TotalNetAmount>500.00</TotalNetAmount>
			<ReferenceNo Name="Your Reference">Sample123</ReferenceNo>
			<AircraftDetails>
				<AircraftRegistrationNo>PHAOE</AircraftRegistrationNo>
				<AircraftTypeCode_ICAO>A320</AircraftTypeCode_ICAO>
			</AircraftDetails>
			<FlightDetails>
				<FlightNo>ZZ459</FlightNo>
				<FlightDateTime>2017-01-29T05:18:24</FlightDateTime>
			</FlightDetails>
		</LineItemDetail>
		<LineItemDetail>
			<DetailNumber>5</DetailNumber>
			<LineItemNumber>1</LineItemNumber>
			<Description>Technical Charges for JCS Serial # 75132</Description>
			<EndDate>2017-01-29</EndDate>
			<Quantity UOMCode="EA">1.0000</Quantity>
			<UnitPrice>500.0000</UnitPrice>
			<ChargeAmount>500.00</ChargeAmount>
			<TotalNetAmount>500.00</TotalNetAmount>
			<ReferenceNo Name="Your Reference">Sample123</ReferenceNo>
			<AircraftDetails>
				<AircraftRegistrationNo>PHAOF</AircraftRegistrationNo>
				<AircraftTypeCode_ICAO>A320</AircraftTypeCode_ICAO>
			</AircraftDetails>
			<FlightDetails>
				<FlightNo>ZZ459</FlightNo>
				<FlightDateTime>2017-01-29T05:18:24</FlightDateTime>
			</FlightDetails>
		</LineItemDetail>
		<LineItemDetail>
			<DetailNumber>6</DetailNumber>
			<LineItemNumber>1</LineItemNumber>
			<Description>Technical Charges for JCS Serial # 75133</Description>
			<EndDate>2017-01-29</EndDate>
			<Quantity UOMCode="EA">1.0000</Quantity>
			<UnitPrice>500.0000</UnitPrice>
			<ChargeAmount>500.00</ChargeAmount>
			<TotalNetAmount>500.00</TotalNetAmount>
			<ReferenceNo Name="Your Reference">Sample123</ReferenceNo>
			<AircraftDetails>
				<AircraftRegistrationNo>PHAOF</AircraftRegistrationNo>
				<AircraftTypeCode_ICAO>A320</AircraftTypeCode_ICAO>
			</AircraftDetails>
			<FlightDetails>
				<FlightNo>ZZ460</FlightNo>
				<FlightDateTime>2017-01-29T05:18:24</FlightDateTime>
			</FlightDetails>
		</LineItemDetail>
		<LineItemDetail>
			<DetailNumber>7</DetailNumber>
			<LineItemNumber>1</LineItemNumber>
			<Description>Technical Charges for JCS Serial # 75134</Description>
			<EndDate>2017-01-29</EndDate>
			<Quantity UOMCode="EA">1.0000</Quantity>
			<UnitPrice>500.0000</UnitPrice>
			<ChargeAmount>500.00</ChargeAmount>
			<TotalNetAmount>500.00</TotalNetAmount>
			<ReferenceNo Name="Your Reference">Sample123</ReferenceNo>
			<AircraftDetails>
				<AircraftRegistrationNo>PHAOK</AircraftRegistrationNo>
				<AircraftTypeCode_ICAO>A320</AircraftTypeCode_ICAO>
			</AircraftDetails>
			<FlightDetails>
				<FlightNo>ZZ459</FlightNo>
				<FlightDateTime>2017-01-29T05:18:24</FlightDateTime>
			</FlightDetails>
		</LineItemDetail>
		<LineItemDetail>
			<DetailNumber>8</DetailNumber>
			<LineItemNumber>1</LineItemNumber>
			<Description>Technical Charges for JCS Serial # 75135</Description>
			<EndDate>2017-01-29</EndDate>
			<Quantity UOMCode="EA">1.0000</Quantity>
			<UnitPrice>500.0000</UnitPrice>
			<ChargeAmount>500.00</ChargeAmount>
			<TotalNetAmount>500.00</TotalNetAmount>
			<ReferenceNo Name="Your Reference">Sample123</ReferenceNo>
			<AircraftDetails>
				<AircraftRegistrationNo>PHAOK</AircraftRegistrationNo>
				<AircraftTypeCode_ICAO>A320</AircraftTypeCode_ICAO>
			</AircraftDetails>
			<FlightDetails>
				<FlightNo>ZZ460</FlightNo>
				<FlightDateTime>2017-01-29T05:18:24</FlightDateTime>
			</FlightDetails>
		</LineItemDetail>
		<LineItemDetail>
			<DetailNumber>9</DetailNumber>
			<LineItemNumber>1</LineItemNumber>
			<Description>Technical Charges for JCS Serial # 75136</Description>
			<EndDate>2017-01-29</EndDate>
			<Quantity UOMCode="EA">1.0000</Quantity>
			<UnitPrice>500.0000</UnitPrice>
			<ChargeAmount>500.00</ChargeAmount>
			<TotalNetAmount>500.00</TotalNetAmount>
			<ReferenceNo Name="Your Reference">Sample123</ReferenceNo>
			<AircraftDetails>
				<AircraftRegistrationNo>PHAOC</AircraftRegistrationNo>
				<AircraftTypeCode_ICAO>A320</AircraftTypeCode_ICAO>
			</AircraftDetails>
			<FlightDetails>
				<FlightNo>ZZ459</FlightNo>
				<FlightDateTime>2017-01-29T05:18:24</FlightDateTime>
			</FlightDetails>
		</LineItemDetail>
		<LineItemDetail>
			<DetailNumber>10</DetailNumber>
			<LineItemNumber>1</LineItemNumber>
			<Description>Technical Charges for JCS Serial # 75138</Description>
			<EndDate>2017-01-29</EndDate>
			<Quantity UOMCode="EA">1.0000</Quantity>
			<UnitPrice>500.0000</UnitPrice>
			<ChargeAmount>500.00</ChargeAmount>
			<TotalNetAmount>500.00</TotalNetAmount>
			<ReferenceNo Name="Your Reference">Sample123</ReferenceNo>
			<AircraftDetails>
				<AircraftRegistrationNo>PHAOE</AircraftRegistrationNo>
				<AircraftTypeCode_ICAO>A320</AircraftTypeCode_ICAO>
			</AircraftDetails>
			<FlightDetails>
				<FlightNo>ZZ459</FlightNo>
				<FlightDateTime>2017-01-29T05:18:24</FlightDateTime>
			</FlightDetails>
		</LineItemDetail>
		<LineItemDetail>
			<DetailNumber>11</DetailNumber>
			<LineItemNumber>1</LineItemNumber>
			<Description>Technical Charges for JCS Serial # 75139</Description>
			<EndDate>2017-01-29</EndDate>
			<Quantity UOMCode="EA">1.0000</Quantity>
			<UnitPrice>500.0000</UnitPrice>
			<ChargeAmount>500.00</ChargeAmount>
			<TotalNetAmount>500.00</TotalNetAmount>
			<ReferenceNo Name="Your Reference">Sample123</ReferenceNo>
			<AircraftDetails>
				<AircraftRegistrationNo>PHAOE</AircraftRegistrationNo>
				<AircraftTypeCode_ICAO>A320</AircraftTypeCode_ICAO>
			</AircraftDetails>
			<FlightDetails>
				<FlightNo>ZZ460</FlightNo>
				<FlightDateTime>2017-01-29T05:18:24</FlightDateTime>
			</FlightDetails>
		</LineItemDetail>
		<LineItemDetail>
			<DetailNumber>12</DetailNumber>
			<LineItemNumber>1</LineItemNumber>
			<Description>Technical Charges for JCS Serial # 75140</Description>
			<EndDate>2017-01-29</EndDate>
			<Quantity UOMCode="EA">1.0000</Quantity>
			<UnitPrice>500.0000</UnitPrice>
			<ChargeAmount>500.00</ChargeAmount>
			<TotalNetAmount>500.00</TotalNetAmount>
			<ReferenceNo Name="Your Reference">Sample123</ReferenceNo>
			<AircraftDetails>
				<AircraftRegistrationNo>PHAOE</AircraftRegistrationNo>
				<AircraftTypeCode_ICAO>A320</AircraftTypeCode_ICAO>
			</AircraftDetails>
			<FlightDetails>
				<FlightNo>ZZ459</FlightNo>
				<FlightDateTime>2017-01-29T05:18:24</FlightDateTime>
			</FlightDetails>
		</LineItemDetail>
		<LineItemDetail>
			<DetailNumber>13</DetailNumber>
			<LineItemNumber>1</LineItemNumber>
			<Description>Technical Charges for JCS Serial # 75137</Description>
			<EndDate>2017-01-29</EndDate>
			<Quantity UOMCode="EA">1.0000</Quantity>
			<UnitPrice>500.0000</UnitPrice>
			<ChargeAmount>500.00</ChargeAmount>
			<TotalNetAmount>500.00</TotalNetAmount>
			<ReferenceNo Name="Your Reference">Sample123</ReferenceNo>
			<AircraftDetails>
				<AircraftRegistrationNo>PHAOE</AircraftRegistrationNo>
				<AircraftTypeCode_ICAO>A320</AircraftTypeCode_ICAO>
			</AircraftDetails>
			<FlightDetails>
				<FlightNo>ZZ460</FlightNo>
				<FlightDateTime>2017-01-29T05:18:24</FlightDateTime>
			</FlightDetails>
		</LineItemDetail>
		<LineItemDetail>
			<DetailNumber>14</DetailNumber>
			<LineItemNumber>1</LineItemNumber>
			<Description>Technical Charges for JCS Serial # 75141</Description>
			<EndDate>2017-01-29</EndDate>
			<Quantity UOMCode="EA">1.0000</Quantity>
			<UnitPrice>500.0000</UnitPrice>
			<ChargeAmount>500.00</ChargeAmount>
			<TotalNetAmount>500.00</TotalNetAmount>
			<ReferenceNo Name="Your Reference">Sample123</ReferenceNo>
			<AircraftDetails>
				<AircraftRegistrationNo>PHAOF</AircraftRegistrationNo>
				<AircraftTypeCode_ICAO>A320</AircraftTypeCode_ICAO>
			</AircraftDetails>
			<FlightDetails>
				<FlightNo>ZZ459</FlightNo>
				<FlightDateTime>2017-01-29T05:18:24</FlightDateTime>
			</FlightDetails>
		</LineItemDetail>
		<LineItemDetail>
			<DetailNumber>15</DetailNumber>
			<LineItemNumber>1</LineItemNumber>
			<Description>Technical Charges for JCS Serial # 75142</Description>
			<EndDate>2017-01-29</EndDate>
			<Quantity UOMCode="EA">1.0000</Quantity>
			<UnitPrice>500.0000</UnitPrice>
			<ChargeAmount>500.00</ChargeAmount>
			<TotalNetAmount>500.00</TotalNetAmount>
			<ReferenceNo Name="Your Reference">Sample123</ReferenceNo>
			<AircraftDetails>
				<AircraftRegistrationNo>PHAOF</AircraftRegistrationNo>
				<AircraftTypeCode_ICAO>A320</AircraftTypeCode_ICAO>
			</AircraftDetails>
			<FlightDetails>
				<FlightNo>ZZ460</FlightNo>
				<FlightDateTime>2017-01-29T05:18:24</FlightDateTime>
			</FlightDetails>
		</LineItemDetail>
		<LineItemDetail>
			<DetailNumber>1</DetailNumber>
			<LineItemNumber>2</LineItemNumber>
			<Description>Extra Labour-Engineer for JCS Serial #  75132</Description>
			<EndDate>2017-01-29</EndDate>
			<Quantity UOMCode="EA">2.0000</Quantity>
			<UnitPrice>100.0000</UnitPrice>
			<ChargeAmount>200.00</ChargeAmount>
			<TotalNetAmount>200.00</TotalNetAmount>
			<ReferenceNo Name="Your Reference">Sample123</ReferenceNo>
			<AircraftDetails>
				<AircraftRegistrationNo>PHAOF</AircraftRegistrationNo>
				<AircraftTypeCode_ICAO>A320</AircraftTypeCode_ICAO>
			</AircraftDetails>
			<FlightDetails>
				<FlightNo>ZZ459</FlightNo>
				<FlightDateTime>2017-01-29T05:18:24</FlightDateTime>
			</FlightDetails>
		</LineItemDetail>
		<LineItemDetail>
			<DetailNumber>1</DetailNumber>
			<LineItemNumber>3</LineItemNumber>
			<Description>Extra Labour-Fiiter for JCS Serial #  75132</Description>
			<EndDate>2017-01-29</EndDate>
			<Quantity UOMCode="EA">2.0000</Quantity>
			<UnitPrice>55.0000</UnitPrice>
			<ChargeAmount>110.00</ChargeAmount>
			<TotalNetAmount>110.00</TotalNetAmount>
			<ReferenceNo Name="Your Reference">Sample123</ReferenceNo>
			<AircraftDetails>
				<AircraftRegistrationNo>PHAOF</AircraftRegistrationNo>
				<AircraftTypeCode_ICAO>A320</AircraftTypeCode_ICAO>
			</AircraftDetails>
			<FlightDetails>
				<FlightNo>ZZ459</FlightNo>
				<FlightDateTime>2017-01-29T05:18:24</FlightDateTime>
			</FlightDetails>
		</LineItemDetail>
		<LineItemDetail>
			<DetailNumber>1</DetailNumber>
			<LineItemNumber>4</LineItemNumber>
			<Description>Extra Material for JCS Serial #  75140 - GE4557 T/Off Lights</Description>
			<EndDate>2017-01-29</EndDate>
			<Quantity UOMCode="EA">1.0000</Quantity>
			<UnitPrice>60.0000</UnitPrice>
			<ChargeAmount>60.00</ChargeAmount>
			<TotalNetAmount>60.00</TotalNetAmount>
			<ReferenceNo Name="Your Reference">Sample123</ReferenceNo>
			<AircraftDetails>
				<AircraftRegistrationNo>PHAOF</AircraftRegistrationNo>
				<AircraftTypeCode_ICAO>A320</AircraftTypeCode_ICAO>
			</AircraftDetails>
			<FlightDetails>
				<FlightNo>ZZ459</FlightNo>
				<FlightDateTime>2017-01-29T05:18:24</FlightDateTime>
			</FlightDetails>
		</LineItemDetail>
		<LineItemDetail>
			<DetailNumber>1</DetailNumber>
			<LineItemNumber>5</LineItemNumber>
			<Description>Storage Charges for JCS Serial #  70520</Description>
			<EndDate>2017-01-29</EndDate>
			<Quantity UOMCode="MTK">4.0000</Quantity>
			<UnitPrice>45.0000</UnitPrice>
			<ChargeAmount>180.00</ChargeAmount>
			<TotalNetAmount>180.00</TotalNetAmount>
			<ReferenceNo Name="Your Reference">Sample123</ReferenceNo>
			<AircraftDetails>
				<AircraftRegistrationNo>PHAOF</AircraftRegistrationNo>
				<AircraftTypeCode_ICAO>A320</AircraftTypeCode_ICAO>
			</AircraftDetails>
			<FlightDetails>
				<FlightNo>ZZ460</FlightNo>
				<FlightDateTime>2017-01-29T05:18:24</FlightDateTime>
			</FlightDetails>
		</LineItemDetail>
		<InvoiceSummary>
			<LineItemCount>5</LineItemCount>
			<TotalLineItemAmount>8050.00</TotalLineItemAmount>
			<TotalAmount>8050.00</TotalAmount>
		</InvoiceSummary>
	</Invoice>
	<TransmissionSummary>
		<InvoiceCount>1</InvoiceCount>
		<TotalAmount CurrencyCode="USD">8050.00</TotalAmount>
	</TransmissionSummary>
</InvoiceTransmission>
