<?xml version="1.0" encoding="us-ascii"?>
<InvoiceTransmission xsi:schemaLocation="http://www.IATA.com/IATAAviationInvoiceStandard http://www.iata.org/services/finance/sis/Documents/schemas/IATA_IS_XML_Invoice_Standard_VN.N.xsd" xmlns="http://www.IATA.com/IATAAviationInvoiceStandard" xmlns:xsi="http://www.w3.org/2001/XMLSchema-instance">
	<TransmissionHeader>
		<TransmissionDateTime>2017-02-01T01:02:48</TransmissionDateTime>
		<Version>IATA:ISXMLInvoiceVN.N</Version>
		<TransmissionID>07fa06dd-2864-4201-bb59-aaf94df4c74b</TransmissionID>
		<IssuingOrganizationID>A89</IssuingOrganizationID>
		<BillingCategory>Miscellaneous</BillingCategory>
	</TransmissionHeader>
	<Invoice>
		<InvoiceHeader>
			<InvoiceNumber>ENGt007</InvoiceNumber>
			<InvoiceDate>2017-01-30</InvoiceDate>
			<InvoiceType>Invoice</InvoiceType>
			<LocationCode>YUL</LocationCode>
			<ChargeCategory>Engineering</ChargeCategory>
			<SellerOrganization>
				<OrganizationID>A89</OrganizationID>
				<LocationID>Main</LocationID>
			</SellerOrganization>
			<BuyerOrganization>
				<OrganizationID>A55</OrganizationID>
				<LocationID>Main</LocationID>
			</BuyerOrganization>
			<PaymentTerms>
				<CurrencyCode>USD</CurrencyCode>
				<SettlementMonthPeriod>170104</SettlementMonthPeriod>
				<SettlementMethod>I</SettlementMethod>
			</PaymentTerms>
			<ISDetails>
				<DigitalSignatureFlag>D</DigitalSignatureFlag>
			</ISDetails>
			<Attachment>
				<AttachmentIndicatorOriginal>N</AttachmentIndicatorOriginal>
			</Attachment>
		</InvoiceHeader>
		<LineItem>
			<LineItemNumber>1</LineItemNumber>
			<POLineItemNumber>12345</POLineItemNumber>
			<ChargeCode>Pool</ChargeCode>
			<Description>Charges for services performed according to IATP Form-40 L-Pool Annex A1.3 at EWR</Description>
			<StartDate>2017-01-28</StartDate>
			<EndDate>2017-01-29</EndDate>
			<Quantity UOMCode="EA">1.0000</Quantity>
			<UnitPrice SF="1">100.0000</UnitPrice>
			<ChargeAmount>100.00</ChargeAmount>
			<TotalNetAmount>100.00</TotalNetAmount>
			<DetailCount>1</DetailCount>
		</LineItem>
		<LineItem>
			<LineItemNumber>2</LineItemNumber>
			<POLineItemNumber>11234</POLineItemNumber>
			<ChargeCode>Pool</ChargeCode>
			<Description>Extra Man Hour</Description>
			<StartDate>2017-01-28</StartDate>
			<EndDate>2017-01-29</EndDate>
			<Quantity UOMCode="HUR">1.0000</Quantity>
			<UnitPrice SF="1">65.0000</UnitPrice>
			<ChargeAmount>65.00</ChargeAmount>
			<TotalNetAmount>65.00</TotalNetAmount>
			<DetailCount>1</DetailCount>
		</LineItem>
		<LineItem>
			<LineItemNumber>3</LineItemNumber>
			<POLineItemNumber>12234</POLineItemNumber>
			<ChargeCode>Pool</ChargeCode>
			<Description>Hangar Rent</Description>
			<StartDate>2017-01-28</StartDate>
			<EndDate>2017-01-29</EndDate>
			<Quantity UOMCode="HUR">5.0000</Quantity>
			<UnitPrice SF="1">150.0000</UnitPrice>
			<ChargeAmount>750.00</ChargeAmount>
			<TotalNetAmount>750.00</TotalNetAmount>
			<DetailCount>1</DetailCount>
		</LineItem>
		<LineItem>
			<LineItemNumber>4</LineItemNumber>
			<ChargeCode>Pool</ChargeCode>
			<Description>Material: Ring Lock P/NR80101t06</Description>
			<StartDate>2017-01-28</StartDate>
			<EndDate>2017-01-29</EndDate>
			<Quantity UOMCode="EA">1.0000</Quantity>
			<UnitPrice SF="1">89.0000</UnitPrice>
			<ChargeAmount>89.00</ChargeAmount>
			<TotalNetAmount>89.00</TotalNetAmount>
			<DetailCount>1</DetailCount>
		</LineItem>
		<LineItemDetail>
			<DetailNumber>1</DetailNumber>
			<LineItemNumber>1</LineItemNumber>
			<Description>On call</Description>
			<EndDate>2017-01-29</EndDate>
			<Quantity UOMCode="EA">1.0000</Quantity>
			<UnitPrice>100.0000</UnitPrice>
			<ChargeAmount>100.00</ChargeAmount>
			<TotalNetAmount>100.00</TotalNetAmount>
			<PoolNo>IATPForm-40L-Pool</PoolNo>
			<AircraftDetails>
				<AircraftRegistrationNo>PHBXS</AircraftRegistrationNo>
				<AircraftTypeCode_ICAO>B737</AircraftTypeCode_ICAO>
			</AircraftDetails>
		</LineItemDetail>
		<LineItemDetail>
			<DetailNumber>1</DetailNumber>
			<LineItemNumber>2</LineItemNumber>
			<Description>Extra Man Hour</Description>
			<EndDate>2017-01-29</EndDate>
			<Quantity UOMCode="HUR">1.0000</Quantity>
			<UnitPrice>65.0000</UnitPrice>
			<ChargeAmount>65.00</ChargeAmount>
			<TotalNetAmount>65.00</TotalNetAmount>
			<PoolNo>IATPForm-40L-Pool</PoolNo>
			<AircraftDetails>
				<AircraftRegistrationNo>PHBXS</AircraftRegistrationNo>
				<AircraftTypeCode_ICAO>B737</AircraftTypeCode_ICAO>
				<PartNo>R80101t06</PartNo>
			</AircraftDetails>
		</LineItemDetail>
		<LineItemDetail>
			<DetailNumber>1</DetailNumber>
			<LineItemNumber>3</LineItemNumber>
			<Description>Hangar Rent</Description>
			<EndDate>2017-01-29</EndDate>
			<Quantity UOMCode="HUR">5.0000</Quantity>
			<UnitPrice>150.0000</UnitPrice>
			<ChargeAmount>750.00</ChargeAmount>
			<TotalNetAmount>750.00</TotalNetAmount>
			<PoolNo>IATPForm-40L-Pool</PoolNo>
			<AircraftDetails>
				<AircraftRegistrationNo>PHBXS</AircraftRegistrationNo>
				<AircraftTypeCode_ICAO>B737</AircraftTypeCode_ICAO>
				<PartNo>R80101t06</PartNo>
			</AircraftDetails>
		</LineItemDetail>
		<LineItemDetail>
			<DetailNumber>1</DetailNumber>
			<LineItemNumber>4</LineItemNumber>
			<Description>Material: Ring Lock P/NR80101t06</Description>
			<EndDate>2017-01-29</EndDate>
			<Quantity UOMCode="EA">1.0000</Quantity>
			<UnitPrice>89.0000</UnitPrice>
			<ChargeAmount>89.00</ChargeAmount>
			<TotalNetAmount>89.00</TotalNetAmount>
			<PoolNo>IATPForm-40L-Pool</PoolNo>
			<AircraftDetails>
				<AircraftRegistrationNo>PHBXS</AircraftRegistrationNo>
				<AircraftTypeCode_ICAO>B737</AircraftTypeCode_ICAO>
				<PartNo>R80101t06</PartNo>
			</AircraftDetails>
		</LineItemDetail>
		<InvoiceSummary>
			<LineItemCount>4</LineItemCount>
			<TotalLineItemAmount>1004.00</TotalLineItemAmount>
			<TotalAmount>1004.00</TotalAmount>
		</InvoiceSummary>
	</Invoice>
	<TransmissionSummary>
		<InvoiceCount>1</InvoiceCount>
		<TotalAmount CurrencyCode="USD">1004.00</TotalAmount>
	</TransmissionSummary>
</InvoiceTransmission>
