<?xml version="1.0" encoding="us-ascii"?>
<InvoiceTransmission xsi:schemaLocation="http://www.IATA.com/IATAAviationInvoiceStandard http://www.iata.org/services/finance/sis/Documents/schemas/IATA_IS_XML_Invoice_Standard_VN.N.xsd" xmlns="http://www.IATA.com/IATAAviationInvoiceStandard" xmlns:xsi="http://www.w3.org/2001/XMLSchema-instance">
	<TransmissionHeader>
		<TransmissionDateTime>2017-02-01T01:02:48</TransmissionDateTime>
		<Version>IATA:ISXMLInvoiceVN.N</Version>
		<TransmissionID>07fa06dd-2864-4201-bb59-aaf94df4c74b</TransmissionID>
		<IssuingOrganizationID>A89</IssuingOrganizationID>
		<BillingCategory>Miscellaneous</BillingCategory>
	</TransmissionHeader>
	<Invoice>
		<InvoiceHeader>
			<InvoiceNumber>GHt017</InvoiceNumber>
			<InvoiceDate>2017-01-30</InvoiceDate>
			<InvoiceType>Invoice</InvoiceType>
			<LocationCode>YUL</LocationCode>
			<ChargeCategory>Ground Handling</ChargeCategory>
			<SellerOrganization>
				<OrganizationID>A89</OrganizationID>
				<LocationID>Main</LocationID>
			</SellerOrganization>
			<BuyerOrganization>
				<OrganizationID>A55</OrganizationID>
				<LocationID>Main</LocationID>
			</BuyerOrganization>
			<PaymentTerms>
				<CurrencyCode>USD</CurrencyCode>
				<SettlementMonthPeriod>170104</SettlementMonthPeriod>
				<SettlementMethod>I</SettlementMethod>
			</PaymentTerms>
			<ISDetails>
				<DigitalSignatureFlag>D</DigitalSignatureFlag>
			</ISDetails>
			<Attachment>
				<AttachmentIndicatorOriginal>N</AttachmentIndicatorOriginal>
			</Attachment>
		</InvoiceHeader>
		<LineItem>
			<LineItemNumber>1</LineItemNumber>
			<ChargeCode>Motor Fuel</ChargeCode>
			<Description>For Ground Fuel</Description>
			<StartDate>2017-01-28</StartDate>
			<EndDate>2017-01-29</EndDate>
			<Quantity UOMCode="GLI">200.0000</Quantity>
			<UnitPrice SF="1">3.000</UnitPrice>
			<ChargeAmount>600.000</ChargeAmount>
			<Tax>
				<TaxType>Tax</TaxType>
				<TaxSubType>Sales Tax</TaxSubType>
				<TaxText>State Sales Tax @ 6%</TaxText>
				<TaxPercent>6.00</TaxPercent>
				<TaxableAmount>600</TaxableAmount>
				<TaxAmount>36.00</TaxAmount>
			</Tax>
			<TotalTaxAmount>36</TotalTaxAmount>
			<TotalNetAmount>636.000</TotalNetAmount>
			<DetailCount>1</DetailCount>
		</LineItem>
		<LineItemDetail>
			<DetailNumber>1</DetailNumber>
			<LineItemNumber>1</LineItemNumber>
			<Description>For Ground Fuel</Description>
			<EndDate>2017-01-29</EndDate>
			<Quantity UOMCode="GLI">200.0000</Quantity>
			<UnitPrice SF="1">3.000</UnitPrice>
			<ChargeAmount>600.000</ChargeAmount>
			<TotalNetAmount>600.000</TotalNetAmount>
			<MiscDetails>
				<MiscData Name="EquipmentNo">E123</MiscData>
			</MiscDetails>
		</LineItemDetail>
		<InvoiceSummary>
			<LineItemCount>1</LineItemCount>
			<TotalLineItemAmount>600.000</TotalLineItemAmount>
			<TotalTaxAmount>36.000</TotalTaxAmount>
			<TotalAmount>636.000</TotalAmount>
		</InvoiceSummary>
	</Invoice>
	<TransmissionSummary>
		<InvoiceCount>1</InvoiceCount>
		<TotalAmount CurrencyCode="USD">636.000</TotalAmount>
		<TotalTaxAmount CurrencyCode="USD">36.000</TotalTaxAmount>
	</TransmissionSummary>
</InvoiceTransmission>
