<?xml version="1.0" encoding="us-ascii"?>
<InvoiceTransmission xsi:schemaLocation="http://www.IATA.com/IATAAviationInvoiceStandard http://www.iata.org/services/finance/sis/Documents/schemas/IATA_IS_XML_Invoice_Standard_V3.9.xsd" xmlns="http://www.IATA.com/IATAAviationInvoiceStandard" xmlns:xsi="http://www.w3.org/2001/XMLSchema-instance">
	<TransmissionHeader>
		<TransmissionDateTime>2017-02-01T01:02:48</TransmissionDateTime>
		<Version>IATA:ISXMLInvoiceV3.9</Version>
		<TransmissionID>07fa06dd-2864-4201-bb59-aaf94df4c74b</TransmissionID>
		<IssuingOrganizationID>A89</IssuingOrganizationID>
		<BillingCategory>Miscellaneous</BillingCategory>
	</TransmissionHeader>
	<Invoice>
		<InvoiceHeader>
			<InvoiceNumber>TMt1</InvoiceNumber>
			<InvoiceDate>2017-01-30</InvoiceDate>
			<InvoiceType>Invoice</InvoiceType>
			<LocationCode>LHR</LocationCode>
			<ChargeCategory>Mail</ChargeCategory>
			<SellerOrganization>
				<OrganizationID>A89</OrganizationID>
				<LocationID>Main</LocationID>
			</SellerOrganization>
			<BuyerOrganization>
				<OrganizationID>A55</OrganizationID>
				<LocationID>Main</LocationID>
			</BuyerOrganization>
			<PaymentTerms>
				<CurrencyCode>USD</CurrencyCode>
				<SettlementMonthPeriod>170104</SettlementMonthPeriod>
				<SettlementMethod>I</SettlementMethod>
			</PaymentTerms>
			<ISDetails>
				<DigitalSignatureFlag>D</DigitalSignatureFlag>
			</ISDetails>
			<Attachment>
				<AttachmentIndicatorOriginal>N</AttachmentIndicatorOriginal>
			</Attachment>
		</InvoiceHeader>
		<LineItem>
			<LineItemNumber>1</LineItemNumber>
			<ChargeCode>Mail</ChargeCode>
			<Description>International Mail Billing-CP-C LHR-JFK</Description>
			<StartDate>2017-01-28</StartDate>
			<EndDate>2017-01-29</EndDate>
			<MinimumQuantityFlag>Y</MinimumQuantityFlag>
			<Quantity UOMCode="KGM">675.0000</Quantity>
			<UnitPrice SF="1">0.5000</UnitPrice>
			<ChargeAmount>600.00</ChargeAmount>
			<TotalNetAmount>600.00</TotalNetAmount>
			<DetailCount>3</DetailCount>
		</LineItem>
		<LineItemDetail>
			<DetailNumber>1</DetailNumber>
			<LineItemNumber>1</LineItemNumber>
			<Description>International Mail Billing-CP-C LHR-JFK; Minimum Charge</Description>
			<EndDate>2017-01-29</EndDate>
			<MinimumQuantityFlag>Y</MinimumQuantityFlag>
			<Quantity UOMCode="KGM">225.0000</Quantity>
			<UnitPrice>0.5000</UnitPrice>
			<ChargeAmount>200.00</ChargeAmount>
			<TotalNetAmount>200.00</TotalNetAmount>
			<MailDetails>
				<MailNo>AV3</MailNo>
				<MailCategory>A</MailCategory>
				<MailClass>C</MailClass>
				<NumberofBags>2</NumberofBags>
				<ContainerNo>GY6579</ContainerNo>
				<BagNo>137</BagNo>
				<ConsignmentNo>574329870021465</ConsignmentNo>
			</MailDetails>
			<FlightDetails>
				<FlightNo>Z1709</FlightNo>
				<FlightDateTime>2017-01-29T04:11:18</FlightDateTime>
			</FlightDetails>
			<RouteDetails>
				<LocationCode Type="Origin">LHR</LocationCode>
			</RouteDetails>
			<RouteDetails>
				<LocationCode Type="Destination">JFK</LocationCode>
			</RouteDetails>
		</LineItemDetail>
		<LineItemDetail>
			<DetailNumber>2</DetailNumber>
			<LineItemNumber>1</LineItemNumber>
			<Description>International Mail Billing-CP-C LHR-JFK; Minimum Charge</Description>
			<EndDate>2017-01-29</EndDate>
			<MinimumQuantityFlag>Y</MinimumQuantityFlag>
			<Quantity UOMCode="KGM">200.0000</Quantity>
			<UnitPrice>0.5000</UnitPrice>
			<ChargeAmount>200.00</ChargeAmount>
			<TotalNetAmount>200.00</TotalNetAmount>
			<MailDetails>
				<MailNo>AV3</MailNo>
				<MailCategory>A</MailCategory>
				<MailClass>C</MailClass>
				<NumberofBags>3</NumberofBags>
				<ContainerNo>HT6589</ContainerNo>
				<BagNo>567</BagNo>
				<ConsignmentNo>289761028349827</ConsignmentNo>
			</MailDetails>
			<FlightDetails>
				<FlightNo>Z1709</FlightNo>
				<FlightDateTime>2017-01-29T04:11:18</FlightDateTime>
			</FlightDetails>
			<RouteDetails>
				<LocationCode Type="Origin">LHR</LocationCode>
			</RouteDetails>
			<RouteDetails>
				<LocationCode Type="Destination">JFK</LocationCode>
			</RouteDetails>
		</LineItemDetail>
		<LineItemDetail>
			<DetailNumber>3</DetailNumber>
			<LineItemNumber>1</LineItemNumber>
			<Description>International Mail Billing-CP-C LHR-JFK; Minimum Charge</Description>
			<EndDate>2017-01-29</EndDate>
			<MinimumQuantityFlag>Y</MinimumQuantityFlag>
			<Quantity UOMCode="KGM">250.0000</Quantity>
			<UnitPrice>0.5000</UnitPrice>
			<ChargeAmount>200.00</ChargeAmount>
			<TotalNetAmount>200.00</TotalNetAmount>
			<MailDetails>
				<MailNo>AV3</MailNo>
				<MailCategory>A</MailCategory>
				<MailClass>C</MailClass>
				<NumberofBags>2</NumberofBags>
				<ContainerNo>87629281</ContainerNo>
				<BagNo>875</BagNo>
				<ConsignmentNo>772265390109283</ConsignmentNo>
			</MailDetails>
			<FlightDetails>
				<FlightNo>Z1709</FlightNo>
				<FlightDateTime>2017-01-29T04:11:18</FlightDateTime>
			</FlightDetails>
			<RouteDetails>
				<LocationCode Type="Origin">LHR</LocationCode>
			</RouteDetails>
			<RouteDetails>
				<LocationCode Type="Destination">JFK</LocationCode>
			</RouteDetails>
		</LineItemDetail>
		<InvoiceSummary>
			<LineItemCount>1</LineItemCount>
			<TotalLineItemAmount>600.00</TotalLineItemAmount>
			<TotalAmount>600.00</TotalAmount>
		</InvoiceSummary>
	</Invoice>
	<TransmissionSummary>
		<InvoiceCount>1</InvoiceCount>
		<TotalAmount CurrencyCode="USD">600.00</TotalAmount>
	</TransmissionSummary>
</InvoiceTransmission>
