<?xml version="1.0" encoding="us-ascii"?>
<InvoiceTransmission xsi:schemaLocation="http://www.IATA.com/IATAAviationInvoiceStandard http://www.iata.org/services/finance/sis/Documents/schemas/IATA_IS_XML_Invoice_Standard_V3.9.xsd" xmlns="http://www.IATA.com/IATAAviationInvoiceStandard" xmlns:xsi="http://www.w3.org/2001/XMLSchema-instance">
	<TransmissionHeader>
		<TransmissionDateTime>2017-02-01T01:02:48</TransmissionDateTime>
		<Version>IATA:ISXMLInvoiceV3.9</Version>
		<TransmissionID>07fa06dd-2864-4201-bb59-aaf94df4c74b</TransmissionID>
		<IssuingOrganizationID>A89</IssuingOrganizationID>
		<BillingCategory>Miscellaneous</BillingCategory>
	</TransmissionHeader>
	<Invoice>
		<InvoiceHeader>
			<InvoiceNumber>TIt1</InvoiceNumber>
			<InvoiceDate>2017-01-30</InvoiceDate>
			<InvoiceType>Invoice</InvoiceType>
			<LocationCode>LON</LocationCode>
			<ChargeCategory>IT Services</ChargeCategory>
			<SellerOrganization>
				<OrganizationID>A89</OrganizationID>
				<LocationID>Main</LocationID>
			</SellerOrganization>
			<BuyerOrganization>
				<OrganizationID>A55</OrganizationID>
				<LocationID>Main</LocationID>
			</BuyerOrganization>
			<PaymentTerms>
				<CurrencyCode>USD</CurrencyCode>
				<SettlementMonthPeriod>170104</SettlementMonthPeriod>
				<SettlementMethod>I</SettlementMethod>
			</PaymentTerms>
			<ISDetails>
				<DigitalSignatureFlag>D</DigitalSignatureFlag>
			</ISDetails>
			<Attachment>
				<AttachmentIndicatorOriginal>N</AttachmentIndicatorOriginal>
			</Attachment>
		</InvoiceHeader>
		<LineItem>
			<LineItemNumber>1</LineItemNumber>
			<ChargeCode>Application Charges</ChargeCode>
			<Description>Advanced Travel Solutions</Description>
			<StartDate>2017-01-28</StartDate>
			<EndDate>2017-01-29</EndDate>
			<Quantity UOMCode="EA">1.0000</Quantity>
			<UnitPrice SF="1">4600.8000</UnitPrice>
			<ChargeAmount>4600.80</ChargeAmount>
			<TotalNetAmount>4600.80</TotalNetAmount>
			<DetailCount>1</DetailCount>
		</LineItem>
		<LineItemDetail>
			<DetailNumber>1</DetailNumber>
			<LineItemNumber>1</LineItemNumber>
			<Description>Advanced Travel Solutions</Description>
			<ProductID>SATS</ProductID>
			<EndDate>2017-01-29</EndDate>
			<Quantity UOMCode="EA">1.0000</Quantity>
			<UnitPrice>4600.8000</UnitPrice>
			<ChargeAmount>4600.80</ChargeAmount>
			<TotalNetAmount>4600.80</TotalNetAmount>
			<RouteDetails>
				<CountryCode>GB</CountryCode>
			</RouteDetails>
			<ServiceProviderDetails>
				<MemberCode>COB</MemberCode>
				<NumericCustomerCode>0000057477</NumericCustomerCode>
				<ProductGroup>Sita Advanced Travel Solutions</ProductGroup>
				<ProductName>Advanced Travel Solutions</ProductName>
				<ActivityDate>2017-01-01</ActivityDate>
				<StationCode>LON</StationCode>
			</ServiceProviderDetails>
		</LineItemDetail>
		<InvoiceSummary>
			<LineItemCount>1</LineItemCount>
			<TotalLineItemAmount>4600.80</TotalLineItemAmount>
			<TotalAmount>4600.80</TotalAmount>
			<LegalText>EU customers should note that amounts on which no </LegalText>
			<LegalText>EU VAT has been charged may be subject to the </LegalText>
			<LegalText>VAT reverse charge provisions arising from the place of supply</LegalText>
			<LegalText>rules of Article 56 of the EU VAT Directive.</LegalText>
		</InvoiceSummary>
	</Invoice>
	<TransmissionSummary>
		<InvoiceCount>1</InvoiceCount>
		<TotalAmount CurrencyCode="USD">4600.80</TotalAmount>
	</TransmissionSummary>
</InvoiceTransmission>
