<?xml version="1.0" encoding="us-ascii"?>
<InvoiceTransmission xsi:schemaLocation="http://www.IATA.com/IATAAviationInvoiceStandard http://www.iata.org/services/finance/sis/Documents/schemas/IATA_IS_XML_Invoice_Standard_V3.9.xsd" xmlns="http://www.IATA.com/IATAAviationInvoiceStandard" xmlns:xsi="http://www.w3.org/2001/XMLSchema-instance">
	<TransmissionHeader>
		<TransmissionDateTime>2017-02-01T01:02:48</TransmissionDateTime>
		<Version>IATA:ISXMLInvoiceV3.9</Version>
		<TransmissionID>07fa06dd-2864-4201-bb59-aaf94df4c74b</TransmissionID>
		<IssuingOrganizationID>A89</IssuingOrganizationID>
		<BillingCategory>Miscellaneous</BillingCategory>
	</TransmissionHeader>
	<Invoice>
		<InvoiceHeader>
			<InvoiceNumber>TIT3</InvoiceNumber>
			<InvoiceDate>2017-01-30</InvoiceDate>
			<InvoiceType>Invoice</InvoiceType>
			<LocationCode>YUL</LocationCode>
			<ChargeCategory>IT Services</ChargeCategory>
			<SellerOrganization>
				<OrganizationID>A89</OrganizationID>
				<LocationID>Main</LocationID>
			</SellerOrganization>
			<BuyerOrganization>
				<OrganizationID>A55</OrganizationID>
				<LocationID>Main</LocationID>
			</BuyerOrganization>
			<PaymentTerms>
				<CurrencyCode>USD</CurrencyCode>
				<SettlementMonthPeriod>170104</SettlementMonthPeriod>
				<SettlementMethod>I</SettlementMethod>
			</PaymentTerms>
			<ISDetails>
				<DigitalSignatureFlag>D</DigitalSignatureFlag>
			</ISDetails>
			<Attachment>
				<AttachmentIndicatorOriginal>N</AttachmentIndicatorOriginal>
			</Attachment>
		</InvoiceHeader>
		<LineItem>
			<LineItemNumber>1</LineItemNumber>
			<ChargeCode>Financial Charges</ChargeCode>
			<Description>Miscellaneous Charges</Description>
			<StartDate>2017-01-28</StartDate>
			<EndDate>2017-01-29</EndDate>
			<Quantity UOMCode="EA">1</Quantity>
			<UnitPrice>108263.747</UnitPrice>
			<ChargeAmount>108263.747</ChargeAmount>
			<TotalNetAmount>108263.747</TotalNetAmount>
		</LineItem>
		<LineItemDetail>
			<DetailNumber>1</DetailNumber>
			<LineItemNumber>1</LineItemNumber>
			<Description>Miscellaneous Charges</Description>
			<ProductID>MI</ProductID>
			<EndDate>2017-01-29</EndDate>
			<Quantity UOMCode="EA">1</Quantity>
			<UnitPrice>108263.747</UnitPrice>
			<ChargeAmount>108263.747</ChargeAmount>
			<TotalNetAmount>108263.747</TotalNetAmount>
			<RouteDetails>
				<CountryCode>IN</CountryCode>
			</RouteDetails>
			<ServiceProviderDetails>
				<MemberCode>IC</MemberCode>
				<NumericCustomerCode>0000000036</NumericCustomerCode>
				<ProductGroup>Miscellaneous</ProductGroup>
				<ProductName>Miscellaneous Charges</ProductName>
				<ActivityDate>2017-01-01</ActivityDate>
				<StationCode>DFW</StationCode>
			</ServiceProviderDetails>
		</LineItemDetail>
		<InvoiceSummary>
			<LineItemCount>1</LineItemCount>
			<TotalLineItemAmount>108263.747</TotalLineItemAmount>
			<TotalAmount>108263.747</TotalAmount>
		</InvoiceSummary>
	</Invoice>
	<TransmissionSummary>
		<InvoiceCount>1</InvoiceCount>
		<TotalAmount CurrencyCode="USD">108263.747</TotalAmount>
	</TransmissionSummary>
</InvoiceTransmission>
