<?xml version="1.0" encoding="us-ascii"?>
<InvoiceTransmission xsi:schemaLocation="http://www.IATA.com/IATAAviationInvoiceStandard http://www.iata.org/services/finance/sis/Documents/schemas/IATA_IS_XML_Invoice_Standard_VN.N.xsd" xmlns="http://www.IATA.com/IATAAviationInvoiceStandard" xmlns:xsi="http://www.w3.org/2001/XMLSchema-instance">
	<TransmissionHeader>
		<TransmissionDateTime>2017-02-01T01:02:48</TransmissionDateTime>
		<Version>IATA:ISXMLInvoiceVN.N</Version>
		<TransmissionID>07fa06dd-2864-4201-bb59-aaf94df4c74b</TransmissionID>
		<IssuingOrganizationID>A89</IssuingOrganizationID>
		<BillingCategory>Miscellaneous</BillingCategory>
	</TransmissionHeader>
	<Invoice>
		<InvoiceHeader>
			<InvoiceNumber>FINt006</InvoiceNumber>
			<InvoiceDate>2017-01-30</InvoiceDate>
			<InvoiceType>Invoice</InvoiceType>
			<LocationCode>YUL</LocationCode>
			<ChargeCategory>Finance</ChargeCategory>
			<SellerOrganization>
				<OrganizationID>A89</OrganizationID>
				<LocationID>Main</LocationID>
			</SellerOrganization>
			<BuyerOrganization>
				<OrganizationID>A55</OrganizationID>
				<LocationID>Main</LocationID>
			</BuyerOrganization>
			<PaymentTerms>
				<CurrencyCode>USD</CurrencyCode>
				<SettlementMonthPeriod>170104</SettlementMonthPeriod>
				<SettlementMethod>I</SettlementMethod>
			</PaymentTerms>
			<ISDetails>
				<DigitalSignatureFlag>D</DigitalSignatureFlag>
			</ISDetails>
			<Attachment>
				<AttachmentIndicatorOriginal>N</AttachmentIndicatorOriginal>
			</Attachment>
		</InvoiceHeader>
		<LineItem>
			<LineItemNumber>1</LineItemNumber>
			<ChargeCode>Penalty</ChargeCode>
			<Description>ICH Penalty Service Fee</Description>
			<StartDate>2017-01-28</StartDate>
			<EndDate>2017-01-29</EndDate>
			<Quantity UOMCode="EA">1.0000</Quantity>
			<UnitPrice SF="1">750.0000</UnitPrice>
			<ChargeAmount>750.00</ChargeAmount>
			<TotalNetAmount>750.00</TotalNetAmount>
			<DetailCount>1</DetailCount>
		</LineItem>
		<LineItemDetail>
			<DetailNumber>1</DetailNumber>
			<LineItemNumber>1</LineItemNumber>
			<Description>ICH Penalty Service Fee</Description>
			<EndDate>2017-01-29</EndDate>
			<Quantity UOMCode="EA">1.0000</Quantity>
			<UnitPrice>750.0000</UnitPrice>
			<ChargeAmount>750.00</ChargeAmount>
			<TotalNetAmount>750.00</TotalNetAmount>
			<SettlementDetails>
				<SettlementCurrencyCode>USD</SettlementCurrencyCode>
				<ExchangeRate>1.00000</ExchangeRate>
				<Amount Name="Outstanding">25000.00</Amount>
				<CallDayName>EarlyCallDay</CallDayName>
				<DueDateFlag>Y</DueDateFlag>
				<DueDate>2017-01-15</DueDate>
				<DaysOverdue>5</DaysOverdue>
				<InterestRate>14</InterestRate>
				<InvoiceRefNumber>AB187631</InvoiceRefNumber>
			</SettlementDetails>
		</LineItemDetail>
		<InvoiceSummary>
			<LineItemCount>1</LineItemCount>
			<TotalLineItemAmount>750.00</TotalLineItemAmount>
			<TotalAmount>750.00</TotalAmount>
		</InvoiceSummary>
	</Invoice>
	<TransmissionSummary>
		<InvoiceCount>1</InvoiceCount>
		<TotalAmount CurrencyCode="USD">750.00</TotalAmount>
	</TransmissionSummary>
</InvoiceTransmission>
