<?xml version="1.0" encoding="us-ascii"?>
<InvoiceTransmission xsi:schemaLocation="http://www.IATA.com/IATAAviationInvoiceStandard http://www.iata.org/services/finance/sis/Documents/schemas/IATA_IS_XML_Invoice_Standard_VN.N.xsd" xmlns="http://www.IATA.com/IATAAviationInvoiceStandard" xmlns:xsi="http://www.w3.org/2001/XMLSchema-instance">
	<TransmissionHeader>
		<TransmissionDateTime>2017-02-01T01:02:48</TransmissionDateTime>
		<Version>IATA:ISXMLInvoiceVN.N</Version>
		<TransmissionID>07fa06dd-2864-4201-bb59-aaf94df4c74b</TransmissionID>
		<IssuingOrganizationID>A89</IssuingOrganizationID>
		<BillingCategory>Miscellaneous</BillingCategory>
	</TransmissionHeader>
	<Invoice>
		<InvoiceHeader>
			<InvoiceNumber>CGt0005</InvoiceNumber>
			<InvoiceDate>2017-01-30</InvoiceDate>
			<InvoiceType>Invoice</InvoiceType>
			<LocationCode>YUL</LocationCode>
			<ChargeCategory>Cargo</ChargeCategory>
			<SellerOrganization>
				<OrganizationID>A89</OrganizationID>
				<LocationID>Main</LocationID>
			</SellerOrganization>
			<BuyerOrganization>
				<OrganizationID>A55</OrganizationID>
				<LocationID>Main</LocationID>
			</BuyerOrganization>
			<PaymentTerms>
				<CurrencyCode>USD</CurrencyCode>
				<SettlementMonthPeriod>170104</SettlementMonthPeriod>
				<SettlementMethod>I</SettlementMethod>
			</PaymentTerms>
			<ISDetails>
				<DigitalSignatureFlag>D</DigitalSignatureFlag>
			</ISDetails>
			<Attachment>
				<AttachmentIndicatorOriginal>N</AttachmentIndicatorOriginal>
			</Attachment>
		</InvoiceHeader>
		<LineItem>
			<LineItemNumber>1</LineItemNumber>
			<ChargeCode>Storage</ChargeCode>
			<Description>Storage Charges</Description>
			<StartDate>2017-01-28</StartDate>
			<EndDate>2017-01-29</EndDate>
			<Quantity UOMCode="EA">1.0000</Quantity>
			<UnitPrice SF="1">3000.0000</UnitPrice>
			<ChargeAmount>3000.00</ChargeAmount>
			<TotalAddOnChargeAmount>600.00</TotalAddOnChargeAmount>
			<TotalNetAmount>3600.00</TotalNetAmount>
			<DetailCount>3</DetailCount>
		</LineItem>
		<LineItemDetail>
			<DetailNumber>1</DetailNumber>
			<LineItemNumber>1</LineItemNumber>
			<Description>Storage Charges</Description>
			<EndDate>2017-01-29</EndDate>
			<Quantity UOMCode="EA">1.0000</Quantity>
			<UnitPrice>1000.0000</UnitPrice>
			<ChargeAmount>1000.00</ChargeAmount>
			<AddOnCharges>
				<AddOnChargeName>Handling Fee</AddOnChargeName>
				<AddOnChargeAmount>200.00</AddOnChargeAmount>
			</AddOnCharges>
			<TotalNetAmount>1200.00</TotalNetAmount>
			<ContractNo>Z1234</ContractNo>
			<ReferenceNo Name="Document Ref No">ZQ7890</ReferenceNo>
			<AircraftDetails>
				<AircraftRegistrationNo>Z105</AircraftRegistrationNo>
				<AircraftTypeCode>320</AircraftTypeCode>
			</AircraftDetails>
			<FlightDetails>
				<FlightNo>ZZ1724</FlightNo>
				<FlightDateTime>2017-01-29T05:18:24</FlightDateTime>
			</FlightDetails>
		</LineItemDetail>
		<LineItemDetail>
			<DetailNumber>2</DetailNumber>
			<LineItemNumber>1</LineItemNumber>
			<Description>Storage Charges</Description>
			<EndDate>2017-01-29</EndDate>
			<Quantity UOMCode="EA">1.0000</Quantity>
			<UnitPrice>1000.0000</UnitPrice>
			<ChargeAmount>1000.00</ChargeAmount>
			<AddOnCharges>
				<AddOnChargeName>Handling Fee</AddOnChargeName>
				<AddOnChargeAmount>200.00</AddOnChargeAmount>
			</AddOnCharges>
			<TotalNetAmount>1200.00</TotalNetAmount>
			<ContractNo>Z1234</ContractNo>
			<ReferenceNo Name="Document Ref No">ZQ7890</ReferenceNo>
			<AircraftDetails>
				<AircraftRegistrationNo>Z105</AircraftRegistrationNo>
				<AircraftTypeCode>320</AircraftTypeCode>
			</AircraftDetails>
			<FlightDetails>
				<FlightNo>ZZ1724</FlightNo>
				<FlightDateTime>2017-01-29T05:18:24</FlightDateTime>
			</FlightDetails>
		</LineItemDetail>
		<LineItemDetail>
			<DetailNumber>3</DetailNumber>
			<LineItemNumber>1</LineItemNumber>
			<Description>Storage Charges</Description>
			<EndDate>2017-01-29</EndDate>
			<Quantity UOMCode="EA">1.0000</Quantity>
			<UnitPrice>1000.0000</UnitPrice>
			<ChargeAmount>1000.00</ChargeAmount>
			<AddOnCharges>
				<AddOnChargeName>Handling Fee</AddOnChargeName>
				<AddOnChargeAmount>200.00</AddOnChargeAmount>
			</AddOnCharges>
			<TotalNetAmount>1200.00</TotalNetAmount>
			<ContractNo>Z1234</ContractNo>
			<ReferenceNo Name="Document Ref No">ZQ7890</ReferenceNo>
			<AircraftDetails>
				<AircraftRegistrationNo>Z105</AircraftRegistrationNo>
				<AircraftTypeCode>320</AircraftTypeCode>
			</AircraftDetails>
			<FlightDetails>
				<FlightNo>ZZ1724</FlightNo>
				<FlightDateTime>2017-01-29T05:18:24</FlightDateTime>
			</FlightDetails>
		</LineItemDetail>
		<InvoiceSummary>
			<LineItemCount>1</LineItemCount>
			<TotalLineItemAmount>3000.00</TotalLineItemAmount>
			<TotalAddOnChargeAmount>600.00</TotalAddOnChargeAmount>
			<TotalAmount>3600.00</TotalAmount>
		</InvoiceSummary>
	</Invoice>
	<TransmissionSummary>
		<InvoiceCount>1</InvoiceCount>
		<TotalAmount CurrencyCode="USD">3600.00</TotalAmount>
		<TotalAddOnChargeAmount CurrencyCode="USD">600.00</TotalAddOnChargeAmount>
	</TransmissionSummary>
</InvoiceTransmission>
