<?xml version="1.0" encoding="us-ascii"?>
<InvoiceTransmission xsi:schemaLocation="http://www.IATA.com/IATAAviationInvoiceStandard http://www.iata.org/services/finance/sis/Documents/schemas/IATA_IS_XML_Invoice_Standard_V3.9.xsd" xmlns="http://www.IATA.com/IATAAviationInvoiceStandard" xmlns:xsi="http://www.w3.org/2001/XMLSchema-instance">
	<TransmissionHeader>
		<TransmissionDateTime>2017-02-01T01:02:48</TransmissionDateTime>
		<Version>IATA:ISXMLInvoiceV3.9</Version>
		<TransmissionID>07fa06dd-2864-4201-bb59-aaf94df4c74b</TransmissionID>
		<IssuingOrganizationID>A89</IssuingOrganizationID>
		<BillingCategory>Miscellaneous</BillingCategory>
	</TransmissionHeader>
	<Invoice>
		<InvoiceHeader>
			<InvoiceNumber>CGt0001</InvoiceNumber>
			<InvoiceDate>2017-01-30</InvoiceDate>
			<InvoiceType>Invoice</InvoiceType>
			<LocationCode>YUL</LocationCode>
			<ChargeCategory>Cargo</ChargeCategory>
			<SellerOrganization>
				<OrganizationID>A89</OrganizationID>
				<LocationID>Main</LocationID>
			</SellerOrganization>
			<BuyerOrganization>
				<OrganizationID>A55</OrganizationID>
				<LocationID>Main</LocationID>
			</BuyerOrganization>
			<PaymentTerms>
				<CurrencyCode>USD</CurrencyCode>
				<SettlementMonthPeriod>170104</SettlementMonthPeriod>
				<SettlementMethod>I</SettlementMethod>
			</PaymentTerms>
			<ISDetails>
				<DigitalSignatureFlag>D</DigitalSignatureFlag>
			</ISDetails>
			<Attachment>
				<AttachmentIndicatorOriginal>N</AttachmentIndicatorOriginal>
			</Attachment>
		</InvoiceHeader>
		<LineItem>
			<LineItemNumber>1</LineItemNumber>
			<ChargeCode>Block Space</ChargeCode>
			<Description>GG Operating cost on ZZ6407</Description>
			<StartDate>2017-01-28</StartDate>
			<EndDate>2017-01-29</EndDate>
			<Quantity UOMCode="EA">1.0000</Quantity>
			<UnitPrice SF="1">37347.375</UnitPrice>
			<ChargeAmount>37347.375</ChargeAmount>
			<TotalAddOnChargeAmount>100.00</TotalAddOnChargeAmount>
			<TotalNetAmount>37447.375</TotalNetAmount>
			<DetailCount>1</DetailCount>
		</LineItem>
		<LineItemDetail>
			<DetailNumber>1</DetailNumber>
			<LineItemNumber>1</LineItemNumber>
			<Description>GG Operating cost on ZZ6407</Description>
			<EndDate>2017-01-29</EndDate>
			<Quantity UOMCode="EA">1.0000</Quantity>
			<UnitPrice>37347.375</UnitPrice>
			<ChargeAmount>37347.375</ChargeAmount>
			<AddOnCharges>
				<AddOnChargeName>OtherChargesAccepted</AddOnChargeName>
				<AddOnChargeAmount>100.00</AddOnChargeAmount>
			</AddOnCharges>
			<TotalNetAmount>37447.375</TotalNetAmount>
			<ContractNo>ZZ7044A</ContractNo>
			<AircraftDetails>
				<AircraftTypeCode>74Y</AircraftTypeCode>
			</AircraftDetails>
			<FlightDetails>
				<FlightNo>ZZ6407</FlightNo>
				<FlightDateTime>2017-01-29T05:18:24</FlightDateTime>
			</FlightDetails>
			<RouteDetails>
				<LocationCode Type="Origin">NRT</LocationCode>
			</RouteDetails>
			<RouteDetails>
				<LocationCode Type="Destination">LHR</LocationCode>
			</RouteDetails>
		</LineItemDetail>
		<InvoiceSummary>
			<LineItemCount>1</LineItemCount>
			<TotalLineItemAmount>37347.375</TotalLineItemAmount>
			<TotalAddOnChargeAmount>100.00</TotalAddOnChargeAmount>
			<TotalAmount>37447.375</TotalAmount>
		</InvoiceSummary>
	</Invoice>
	<TransmissionSummary>
		<InvoiceCount>1</InvoiceCount>
		<TotalAmount CurrencyCode="USD">37447.375</TotalAmount>
		<TotalAddOnChargeAmount CurrencyCode="USD">100.00</TotalAddOnChargeAmount>
	</TransmissionSummary>
</InvoiceTransmission>
