<?xml version="1.0" encoding="us-ascii"?>
<InvoiceTransmission xsi:schemaLocation="http://www.IATA.com/IATAAviationInvoiceStandard http://www.iata.org/services/finance/sis/Documents/schemas/IATA_IS_XML_Invoice_Standard_V3.9.xsd" xmlns="http://www.IATA.com/IATAAviationInvoiceStandard" xmlns:xsi="http://www.w3.org/2001/XMLSchema-instance">
	<TransmissionHeader>
		<TransmissionDateTime>2017-02-01T01:02:48</TransmissionDateTime>
		<Version>IATA:ISXMLInvoiceV3.9</Version>
		<TransmissionID>07fa06dd-2864-4201-bb59-aaf94df4c74b</TransmissionID>
		<IssuingOrganizationID>A89</IssuingOrganizationID>
		<BillingCategory>Miscellaneous</BillingCategory>
	</TransmissionHeader>
	<Invoice>
		<InvoiceHeader>
			<InvoiceNumber>CGt0006</InvoiceNumber>
			<InvoiceDate>2017-01-30</InvoiceDate>
			<InvoiceType>Invoice</InvoiceType>
			<LocationCode>YUL</LocationCode>
			<ChargeCategory>Cargo</ChargeCategory>
			<SellerOrganization>
				<OrganizationID>A89</OrganizationID>
				<LocationID>Main</LocationID>
			</SellerOrganization>
			<BuyerOrganization>
				<OrganizationID>A55</OrganizationID>
				<LocationID>Main</LocationID>
			</BuyerOrganization>
			<PaymentTerms>
				<CurrencyCode>USD</CurrencyCode>
				<SettlementMonthPeriod>170104</SettlementMonthPeriod>
				<SettlementMethod>I</SettlementMethod>
			</PaymentTerms>
			<ISDetails>
				<DigitalSignatureFlag>D</DigitalSignatureFlag>
			</ISDetails>
			<Attachment>
				<AttachmentIndicatorOriginal>N</AttachmentIndicatorOriginal>
			</Attachment>
		</InvoiceHeader>
		<LineItem>
			<LineItemNumber>1</LineItemNumber>
			<ChargeCode>ULD Demurrage</ChargeCode>
			<Description>ULD Repair - Mixed LD2</Description>
			<StartDate>2017-01-28</StartDate>
			<EndDate>2017-01-29</EndDate>
			<Quantity UOMCode="EA">20.0000</Quantity>
			<UnitPrice SF="1">200.0000</UnitPrice>
			<ChargeAmount>4000.00</ChargeAmount>
			<AddOnCharges>
				<AddOnChargeName>Port Fee</AddOnChargeName>
				<AddOnChargePercentage>5.25</AddOnChargePercentage>
				<AddOnChargeableAmount>4000.00</AddOnChargeableAmount>
				<AddOnChargeAmount>210.00</AddOnChargeAmount>
			</AddOnCharges>
			<TotalAddOnChargeAmount>210.00</TotalAddOnChargeAmount>
			<TotalNetAmount>4210.00</TotalNetAmount>
			<DetailCount>1</DetailCount>
		</LineItem>
		<LineItem>
			<LineItemNumber>2</LineItemNumber>
			<ChargeCode>ULD Demurrage</ChargeCode>
			<Description>ULD Repair - Mixed LD3</Description>
			<StartDate>2017-01-28</StartDate>
			<EndDate>2017-01-29</EndDate>
			<Quantity UOMCode="EA">8.0000</Quantity>
			<UnitPrice SF="1">200.0000</UnitPrice>
			<ChargeAmount>1600.00</ChargeAmount>
			<AddOnCharges>
				<AddOnChargeName>Port Fee</AddOnChargeName>
				<AddOnChargePercentage>5.25</AddOnChargePercentage>
				<AddOnChargeableAmount>1600.00</AddOnChargeableAmount>
				<AddOnChargeAmount>84.00</AddOnChargeAmount>
			</AddOnCharges>
			<TotalAddOnChargeAmount>84.00</TotalAddOnChargeAmount>
			<TotalNetAmount>1684.00</TotalNetAmount>
			<DetailCount>1</DetailCount>
		</LineItem>
		<LineItem>
			<LineItemNumber>3</LineItemNumber>
			<ChargeCode>ULD Demurrage</ChargeCode>
			<Description>ULD Repair - Standard LD3</Description>
			<StartDate>2017-01-28</StartDate>
			<EndDate>2017-01-29</EndDate>
			<Quantity UOMCode="EA">15.0000</Quantity>
			<UnitPrice SF="1">150.0000</UnitPrice>
			<ChargeAmount>2250.00</ChargeAmount>
			<AddOnCharges>
				<AddOnChargeName>Port Fee</AddOnChargeName>
				<AddOnChargePercentage>5.25</AddOnChargePercentage>
				<AddOnChargeableAmount>2250.00</AddOnChargeableAmount>
				<AddOnChargeAmount>118.13</AddOnChargeAmount>
			</AddOnCharges>
			<TotalAddOnChargeAmount>118.13</TotalAddOnChargeAmount>
			<TotalNetAmount>2368.13</TotalNetAmount>
			<DetailCount>1</DetailCount>
		</LineItem>
		<LineItem>
			<LineItemNumber>4</LineItemNumber>
			<ChargeCode>Storage</ChargeCode>
			<Description>ULD Repair - Storage EWR</Description>
			<StartDate>2017-01-28</StartDate>
			<EndDate>2017-01-29</EndDate>
			<Quantity UOMCode="EA">1.0000</Quantity>
			<UnitPrice SF="1">1500.0000</UnitPrice>
			<ChargeAmount>1500.00</ChargeAmount>
			<TotalNetAmount>1500.00</TotalNetAmount>
			<DetailCount>1</DetailCount>
		</LineItem>
		<LineItemDetail>
			<DetailNumber>1</DetailNumber>
			<LineItemNumber>1</LineItemNumber>
			<Description>ULD Repair - Mixed LD2</Description>
			<EndDate>2017-01-29</EndDate>
			<Quantity UOMCode="EA">20.0000</Quantity>
			<UnitPrice>200.0000</UnitPrice>
			<ChargeAmount>4000.00</ChargeAmount>
			<TotalNetAmount>4000.00</TotalNetAmount>
			<ReferenceNo Name="Ref">EWR 1 -10-09-A-1</ReferenceNo>
			<AircraftDetails>
				<AircraftRegistrationNo>CFAAA</AircraftRegistrationNo>
				<AircraftTypeCode>320</AircraftTypeCode>
			</AircraftDetails>
			<FlightDetails>
				<FlightNo>AF346</FlightNo>
				<FlightDateTime>2017-01-29T05:18:24</FlightDateTime>
			</FlightDetails>
		</LineItemDetail>
		<LineItemDetail>
			<DetailNumber>1</DetailNumber>
			<LineItemNumber>2</LineItemNumber>
			<Description>ULD Repair - Mixed LD3</Description>
			<EndDate>2017-01-29</EndDate>
			<Quantity UOMCode="EA">8.0000</Quantity>
			<UnitPrice>200.0000</UnitPrice>
			<ChargeAmount>1600.00</ChargeAmount>
			<TotalNetAmount>1600.00</TotalNetAmount>
			<ReferenceNo Name="Ref">EWR 1 -10-09-A-1</ReferenceNo>
			<AircraftDetails>
				<AircraftRegistrationNo>CFAAA</AircraftRegistrationNo>
				<AircraftTypeCode>320</AircraftTypeCode>
			</AircraftDetails>
			<FlightDetails>
				<FlightNo>AF346</FlightNo>
				<FlightDateTime>2017-01-29T05:18:24</FlightDateTime>
			</FlightDetails>
		</LineItemDetail>
		<LineItemDetail>
			<DetailNumber>1</DetailNumber>
			<LineItemNumber>3</LineItemNumber>
			<Description>ULD Repair - Standard LD3</Description>
			<EndDate>2017-01-29</EndDate>
			<Quantity UOMCode="EA">15.0000</Quantity>
			<UnitPrice>150.0000</UnitPrice>
			<ChargeAmount>2250.00</ChargeAmount>
			<TotalNetAmount>2250.00</TotalNetAmount>
			<ReferenceNo Name="Ref">EWR 1 -10-09-A-1</ReferenceNo>
			<AircraftDetails>
				<AircraftRegistrationNo>CFAAA</AircraftRegistrationNo>
				<AircraftTypeCode>320</AircraftTypeCode>
			</AircraftDetails>
			<FlightDetails>
				<FlightNo>AF346</FlightNo>
				<FlightDateTime>2017-01-29T05:18:24</FlightDateTime>
			</FlightDetails>
		</LineItemDetail>
		<LineItemDetail>
			<DetailNumber>1</DetailNumber>
			<LineItemNumber>4</LineItemNumber>
			<Description>ULD Repair - Storage EWR</Description>
			<EndDate>2017-01-29</EndDate>
			<Quantity UOMCode="EA">1.0000</Quantity>
			<UnitPrice>1500.0000</UnitPrice>
			<ChargeAmount>1500.00</ChargeAmount>
			<TotalNetAmount>1500.00</TotalNetAmount>
			<ReferenceNo Name="Ref">EWR 1 -10-09-A-1</ReferenceNo>
			<AircraftDetails>
				<AircraftRegistrationNo>CFAAA</AircraftRegistrationNo>
				<AircraftTypeCode>320</AircraftTypeCode>
			</AircraftDetails>
			<FlightDetails>
				<FlightNo>AF346</FlightNo>
				<FlightDateTime>2017-01-29T05:18:24</FlightDateTime>
			</FlightDetails>
		</LineItemDetail>
		<InvoiceSummary>
			<LineItemCount>4</LineItemCount>
			<TotalLineItemAmount>9350.00</TotalLineItemAmount>
			<TotalAddOnChargeAmount>412.13</TotalAddOnChargeAmount>
			<TotalAmount>9762.13</TotalAmount>
		</InvoiceSummary>
	</Invoice>
	<TransmissionSummary>
		<InvoiceCount>1</InvoiceCount>
		<TotalAmount CurrencyCode="USD">9762.13</TotalAmount>
		<TotalAddOnChargeAmount CurrencyCode="USD">412.13</TotalAddOnChargeAmount>
	</TransmissionSummary>
</InvoiceTransmission>
