<?xml version="1.0" encoding="us-ascii"?>
<InvoiceTransmission xsi:schemaLocation="http://www.IATA.com/IATAAviationInvoiceStandard http://www.iata.org/services/finance/sis/Documents/schemas/IATA_IS_XML_Invoice_Standard_V3.9.xsd" xmlns="http://www.IATA.com/IATAAviationInvoiceStandard" xmlns:xsi="http://www.w3.org/2001/XMLSchema-instance">
	<TransmissionHeader>
		<TransmissionDateTime>2017-02-01T01:02:48</TransmissionDateTime>
		<Version>IATA:ISXMLInvoiceV3.9</Version>
		<TransmissionID>07fa06dd-2864-4201-bb59-aaf94df4c74b</TransmissionID>
		<IssuingOrganizationID>A89</IssuingOrganizationID>
		<BillingCategory>Miscellaneous</BillingCategory>
	</TransmissionHeader>
	<Invoice>
		<InvoiceHeader>
			<InvoiceNumber>CGt0003</InvoiceNumber>
			<InvoiceDate>2017-01-30</InvoiceDate>
			<InvoiceType>Invoice</InvoiceType>
			<LocationCode>NRT</LocationCode>
			<ChargeCategory>Cargo</ChargeCategory>
			<SellerOrganization>
				<OrganizationID>A89</OrganizationID>
				<LocationID>Main</LocationID>
			</SellerOrganization>
			<BuyerOrganization>
				<OrganizationID>A55</OrganizationID>
				<LocationID>Main</LocationID>
			</BuyerOrganization>
			<PaymentTerms>
				<CurrencyCode>USD</CurrencyCode>
				<SettlementMonthPeriod>170104</SettlementMonthPeriod>
				<SettlementMethod>I</SettlementMethod>
			</PaymentTerms>
			<ISDetails>
				<DigitalSignatureFlag>D</DigitalSignatureFlag>
			</ISDetails>
			<Attachment>
				<AttachmentIndicatorOriginal>N</AttachmentIndicatorOriginal>
			</Attachment>
		</InvoiceHeader>
		<LineItem>
			<LineItemNumber>1</LineItemNumber>
			<ChargeCode>Commission</ChargeCode>
			<Description>GSA Commission Freight/ Japan Market Offline Traffic ex Japan</Description>
			<StartDate>2017-01-28</StartDate>
			<EndDate>2017-01-29</EndDate>
			<Quantity UOMCode="KGM">190000.0000</Quantity>
			<UnitPrice SF="1">0.0500</UnitPrice>
			<ChargeAmount>9500.00</ChargeAmount>
			<TotalNetAmount>9500.00</TotalNetAmount>
			<DetailCount>3</DetailCount>
		</LineItem>
		<LineItemDetail>
			<DetailNumber>1</DetailNumber>
			<LineItemNumber>1</LineItemNumber>
			<Description>GSA Commission Freight/ Japan Market Offline Traffic ex Japan</Description>
			<EndDate>2017-01-29</EndDate>
			<Quantity UOMCode="KGM">110000.0000</Quantity>
			<UnitPrice>0.0500</UnitPrice>
			<ChargeAmount>5500.00</ChargeAmount>
			<TotalNetAmount>5500.00</TotalNetAmount>
			<RouteDetails>
				<LocationCode Type="Origin">NRT</LocationCode>
			</RouteDetails>
			<RouteDetails>
				<LocationCode Type="Destination">FCO</LocationCode>
			</RouteDetails>
		</LineItemDetail>
		<LineItemDetail>
			<DetailNumber>2</DetailNumber>
			<LineItemNumber>1</LineItemNumber>
			<Description>GSA Commission Freight/ Japan Market Offline Traffic ex Japan</Description>
			<EndDate>2017-01-29</EndDate>
			<Quantity UOMCode="KGM">30000.0000</Quantity>
			<UnitPrice>0.0500</UnitPrice>
			<ChargeAmount>1500.00</ChargeAmount>
			<TotalNetAmount>1500.00</TotalNetAmount>
			<RouteDetails>
				<LocationCode Type="Origin">NRT</LocationCode>
			</RouteDetails>
			<RouteDetails>
				<LocationCode Type="Destination">MXP</LocationCode>
			</RouteDetails>
		</LineItemDetail>
		<LineItemDetail>
			<DetailNumber>3</DetailNumber>
			<LineItemNumber>1</LineItemNumber>
			<Description>GSA Commission Freight/ Japan Market Offline Traffic ex Japan</Description>
			<EndDate>2017-01-29</EndDate>
			<Quantity UOMCode="KGM">50000.0000</Quantity>
			<UnitPrice>0.0500</UnitPrice>
			<ChargeAmount>2500.00</ChargeAmount>
			<TotalNetAmount>2500.00</TotalNetAmount>
			<RouteDetails>
				<LocationCode Type="Origin">KIX</LocationCode>
			</RouteDetails>
			<RouteDetails>
				<LocationCode Type="Destination">FCO</LocationCode>
			</RouteDetails>
		</LineItemDetail>
		<InvoiceSummary>
			<LineItemCount>1</LineItemCount>
			<TotalLineItemAmount>9500.00</TotalLineItemAmount>
			<TotalAmount>9500.00</TotalAmount>
		</InvoiceSummary>
	</Invoice>
	<TransmissionSummary>
		<InvoiceCount>1</InvoiceCount>
		<TotalAmount CurrencyCode="USD">9500.00</TotalAmount>
	</TransmissionSummary>
</InvoiceTransmission>
