<?xml version="1.0" encoding="us-ascii"?>
<InvoiceTransmission xsi:schemaLocation="http://www.IATA.com/IATAAviationInvoiceStandard http://www.iata.org/services/finance/sis/Documents/schemas/IATA_IS_XML_Invoice_Standard_VN.N.xsd" xmlns="http://www.IATA.com/IATAAviationInvoiceStandard" xmlns:xsi="http://www.w3.org/2001/XMLSchema-instance">
	<TransmissionHeader>
		<TransmissionDateTime>2017-02-01T01:02:48</TransmissionDateTime>
		<Version>IATA:ISXMLInvoiceVN.N</Version>
		<TransmissionID>07fa06dd-2864-4201-bb59-aaf94df4c74b</TransmissionID>
		<IssuingOrganizationID>A89</IssuingOrganizationID>
		<BillingCategory>Miscellaneous</BillingCategory>
	</TransmissionHeader>
	<Invoice>
		<InvoiceHeader>
			<InvoiceNumber>GHt11</InvoiceNumber>
			<InvoiceDate>2017-01-30</InvoiceDate>
			<InvoiceType>Invoice</InvoiceType>
			<LocationCode>YUL</LocationCode>
			<ChargeCategory>Ground Handling</ChargeCategory>
			<SellerOrganization>
				<OrganizationID>A89</OrganizationID>
				<LocationID>Main</LocationID>
			</SellerOrganization>
			<BuyerOrganization>
				<OrganizationID>A55</OrganizationID>
				<LocationID>Main</LocationID>
			</BuyerOrganization>
			<PaymentTerms>
				<CurrencyCode>USD</CurrencyCode>
				<SettlementMonthPeriod>170104</SettlementMonthPeriod>
				<SettlementMethod>I</SettlementMethod>
			</PaymentTerms>
			<ISDetails>
				<DigitalSignatureFlag>D</DigitalSignatureFlag>
			</ISDetails>
			<Attachment>
				<AttachmentIndicatorOriginal>N</AttachmentIndicatorOriginal>
			</Attachment>
		</InvoiceHeader>
		<LineItem>
			<LineItemNumber>1</LineItemNumber>
			<ChargeCode>Departure Stamps</ChargeCode>
			<Description>Departure Stamp charges</Description>
			<StartDate>2017-01-28</StartDate>
			<EndDate>2017-01-29</EndDate>
			<Quantity UOMCode="EA">30</Quantity>
			<UnitPrice SF="1">10.000</UnitPrice>
			<ChargeAmount>300.000</ChargeAmount>
			<TotalNetAmount>300.000</TotalNetAmount>
			<DetailCount>1</DetailCount>
		</LineItem>
		<LineItemDetail>
			<DetailNumber>1</DetailNumber>
			<LineItemNumber>1</LineItemNumber>
			<Description>Departure Stamp Charge</Description>
			<EndDate>2017-01-29</EndDate>
			<Quantity UOMCode="EA">30</Quantity>
			<UnitPrice SF="1">10.000</UnitPrice>
			<ChargeAmount>300.000</ChargeAmount>
			<TotalNetAmount>300.000</TotalNetAmount>
			<AircraftDetails>
				<AircraftTypeCode>320</AircraftTypeCode>
				<CabinClass>Y</CabinClass>
			</AircraftDetails>
			<FlightDetails>
				<FlightNo>AB323</FlightNo>
				<FlightDateTime>2017-01-29T04:11:18</FlightDateTime>
			</FlightDetails>
		</LineItemDetail>
		<InvoiceSummary>
			<LineItemCount>1</LineItemCount>
			<TotalLineItemAmount>300.000</TotalLineItemAmount>
			<TotalAmount>300.000</TotalAmount>
		</InvoiceSummary>
	</Invoice>
	<TransmissionSummary>
		<InvoiceCount>1</InvoiceCount>
		<TotalAmount CurrencyCode="USD">300.000</TotalAmount>
	</TransmissionSummary>
</InvoiceTransmission>
