<?xml version="1.0" encoding="us-ascii"?>
<InvoiceTransmission xsi:schemaLocation="http://www.IATA.com/IATAAviationInvoiceStandard http://www.iata.org/services/finance/sis/Documents/schemas/IATA_IS_XML_Invoice_Standard_VN.N.xsd" xmlns="http://www.IATA.com/IATAAviationInvoiceStandard" xmlns:xsi="http://www.w3.org/2001/XMLSchema-instance">
	<TransmissionHeader>
		<TransmissionDateTime>2017-02-01T01:02:48</TransmissionDateTime>
		<Version>IATA:ISXMLInvoiceVN.N</Version>
		<TransmissionID>07fa06dd-2864-4201-bb59-aaf94df4c74b</TransmissionID>
		<IssuingOrganizationID>A89</IssuingOrganizationID>
		<BillingCategory>Miscellaneous</BillingCategory>
	</TransmissionHeader>
	<Invoice>
		<InvoiceHeader>
			<InvoiceNumber>SPt09</InvoiceNumber>
			<InvoiceDate>2017-01-30</InvoiceDate>
			<InvoiceType>Invoice</InvoiceType>
			<LocationCode>AMS</LocationCode>
			<ChargeCategory>Service Provider</ChargeCategory>
			<SellerOrganization>
				<OrganizationID>A89</OrganizationID>
				<LocationID>Main</LocationID>
			</SellerOrganization>
			<BuyerOrganization>
				<OrganizationID>A55</OrganizationID>
				<LocationID>Main</LocationID>
			</BuyerOrganization>
			<PaymentTerms>
				<CurrencyCode>USD</CurrencyCode>
				<SettlementMonthPeriod>170104</SettlementMonthPeriod>
				<SettlementMethod>I</SettlementMethod>
			</PaymentTerms>
			<ISDetails>
				<DigitalSignatureFlag>D</DigitalSignatureFlag>
			</ISDetails>
			<Attachment>
				<AttachmentIndicatorOriginal>N</AttachmentIndicatorOriginal>
			</Attachment>
		</InvoiceHeader>
		<LineItem>
			<LineItemNumber>1</LineItemNumber>
			<ChargeCode>Aviation Fuel</ChargeCode>
			<Description>Delilvery of Jet Fuel at AMS </Description>
			<StartDate>2017-01-28</StartDate>
			<EndDate>2017-01-29</EndDate>
			<Quantity UOMCode="K87">20.0000</Quantity>
			<UnitPrice SF="1">400.0000</UnitPrice>
			<ChargeAmount>8000.00</ChargeAmount>
			<TotalAddOnChargeAmount>110.00</TotalAddOnChargeAmount>
			<TotalNetAmount>8110.00</TotalNetAmount>
			<DetailCount>4</DetailCount>
		</LineItem>
		<LineItemDetail>
			<DetailNumber>1</DetailNumber>
			<LineItemNumber>1</LineItemNumber>
			<Description>Delilvery of Jet Fuel at AMS</Description>
			<EndDate>2017-01-29</EndDate>
			<Quantity UOMCode="K87">4.0000</Quantity>
			<UnitPrice>400.0000</UnitPrice>
			<ChargeAmount>1600.00</ChargeAmount>
			<AddOnCharges>
				<AddOnChargeName>System Fee</AddOnChargeName>
				<AddOnChargePercentage>2.5</AddOnChargePercentage>
				<AddOnChargeableAmount>400</AddOnChargeableAmount>
				<AddOnChargeAmount>10</AddOnChargeAmount>
			</AddOnCharges>
			<AddOnCharges>
				<AddOnChargeName>Concession Fee</AddOnChargeName>
				<AddOnChargePercentage>2.6</AddOnChargePercentage>
				<AddOnChargeableAmount>400</AddOnChargeableAmount>
				<AddOnChargeAmount>10.4</AddOnChargeAmount>
			</AddOnCharges>
			<AddOnCharges>
				<AddOnChargeName>Compulsory Storage Fee</AddOnChargeName>
				<AddOnChargePercentage>0.4</AddOnChargePercentage>
				<AddOnChargeableAmount>400</AddOnChargeableAmount>
				<AddOnChargeAmount>1.6</AddOnChargeAmount>
			</AddOnCharges>
			<TotalNetAmount>1622.00</TotalNetAmount>
			<ReceiptNo>AMS1879</ReceiptNo>
			<AircraftDetails>
				<AircraftRegistrationNo>VPBQP</AircraftRegistrationNo>
				<AircraftTypeCode>320</AircraftTypeCode>
			</AircraftDetails>
			<FlightDetails>
				<FlightNo>ZZ230</FlightNo>
			</FlightDetails>
			<ConsumptionDetails>
				<Temperature UOM="CEL" Type="JET A1">35</Temperature>
				<Density UOM="KGV" Type="JET A1">700</Density>
			</ConsumptionDetails>
		</LineItemDetail>
		<LineItemDetail>
			<DetailNumber>2</DetailNumber>
			<LineItemNumber>1</LineItemNumber>
			<Description>Delilvery of Jet Fuel at AMS </Description>
			<EndDate>2017-01-29</EndDate>
			<Quantity UOMCode="K87">5.0000</Quantity>
			<UnitPrice>400.0000</UnitPrice>
			<ChargeAmount>2000.00</ChargeAmount>
			<AddOnCharges>
				<AddOnChargeName>System Fee</AddOnChargeName>
				<AddOnChargePercentage>2.5</AddOnChargePercentage>
				<AddOnChargeableAmount>500</AddOnChargeableAmount>
				<AddOnChargeAmount>12.5</AddOnChargeAmount>
			</AddOnCharges>
			<AddOnCharges>
				<AddOnChargeName>Concession Fee</AddOnChargeName>
				<AddOnChargePercentage>2.6</AddOnChargePercentage>
				<AddOnChargeableAmount>500</AddOnChargeableAmount>
				<AddOnChargeAmount>13</AddOnChargeAmount>
			</AddOnCharges>
			<AddOnCharges>
				<AddOnChargeName>Compulsory Storage Fee</AddOnChargeName>
				<AddOnChargePercentage>0.4</AddOnChargePercentage>
				<AddOnChargeableAmount>500</AddOnChargeableAmount>
				<AddOnChargeAmount>2</AddOnChargeAmount>
			</AddOnCharges>
			<TotalNetAmount>2027.50</TotalNetAmount>
			<ReceiptNo>AMS7651</ReceiptNo>
			<AircraftDetails>
				<AircraftRegistrationNo>VQBAX</AircraftRegistrationNo>
				<AircraftTypeCode>320</AircraftTypeCode>
			</AircraftDetails>
			<FlightDetails>
				<FlightNo>ZZ230</FlightNo>
			</FlightDetails>
			<ConsumptionDetails>
				<Temperature UOM="CEL" Type="JET A1">35</Temperature>
				<Density UOM="KGV" Type="JET A1">700</Density>
			</ConsumptionDetails>
		</LineItemDetail>
		<LineItemDetail>
			<DetailNumber>3</DetailNumber>
			<LineItemNumber>1</LineItemNumber>
			<Description>Delilvery of Jet Fuel at AMS </Description>
			<EndDate>2017-01-29</EndDate>
			<Quantity UOMCode="K87">6.0000</Quantity>
			<UnitPrice>400.0000</UnitPrice>
			<ChargeAmount>2400.00</ChargeAmount>
			<AddOnCharges>
				<AddOnChargeName>System Fee</AddOnChargeName>
				<AddOnChargePercentage>2.5</AddOnChargePercentage>
				<AddOnChargeableAmount>600</AddOnChargeableAmount>
				<AddOnChargeAmount>15</AddOnChargeAmount>
			</AddOnCharges>
			<AddOnCharges>
				<AddOnChargeName>Concession Fee</AddOnChargeName>
				<AddOnChargePercentage>2.6</AddOnChargePercentage>
				<AddOnChargeableAmount>600</AddOnChargeableAmount>
				<AddOnChargeAmount>15.6</AddOnChargeAmount>
			</AddOnCharges>
			<AddOnCharges>
				<AddOnChargeName>Compulsory Storage Fee</AddOnChargeName>
				<AddOnChargePercentage>0.4</AddOnChargePercentage>
				<AddOnChargeableAmount>600</AddOnChargeableAmount>
				<AddOnChargeAmount>2.4</AddOnChargeAmount>
			</AddOnCharges>
			<TotalNetAmount>2433.00</TotalNetAmount>
			<ReceiptNo>AMS1009</ReceiptNo>
			<AircraftDetails>
				<AircraftRegistrationNo>VQBAY</AircraftRegistrationNo>
				<AircraftTypeCode>320</AircraftTypeCode>
			</AircraftDetails>
			<FlightDetails>
				<FlightNo>ZZ230</FlightNo>
			</FlightDetails>
			<ConsumptionDetails>
				<Temperature UOM="CEL" Type="JET A1">35</Temperature>
				<Density UOM="KGV" Type="JET A1">700</Density>
			</ConsumptionDetails>
		</LineItemDetail>
		<LineItemDetail>
			<DetailNumber>4</DetailNumber>
			<LineItemNumber>1</LineItemNumber>
			<Description>Delilvery of Jet Fuel at AMS </Description>
			<EndDate>2017-01-29</EndDate>
			<Quantity UOMCode="K87">5.0000</Quantity>
			<UnitPrice>400.0000</UnitPrice>
			<ChargeAmount>2000.00</ChargeAmount>
			<AddOnCharges>
				<AddOnChargeName>System Fee</AddOnChargeName>
				<AddOnChargePercentage>2.5</AddOnChargePercentage>
				<AddOnChargeableAmount>500</AddOnChargeableAmount>
				<AddOnChargeAmount>12.5</AddOnChargeAmount>
			</AddOnCharges>
			<AddOnCharges>
				<AddOnChargeName>Concession Fee</AddOnChargeName>
				<AddOnChargePercentage>2.6</AddOnChargePercentage>
				<AddOnChargeableAmount>500</AddOnChargeableAmount>
				<AddOnChargeAmount>13</AddOnChargeAmount>
			</AddOnCharges>
			<AddOnCharges>
				<AddOnChargeName>Compulsory Storage Fee</AddOnChargeName>
				<AddOnChargePercentage>0.4</AddOnChargePercentage>
				<AddOnChargeableAmount>500</AddOnChargeableAmount>
				<AddOnChargeAmount>2</AddOnChargeAmount>
			</AddOnCharges>
			<TotalNetAmount>2027.50</TotalNetAmount>
			<ReceiptNo>AMS2290</ReceiptNo>
			<AircraftDetails>
				<AircraftRegistrationNo>VPBKC</AircraftRegistrationNo>
				<AircraftTypeCode>320</AircraftTypeCode>
			</AircraftDetails>
			<FlightDetails>
				<FlightNo>ZZ230</FlightNo>
			</FlightDetails>
			<ConsumptionDetails>
				<Temperature UOM="CEL" Type="JET A1">35</Temperature>
				<Density UOM="KGV" Type="JET A1">700</Density>
			</ConsumptionDetails>
		</LineItemDetail>
		<InvoiceSummary>
			<LineItemCount>1</LineItemCount>
			<TotalLineItemAmount>8000.00</TotalLineItemAmount>
			<TotalAddOnChargeAmount>110.00</TotalAddOnChargeAmount>
			<TotalAmount>8110.00</TotalAmount>
		</InvoiceSummary>
	</Invoice>
	<TransmissionSummary>
		<InvoiceCount>1</InvoiceCount>
		<TotalAmount CurrencyCode="USD">8110.00</TotalAmount>
		<TotalAddOnChargeAmount CurrencyCode="USD">110.00</TotalAddOnChargeAmount>
	</TransmissionSummary>
</InvoiceTransmission>
