<?xml version="1.0" encoding="us-ascii"?>
<InvoiceTransmission xsi:schemaLocation="http://www.IATA.com/IATAAviationInvoiceStandard http://www.iata.org/services/finance/sis/Documents/schemas/IATA_IS_XML_Invoice_Standard_VN.N.xsd" xmlns="http://www.IATA.com/IATAAviationInvoiceStandard" xmlns:xsi="http://www.w3.org/2001/XMLSchema-instance">
	<TransmissionHeader>
		<TransmissionDateTime>2017-02-01T01:02:48</TransmissionDateTime>
		<Version>IATA:ISXMLInvoiceVN.N</Version>
		<TransmissionID>07fa06dd-2864-4201-bb59-aaf94df4c74b</TransmissionID>
		<IssuingOrganizationID>A89</IssuingOrganizationID>
		<BillingCategory>Miscellaneous</BillingCategory>
	</TransmissionHeader>
	<Invoice>
		<InvoiceHeader>
			<InvoiceNumber>ATCt006</InvoiceNumber>
			<InvoiceDate>2017-01-30</InvoiceDate>
			<InvoiceType>Invoice</InvoiceType>
			<LocationCode>YUL</LocationCode>
			<ChargeCategory>ATC</ChargeCategory>
			<SellerOrganization>
				<OrganizationID>A89</OrganizationID>
				<LocationID>Main</LocationID>
			</SellerOrganization>
			<BuyerOrganization>
				<OrganizationID>A55</OrganizationID>
				<LocationID>Main</LocationID>
			</BuyerOrganization>
			<PaymentTerms>
				<CurrencyCode>USD</CurrencyCode>
				<SettlementMonthPeriod>170104</SettlementMonthPeriod>
				<SettlementMethod>I</SettlementMethod>
			</PaymentTerms>
			<ISDetails>
				<DigitalSignatureFlag>D</DigitalSignatureFlag>
			</ISDetails>
			<Attachment>
				<AttachmentIndicatorOriginal>N</AttachmentIndicatorOriginal>
			</Attachment>
		</InvoiceHeader>
		<LineItem>
			<LineItemNumber>1</LineItemNumber>
			<ChargeCode>Oceanic</ChargeCode>
			<Description>Oceanic Charges</Description>
			<StartDate>2017-01-28</StartDate>
			<EndDate>2017-01-29</EndDate>
			<Quantity UOMCode="EA">1</Quantity>
			<UnitPrice SF="1">800.000</UnitPrice>
			<ChargeAmount>800.000</ChargeAmount>
			<TotalNetAmount>800.000</TotalNetAmount>
			<DetailCount>1</DetailCount>
		</LineItem>
		<LineItemDetail>
			<DetailNumber>1</DetailNumber>
			<LineItemNumber>1</LineItemNumber>
			<Description>Oceanic Charge 1</Description>
			<EndDate>2017-01-29</EndDate>
			<Quantity UOMCode="EA">1</Quantity>
			<UnitPrice SF="1">800.000</UnitPrice>
			<ChargeAmount>800.000</ChargeAmount>
			<TotalNetAmount>800.000</TotalNetAmount>
			<AircraftDetails>
				<AircraftRegistrationNo>CFAAA</AircraftRegistrationNo>
				<AircraftTypeCode>320</AircraftTypeCode>
			</AircraftDetails>
			<FlightDetails>
				<FlightNo>AB323</FlightNo>
				<FlightDateTime>2017-01-29T05:11:14</FlightDateTime>
			</FlightDetails>
			<RouteDetails>
				<LocationCode Type="Origin">YUL</LocationCode>
				<FlightInformationRegion>LKK</FlightInformationRegion>
				<AirspaceCorridorCode>BHJ</AirspaceCorridorCode>
			</RouteDetails>
		</LineItemDetail>
		<InvoiceSummary>
			<LineItemCount>1</LineItemCount>
			<TotalLineItemAmount>800.000</TotalLineItemAmount>
			<TotalAmount>800.000</TotalAmount>
		</InvoiceSummary>
	</Invoice>
	<TransmissionSummary>
		<InvoiceCount>1</InvoiceCount>
		<TotalAmount CurrencyCode="USD">800.000</TotalAmount>
	</TransmissionSummary>
</InvoiceTransmission>
