<?xml version="1.0" encoding="us-ascii"?>
<InvoiceTransmission xsi:schemaLocation="http://www.IATA.com/IATAAviationInvoiceStandard http://www.iata.org/services/finance/sis/Documents/schemas/IATA_IS_XML_Invoice_Standard_VN.N.xsd" xmlns="http://www.IATA.com/IATAAviationInvoiceStandard" xmlns:xsi="http://www.w3.org/2001/XMLSchema-instance">
	<TransmissionHeader>
		<TransmissionDateTime>2017-02-01T01:02:48</TransmissionDateTime>
		<Version>IATA:ISXMLInvoiceVN.N</Version>
		<TransmissionID>07fa06dd-2864-4201-bb59-aaf94df4c74b</TransmissionID>
		<IssuingOrganizationID>A89</IssuingOrganizationID>
		<BillingCategory>Miscellaneous</BillingCategory>
	</TransmissionHeader>
	<Invoice>
		<InvoiceHeader>
			<InvoiceNumber>ATCt003</InvoiceNumber>
			<InvoiceDate>2017-01-30</InvoiceDate>
			<InvoiceType>Invoice</InvoiceType>
			<LocationCode>YUL</LocationCode>
			<ChargeCategory>ATC</ChargeCategory>
			<SellerOrganization>
				<OrganizationID>A89</OrganizationID>
				<LocationID>Main</LocationID>
			</SellerOrganization>
			<BuyerOrganization>
				<OrganizationID>A55</OrganizationID>
				<LocationID>Main</LocationID>
			</BuyerOrganization>
			<PaymentTerms>
				<CurrencyCode>USD</CurrencyCode>
				<SettlementMonthPeriod>170104</SettlementMonthPeriod>
				<SettlementMethod>I</SettlementMethod>
			</PaymentTerms>
			<ISDetails>
				<DigitalSignatureFlag>D</DigitalSignatureFlag>
			</ISDetails>
			<Attachment>
				<AttachmentIndicatorOriginal>N</AttachmentIndicatorOriginal>
			</Attachment>
		</InvoiceHeader>
		<LineItem>
			<LineItemNumber>1</LineItemNumber>
			<ChargeCode>En-Route</ChargeCode>
			<Description>Route Air Navigation Charges</Description>
			<StartDate>2017-01-28</StartDate>
			<EndDate>2017-01-29</EndDate>
			<Quantity UOMCode="EA">1</Quantity>
			<UnitPrice SF="1">1350.000</UnitPrice>
			<ChargeAmount>1350.000</ChargeAmount>
			<TotalNetAmount>1350.000</TotalNetAmount>
			<DetailCount>1</DetailCount>
		</LineItem>
		<LineItemDetail>
			<DetailNumber>1</DetailNumber>
			<LineItemNumber>1</LineItemNumber>
			<Description>Route Air Navigation Charges</Description>
			<EndDate>2017-01-29</EndDate>
			<Quantity UOMCode="EA">1</Quantity>
			<UnitPrice SF="1">1350.000</UnitPrice>
			<ChargeAmount>1350.000</ChargeAmount>
			<TotalNetAmount>1350.000</TotalNetAmount>
			<AircraftDetails>
				<AircraftRegistrationNo>CFAAA</AircraftRegistrationNo>
				<MaxTakeOffWeight UOMCode="TO">69</MaxTakeOffWeight>
				<WeightFactor>0.0000</WeightFactor>
				<AircraftTypeCode>320</AircraftTypeCode>
			</AircraftDetails>
			<FlightDetails>
				<FlightNo>AB323</FlightNo>
				<FlightDateTime>2017-01-29T05:18:24</FlightDateTime>
			</FlightDetails>
			<RouteDetails>
				<LocationCode Type="Origin">YUL</LocationCode>
				<WaypointCode Type="Intermediate">HTG</WaypointCode>
				<FlightInformationRegion>ASC</FlightInformationRegion>
				<Latitude>45:30:00N</Latitude>
				<Longitude>73:35:00W</Longitude>
				<RouteDateTime Type="Intermediate">2017-01-29T04:14:18</RouteDateTime>
				<Distance UOMCode="NMI">700</Distance>
				<DistanceFactor>0.0000</DistanceFactor>
				<DistanceType>GreatCircle</DistanceType>
				<AirspaceCorridorCode>VBF</AirspaceCorridorCode>
			</RouteDetails>
			<SettlementDetails>
				<LocalCurrencyCode>USD</LocalCurrencyCode>
				<ExchangeRate>0.00000</ExchangeRate>
				<Amount Name="Outstanding">1350.000</Amount>
			</SettlementDetails>
		</LineItemDetail>
		<InvoiceSummary>
			<LineItemCount>1</LineItemCount>
			<TotalLineItemAmount>1350.000</TotalLineItemAmount>
			<TotalAmount>1350.000</TotalAmount>
		</InvoiceSummary>
	</Invoice>
	<TransmissionSummary>
		<InvoiceCount>1</InvoiceCount>
		<TotalAmount CurrencyCode="USD">1350.000</TotalAmount>
	</TransmissionSummary>
</InvoiceTransmission>
