<?xml version="1.0" encoding="us-ascii"?>
<InvoiceTransmission xsi:schemaLocation="http://www.IATA.com/IATAAviationInvoiceStandard http://www.iata.org/services/finance/sis/Documents/schemas/IATA_IS_XML_Invoice_Standard_V3.9.xsd" xmlns="http://www.IATA.com/IATAAviationInvoiceStandard" xmlns:xsi="http://www.w3.org/2001/XMLSchema-instance">
	<TransmissionHeader>
		<TransmissionDateTime>2017-02-01T01:02:48</TransmissionDateTime>
		<Version>IATA:ISXMLInvoiceV3.9</Version>
		<TransmissionID>07fa06dd-2864-4201-bb59-aaf94df4c74b</TransmissionID>
		<IssuingOrganizationID>A89</IssuingOrganizationID>
		<BillingCategory>Miscellaneous</BillingCategory>
	</TransmissionHeader>
	<Invoice>
		<InvoiceHeader>
			<InvoiceNumber>S664tP8</InvoiceNumber>
			<InvoiceDate>2017-01-30</InvoiceDate>
			<InvoiceType>Invoice</InvoiceType>
			<LocationCode>BUE</LocationCode>
			<ChargeCategory>Service Provider</ChargeCategory>
			<SellerOrganization>
				<OrganizationID>A89</OrganizationID>
				<LocationID>Main</LocationID>
			</SellerOrganization>
			<BuyerOrganization>
				<OrganizationID>A55</OrganizationID>
				<LocationID>Main</LocationID>
			</BuyerOrganization>
			<PaymentTerms>
				<CurrencyCode>USD</CurrencyCode>
				<SettlementMonthPeriod>170104</SettlementMonthPeriod>
				<SettlementMethod>I</SettlementMethod>
			</PaymentTerms>
			<ISDetails>
				<DigitalSignatureFlag>D</DigitalSignatureFlag>
			</ISDetails>
			<Attachment>
				<AttachmentIndicatorOriginal>N</AttachmentIndicatorOriginal>
			</Attachment>
		</InvoiceHeader>
		<LineItem>
			<LineItemNumber>1</LineItemNumber>
			<ChargeCode>Training</ChargeCode>
			<Description>IATA/UFTAA Consultant Level Course. Prod. Nr. 411045</Description>
			<StartDate>2017-01-28</StartDate>
			<EndDate>2017-01-29</EndDate>
			<Quantity UOMCode="EA">20.0000</Quantity>
			<UnitPrice SF="1">375.0000</UnitPrice>
			<ChargeAmount>7500.00</ChargeAmount>
			<TotalNetAmount>7500.00</TotalNetAmount>
			<DetailCount>1</DetailCount>
		</LineItem>
		<LineItem>
			<LineItemNumber>2</LineItemNumber>
			<ChargeCode>Training</ChargeCode>
			<Description>IATA/UFTAA Stepping into Management Level Course. Prod. Nr. 411037</Description>
			<StartDate>2017-01-28</StartDate>
			<EndDate>2017-01-29</EndDate>
			<Quantity UOMCode="EA">15.0000</Quantity>
			<UnitPrice SF="1">290.0000</UnitPrice>
			<ChargeAmount>4350.00</ChargeAmount>
			<TotalNetAmount>4350.00</TotalNetAmount>
			<DetailCount>1</DetailCount>
		</LineItem>
		<LineItemDetail>
			<DetailNumber>1</DetailNumber>
			<LineItemNumber>1</LineItemNumber>
			<Description>IATA/UFTAA Consultant Level Course. Prod. Nr. 411045</Description>
			<EndDate>2017-01-29</EndDate>
			<Quantity UOMCode="EA">20.0000</Quantity>
			<UnitPrice SF="1">375.0000</UnitPrice>
			<ChargeAmount>7500.00</ChargeAmount>
			<TotalNetAmount>7500.00</TotalNetAmount>
			<EmployeeDetails>
				<StaffID>B789</StaffID>
				<StaffName>Robert Patterson</StaffName>
			</EmployeeDetails>
		</LineItemDetail>
		<LineItemDetail>
			<DetailNumber>1</DetailNumber>
			<LineItemNumber>2</LineItemNumber>
			<Description>IATA/UFTAA Stepping into Management Level Course. Prod. Nr. 411037</Description>
			<EndDate>2017-01-29</EndDate>
			<Quantity UOMCode="EA">15.0000</Quantity>
			<UnitPrice SF="1">290.0000</UnitPrice>
			<ChargeAmount>4350.00</ChargeAmount>
			<TotalNetAmount>4350.00</TotalNetAmount>
			<EmployeeDetails>
				<StaffID>A123</StaffID>
				<StaffName>Frank Robertson</StaffName>
			</EmployeeDetails>
		</LineItemDetail>
		<InvoiceSummary>
			<LineItemCount>2</LineItemCount>
			<TotalLineItemAmount>11850.00</TotalLineItemAmount>
			<TotalAmount>11850.00</TotalAmount>
		</InvoiceSummary>
	</Invoice>
	<TransmissionSummary>
		<InvoiceCount>1</InvoiceCount>
		<TotalAmount CurrencyCode="USD">11850.00</TotalAmount>
	</TransmissionSummary>
</InvoiceTransmission>
