<?xml version="1.0" encoding="us-ascii"?>
<InvoiceTransmission xsi:schemaLocation="http://www.IATA.com/IATAAviationInvoiceStandard http://www.iata.org/services/finance/sis/Documents/schemas/IATA_IS_XML_Invoice_Standard_V3.9.xsd" xmlns="http://www.IATA.com/IATAAviationInvoiceStandard" xmlns:xsi="http://www.w3.org/2001/XMLSchema-instance">
	<TransmissionHeader>
		<TransmissionDateTime>2017-02-01T01:02:48</TransmissionDateTime>
		<Version>IATA:ISXMLInvoiceV3.9</Version>
		<TransmissionID>07fa06dd-2864-4201-bb59-aaf94df4c74b</TransmissionID>
		<IssuingOrganizationID>A89</IssuingOrganizationID>
		<BillingCategory>Miscellaneous</BillingCategory>
	</TransmissionHeader>
	<Invoice>
		<InvoiceHeader>
			<InvoiceNumber>SEPRDHTL01</InvoiceNumber>
			<InvoiceDate>2017-01-19</InvoiceDate>
			<InvoiceType>Invoice</InvoiceType>
			<ChargeCategory>Service Provider</ChargeCategory>
			<SellerOrganization>
				<OrganizationID>A89</OrganizationID>
				<LocationID>Main</LocationID>
			</SellerOrganization>
			<BuyerOrganization>
				<OrganizationID>A55</OrganizationID>
				<LocationID>Main</LocationID>
			</BuyerOrganization>
			<PaymentTerms>
				<CurrencyCode>USD</CurrencyCode>
				<ClearanceCurrencyCode>USD</ClearanceCurrencyCode>
				<ExchangeRate>1.00000</ExchangeRate>
				<SettlementMonthPeriod>170104</SettlementMonthPeriod>
				<SettlementMethod>I</SettlementMethod>
			</PaymentTerms>
			<ISDetails>
				<DigitalSignatureFlag>D</DigitalSignatureFlag>
			</ISDetails>
			<Attachment>
				<AttachmentIndicatorOriginal>N</AttachmentIndicatorOriginal>
			</Attachment>
		</InvoiceHeader>
		<LineItem>
			<LineItemNumber>1</LineItemNumber>
			<ChargeCode>Hotel</ChargeCode>
			<Description>Test Service Provider-Hotel</Description>
			<StartDate>2017-01-01</StartDate>
			<EndDate>2017-01-31</EndDate>
			<LocationCode>JFK</LocationCode>
			<Quantity UOMCode="EA">1</Quantity>
			<UnitPrice SF="1">100.0000</UnitPrice>
			<ChargeAmount>100.000</ChargeAmount>
			<TotalNetAmount>100.000</TotalNetAmount>
			<DetailCount>1</DetailCount>
		</LineItem>
		<LineItemDetail>
			<DetailNumber>1</DetailNumber>
			<LineItemNumber>1</LineItemNumber>
			<Description>Test Service Provider-Hotel</Description>
			<StartDate>2017-01-01</StartDate>
			<EndDate>2017-01-31</EndDate>
			<Quantity UOMCode="EA">1</Quantity>
			<UnitPrice SF="1">100.0000</UnitPrice>
			<ChargeAmount>100.000</ChargeAmount>
			<TotalNetAmount>100.000</TotalNetAmount>
			<ContractNo>0</ContractNo>
			<AircraftDetails>
				<AircraftTypeCode>J41</AircraftTypeCode>
			</AircraftDetails>
			<FlightDetails>
				<FlightNo>12345678</FlightNo>
				<FlightDateTime>2017-01-18T00:00:00</FlightDateTime>
			</FlightDetails>
			<EmployeeDetails>
				<StaffID>0</StaffID>
				<StaffName>Pilot</StaffName>
			</EmployeeDetails>
			<ConsumptionDetails>
				<StartDateTime>2017-01-12T00:00:00</StartDateTime>
				<EndDateTime>2017-01-18T00:00:00</EndDateTime>
			</ConsumptionDetails>
			<AccommodationDetails>
				<RoomCategory Name="1234567890123456789012345">A</RoomCategory>
				<RoomType Name="1234567890123456789012345">NS</RoomType>
				<BedType Name="BedTypeName">D</BedType>
				<NumberOfBed>9</NumberOfBed>
				<TypeOfStay>CrewPilot</TypeOfStay>
				<EmployeeType>Commercial</EmployeeType>
				<VoucherCode>1234567890123456789012345</VoucherCode>
				<GuestNo>9</GuestNo>
			</AccommodationDetails>
			<MiscDetails>
				<MiscData Name="Name" UOMCode="ARR">MiscData</MiscData>
			</MiscDetails>
		</LineItemDetail>
		<InvoiceSummary>
			<LineItemCount>1</LineItemCount>
			<TotalLineItemAmount>100.000</TotalLineItemAmount>
			<TotalAmount>100.000</TotalAmount>
			<TotalAmountInClearanceCurrency>100.000</TotalAmountInClearanceCurrency>
		</InvoiceSummary>
	</Invoice>
	<TransmissionSummary>
		<InvoiceCount>1</InvoiceCount>
		<TotalAmount CurrencyCode="USD">100.000</TotalAmount>
	</TransmissionSummary>
</InvoiceTransmission>
