<?xml version="1.0" encoding="us-ascii"?>
<InvoiceTransmission xsi:schemaLocation="http://www.IATA.com/IATAAviationInvoiceStandard http://www.iata.org/services/finance/sis/Documents/schemas/IATA_IS_XML_Invoice_Standard_V3.9.xsd" xmlns="http://www.IATA.com/IATAAviationInvoiceStandard" xmlns:xsi="http://www.w3.org/2001/XMLSchema-instance">
	<TransmissionHeader>
		<TransmissionDateTime>2017-02-01T01:02:48</TransmissionDateTime>
		<Version>IATA:ISXMLInvoiceV3.9</Version>
		<TransmissionID>07fa06dd-2864-4201-bb59-aaf94df4c74b</TransmissionID>
		<IssuingOrganizationID>A89</IssuingOrganizationID>
		<BillingCategory>Miscellaneous</BillingCategory>
	</TransmissionHeader>
	<Invoice>
		<InvoiceHeader>
			<InvoiceNumber>Opst001</InvoiceNumber>
			<InvoiceDate>2017-01-30</InvoiceDate>
			<InvoiceType>Invoice</InvoiceType>
			<LocationCode>YUL</LocationCode>
			<ChargeCategory>Flight Ops</ChargeCategory>
			<SellerOrganization>
				<OrganizationID>A89</OrganizationID>
				<LocationID>Main</LocationID>
			</SellerOrganization>
			<BuyerOrganization>
				<OrganizationID>A55</OrganizationID>
				<LocationID>Main</LocationID>
			</BuyerOrganization>
			<PaymentTerms>
				<CurrencyCode>USD</CurrencyCode>
				<SettlementMonthPeriod>170104</SettlementMonthPeriod>
				<SettlementMethod>I</SettlementMethod>
			</PaymentTerms>
			<ISDetails>
				<DigitalSignatureFlag>D</DigitalSignatureFlag>
			</ISDetails>
			<Attachment>
				<AttachmentIndicatorOriginal>N</AttachmentIndicatorOriginal>
			</Attachment>
		</InvoiceHeader>
		<LineItem>
			<LineItemNumber>1</LineItemNumber>
			<POLineItemNumber>11235</POLineItemNumber>
			<ChargeCode>Training</ChargeCode>
			<Description>Training for Flying Personnel Daytime Session</Description>
			<StartDate>2017-01-28</StartDate>
			<EndDate>2017-01-29</EndDate>
			<Quantity UOMCode="HUR">50.000</Quantity>
			<UnitPrice SF="1">400.000</UnitPrice>
			<ChargeAmount>20000.000</ChargeAmount>
			<TotalNetAmount>20000.000</TotalNetAmount>
			<DetailCount>1</DetailCount>
		</LineItem>
		<LineItemDetail>
			<DetailNumber>1</DetailNumber>
			<LineItemNumber>1</LineItemNumber>
			<Description>Training for Flying Personnel Shift E - Cargo</Description>
			<EndDate>2017-01-29</EndDate>
			<Quantity UOMCode="HUR">50.000</Quantity>
			<UnitPrice>400.000</UnitPrice>
			<ChargeAmount>20000.00</ChargeAmount>
			<TotalNetAmount>20000.00</TotalNetAmount>
			<AircraftDetails>
				<AircraftTypeCode>320</AircraftTypeCode>
			</AircraftDetails>
			<FlightDetails>
				<SimulatorNo>B747-400</SimulatorNo>
			</FlightDetails>
			<EmployeeDetails>
				<StaffID>2098</StaffID>
				<StaffName>Jacob Roberts</StaffName>
			</EmployeeDetails>
		</LineItemDetail>
		<InvoiceSummary>
			<LineItemCount>1</LineItemCount>
			<TotalLineItemAmount>20000.00</TotalLineItemAmount>
			<TotalAmount>20000.00</TotalAmount>
		</InvoiceSummary>
	</Invoice>
	<TransmissionSummary>
		<InvoiceCount>1</InvoiceCount>
		<TotalAmount CurrencyCode="USD">20000.00</TotalAmount>
	</TransmissionSummary>
</InvoiceTransmission>
