<?xml version="1.0" encoding="us-ascii"?>
<InvoiceTransmission xsi:schemaLocation="http://www.IATA.com/IATAAviationInvoiceStandard http://www.iata.org/services/finance/sis/Documents/schemas/IATA_IS_XML_Invoice_Standard_V3.8.xsd" xmlns="http://www.IATA.com/IATAAviationInvoiceStandard" xmlns:xsi="http://www.w3.org/2001/XMLSchema-instance">
	<TransmissionHeader>
		<TransmissionDateTime>2017-01-25T11:31:23</TransmissionDateTime>
		<Version>IATA:ISXMLInvoiceV3.8</Version>
		<TransmissionID>ea61f4eb-1744-47a9-a3db-6482154555d5</TransmissionID>
		<ReceivingOrganizationID>A89</ReceivingOrganizationID>
		<BillingCategory>Miscellaneous</BillingCategory>
	</TransmissionHeader>
	<Invoice>
		<InvoiceHeader>
			<InvoiceNumber>CMP693</InvoiceNumber>
			<InvoiceDate>2017-01-25</InvoiceDate>
			<InvoiceType>Invoice</InvoiceType>
			<LocationCode>YMQ</LocationCode>
			<ChargeCategory>Finance</ChargeCategory>
			<SellerOrganization>
				<OrganizationID>A89</OrganizationID>
				<OrganizationDesignator>XB</OrganizationDesignator>
				<LocationID>Main</LocationID>
				<OrganizationName1>IATA MONTREAL</OrganizationName1>
				<TaxRegistrationID>107510570RT0001</TaxRegistrationID>
				<AdditionalTaxRegistrationID>1006066123</AdditionalTaxRegistrationID>
				<Address>
					<AddressLine1>International Air Transport Association</AddressLine1>
					<AddressLine2>800 Place Victoria, PO Box 113, 14th Floor</AddressLine2>
					<CityName>MONTREAL</CityName>
					<SubdivisionName>Quebec</SubdivisionName>
					<CountryCode>CA</CountryCode>
					<CountryName>CANADA</CountryName>
					<PostalCode>H4Z 1M1</PostalCode>
				</Address>
			</SellerOrganization>
			<BuyerOrganization>
				<OrganizationID>A60</OrganizationID>
				<OrganizationDesignator>XB</OrganizationDesignator>
				<OrganizationName1>IATA GENEVA (EUR)</OrganizationName1>
				<TaxRegistrationID>107510570RT0001</TaxRegistrationID>
				<AdditionalTaxRegistrationID>N/A</AdditionalTaxRegistrationID>
				<Address>
					<AddressLine1>33, Route de l'Aeroport</AddressLine1>
					<AddressLine2>P.O. Box 416</AddressLine2>
					<CityName>GENEVA 15 Airport</CityName>
					<CountryCode>CH</CountryCode>
					<CountryName>SWITZERLAND</CountryName>
					<PostalCode>1215</PostalCode>
				</Address>
			</BuyerOrganization>
			<PaymentTerms>
				<CurrencyCode>USD</CurrencyCode>
				<ClearanceCurrencyCode>USD</ClearanceCurrencyCode>
				<ExchangeRate>1.00000</ExchangeRate>
				<SettlementMonthPeriod>170103</SettlementMonthPeriod>
				<SettlementMethod>I</SettlementMethod>
			</PaymentTerms>
			<ISDetails>
				<DigitalSignatureFlag>N</DigitalSignatureFlag>
			</ISDetails>
			<Attachment>
				<AttachmentIndicatorOriginal>N</AttachmentIndicatorOriginal>
				<AttachmentIndicatorValidated>N</AttachmentIndicatorValidated>
				<NumberOfAttachments>0</NumberOfAttachments>
			</Attachment>
		</InvoiceHeader>
		<LineItem>
			<LineItemNumber>1</LineItemNumber>
			<ChargeCode>Misc</ChargeCode>
			<Description>LIDs with TAX VAT Records</Description>
			<StartDate>2017-01-01</StartDate>
			<EndDate>2017-01-31</EndDate>
			<Quantity UOMCode="EA">2500</Quantity>
			<UnitPrice SF="1">10.0000</UnitPrice>
			<ChargeAmount>25000.000</ChargeAmount>
			<Tax>
				<TaxRegistrationID>61660412</TaxRegistrationID>
				<TaxType>Tax</TaxType>
				<TaxSubType>AIRPORT</TaxSubType>
				<TaxCategory>Higher</TaxCategory>
				<TaxText>LIDs with TAX VAT Records</TaxText>
				<TaxPercent>10.00</TaxPercent>
				<TaxableAmount>1000.000</TaxableAmount>
				<TaxAmount>100.000</TaxAmount>
			</Tax>
			<Tax>
				<TaxRegistrationID>61660412</TaxRegistrationID>
				<TaxType>Tax</TaxType>
				<TaxSubType>AIRPORT</TaxSubType>
				<TaxCategory>Higher</TaxCategory>
				<TaxText>LIDs with TAX VAT Records</TaxText>
				<TaxPercent>5.00</TaxPercent>
				<TaxableAmount>1500.000</TaxableAmount>
				<TaxAmount>75.000</TaxAmount>
			</Tax>
			<Tax>
				<TaxRegistrationID>61660412</TaxRegistrationID>
				<TaxType>VAT</TaxType>
				<TaxSubType>VAT</TaxSubType>
				<TaxCategory>Higher</TaxCategory>
				<TaxText>LIDs with TAX VAT Records</TaxText>
				<TaxPercent>10.00</TaxPercent>
				<TaxableAmount>800.000</TaxableAmount>
				<TaxAmount>80.000</TaxAmount>
			</Tax>
			<Tax>
				<TaxType>VAT</TaxType>
				<TaxSubType>VAT</TaxSubType>
				<TaxCategory>Higher</TaxCategory>
				<TaxText>LIDs with TAX VAT Records</TaxText>
				<TaxPercent>9.00</TaxPercent>
				<TaxableAmount>500.000</TaxableAmount>
				<TaxAmount>45.000</TaxAmount>
			</Tax>
			<Tax>
				<TaxRegistrationID>**SISLIDTaxSummary**</TaxRegistrationID>
				<TaxType>Tax</TaxType>
				<TaxSubType>AIRPORT</TaxSubType>
				<TaxCategory>OutofScope</TaxCategory>
				<TaxText>LI1</TaxText>
				<TaxPercent>5.00</TaxPercent>
				<TaxableAmount>3200.000</TaxableAmount>
				<TaxAmount>160.000</TaxAmount>
			</Tax>
			<Tax>
				<TaxRegistrationID>**SISLIDTaxSummary**</TaxRegistrationID>
				<TaxType>Tax</TaxType>
				<TaxSubType>STAMPDUTY</TaxSubType>
				<TaxCategory>Higher</TaxCategory>
				<TaxText>LI1</TaxText>
				<TaxPercent>4.00</TaxPercent>
				<TaxableAmount>1300.000</TaxableAmount>
				<TaxAmount>52.000</TaxAmount>
			</Tax>
			<Tax>
				<TaxRegistrationID>**SISLIDTaxSummary**</TaxRegistrationID>
				<TaxType>Tax</TaxType>
				<TaxSubType>STAMPDUTY</TaxSubType>
				<TaxCategory>Higher</TaxCategory>
				<TaxText>LI1</TaxText>
				<TaxPercent>3.00</TaxPercent>
				<TaxableAmount>800.000</TaxableAmount>
				<TaxAmount>24.000</TaxAmount>
			</Tax>
			<Tax>
				<TaxRegistrationID>**SISLIDVATSummary**</TaxRegistrationID>
				<TaxType>VAT</TaxType>
				<TaxSubType>VAT</TaxSubType>
				<TaxCategory>Standard</TaxCategory>
				<TaxText>LI1</TaxText>
				<TaxPercent>10.00</TaxPercent>
				<TaxableAmount>3700.000</TaxableAmount>
				<TaxAmount>370.000</TaxAmount>
			</Tax>
			<Tax>
				<TaxRegistrationID>**SISLIDVATSummary**</TaxRegistrationID>
				<TaxType>VAT</TaxType>
				<TaxSubType>STATE</TaxSubType>
				<TaxCategory>Lower</TaxCategory>
				<TaxText>LI1</TaxText>
				<TaxPercent>6.00</TaxPercent>
				<TaxableAmount>1850.000</TaxableAmount>
				<TaxAmount>111.000</TaxAmount>
			</Tax>
			<Tax>
				<TaxRegistrationID>**SISLIDVATSummary**</TaxRegistrationID>
				<TaxType>VAT</TaxType>
				<TaxSubType>STATE</TaxSubType>
				<TaxCategory>Lower</TaxCategory>
				<TaxText>LI1</TaxText>
				<TaxPercent>4.00</TaxPercent>
				<TaxableAmount>800.000</TaxableAmount>
				<TaxAmount>32.000</TaxAmount>
			</Tax>
			<TotalTaxAmount>411.000</TotalTaxAmount>
			<TotalVATAmount>638.000</TotalVATAmount>
			<TotalAddOnChargeAmount>0.000</TotalAddOnChargeAmount>
			<TotalNetAmount>26049.000</TotalNetAmount>
			<DetailCount>5</DetailCount>
		</LineItem>
		<LineItem>
			<LineItemNumber>2</LineItemNumber>
			<ChargeCode>Misc</ChargeCode>
			<Description>LIDs with only TAX Records</Description>
			<StartDate>2017-01-01</StartDate>
			<EndDate>2017-01-31</EndDate>
			<Quantity UOMCode="EA">1500</Quantity>
			<UnitPrice SF="1">10.0000</UnitPrice>
			<ChargeAmount>15000.000</ChargeAmount>
			<Tax>
				<TaxRegistrationID>61660412</TaxRegistrationID>
				<TaxType>Tax</TaxType>
				<TaxSubType>CITY</TaxSubType>
				<TaxCategory>Standard</TaxCategory>
				<TaxText>LIDs with only TAX Records</TaxText>
				<TaxPercent>10.00</TaxPercent>
				<TaxableAmount>1700.000</TaxableAmount>
				<TaxAmount>170.000</TaxAmount>
			</Tax>
			<Tax>
				<TaxRegistrationID>61660412</TaxRegistrationID>
				<TaxType>VAT</TaxType>
				<TaxSubType>GST</TaxSubType>
				<TaxCategory>Standard</TaxCategory>
				<TaxText>LIDs with only TAX Records</TaxText>
				<TaxPercent>10.00</TaxPercent>
				<TaxableAmount>1600.000</TaxableAmount>
				<TaxAmount>160.000</TaxAmount>
			</Tax>
			<Tax>
				<TaxRegistrationID>**SISLIDTaxSummary**</TaxRegistrationID>
				<TaxType>Tax</TaxType>
				<TaxSubType>CITY</TaxSubType>
				<TaxCategory>Higher</TaxCategory>
				<TaxText>LI2</TaxText>
				<TaxPercent>5.00</TaxPercent>
				<TaxableAmount>3900.000</TaxableAmount>
				<TaxAmount>195.000</TaxAmount>
			</Tax>
			<TotalTaxAmount>365.000</TotalTaxAmount>
			<TotalVATAmount>160.000</TotalVATAmount>
			<TotalAddOnChargeAmount>0.000</TotalAddOnChargeAmount>
			<TotalNetAmount>15525.000</TotalNetAmount>
			<DetailCount>3</DetailCount>
		</LineItem>
		<LineItem>
			<LineItemNumber>3</LineItemNumber>
			<ChargeCode>Misc</ChargeCode>
			<Description>LIDs with only VAT Records</Description>
			<StartDate>2017-01-01</StartDate>
			<EndDate>2017-01-31</EndDate>
			<Quantity UOMCode="EA">2568</Quantity>
			<UnitPrice SF="1">10.0000</UnitPrice>
			<ChargeAmount>25680.000</ChargeAmount>
			<Tax>
				<TaxRegistrationID>61660412</TaxRegistrationID>
				<TaxType>Tax</TaxType>
				<TaxSubType>CONCESSION</TaxSubType>
				<TaxCategory>Lower</TaxCategory>
				<TaxText>LIDs with only VAT Records</TaxText>
				<TaxPercent>10.00</TaxPercent>
				<TaxableAmount>2200.000</TaxableAmount>
				<TaxAmount>220.000</TaxAmount>
			</Tax>
			<Tax>
				<TaxRegistrationID>61660412</TaxRegistrationID>
				<TaxType>VAT</TaxType>
				<TaxSubType>HST</TaxSubType>
				<TaxCategory>Lower</TaxCategory>
				<TaxText>LIDs with only VAT Records</TaxText>
				<TaxPercent>10.00</TaxPercent>
				<TaxableAmount>800.000</TaxableAmount>
				<TaxAmount>80.000</TaxAmount>
			</Tax>
			<Tax>
				<TaxRegistrationID>**SISLIDVATSummary**</TaxRegistrationID>
				<TaxType>VAT</TaxType>
				<TaxSubType>HST</TaxSubType>
				<TaxCategory>Lower</TaxCategory>
				<TaxText>LI3</TaxText>
				<TaxPercent>5.00</TaxPercent>
				<TaxableAmount>4700.000</TaxableAmount>
				<TaxAmount>235.000</TaxAmount>
			</Tax>
			<TotalTaxAmount>220.000</TotalTaxAmount>
			<TotalVATAmount>315.000</TotalVATAmount>
			<TotalNetAmount>26215.000</TotalNetAmount>
			<DetailCount>3</DetailCount>
		</LineItem>
		<LineItem>
			<LineItemNumber>4</LineItemNumber>
			<ChargeCode>Misc</ChargeCode>
			<Description>No LID Records with Tax or VAT</Description>
			<StartDate>2017-01-01</StartDate>
			<EndDate>2017-01-31</EndDate>
			<Quantity UOMCode="EA">1</Quantity>
			<UnitPrice SF="1">900.0000</UnitPrice>
			<ChargeAmount>900.000</ChargeAmount>
			<Tax>
				<TaxRegistrationID>61660412</TaxRegistrationID>
				<TaxType>Tax</TaxType>
				<TaxSubType>AIRPORT</TaxSubType>
				<TaxCategory>OutofScope</TaxCategory>
				<TaxText>No LID Records with Tax or VAT</TaxText>
				<TaxPercent>10.00</TaxPercent>
				<TaxableAmount>1500.000</TaxableAmount>
				<TaxAmount>150.000</TaxAmount>
			</Tax>
			<Tax>
				<TaxRegistrationID>61660412</TaxRegistrationID>
				<TaxType>VAT</TaxType>
				<TaxSubType>VAT</TaxSubType>
				<TaxCategory>OutofScope</TaxCategory>
				<TaxText>No LID Records with Tax or VAT</TaxText>
				<TaxPercent>10.00</TaxPercent>
				<TaxableAmount>1600.000</TaxableAmount>
				<TaxAmount>160.000</TaxAmount>
			</Tax>
			<TotalTaxAmount>150.000</TotalTaxAmount>
			<TotalVATAmount>160.000</TotalVATAmount>
			<TotalNetAmount>1210.000</TotalNetAmount>
		</LineItem>
		<LineItem>
			<LineItemNumber>5</LineItemNumber>
			<ChargeCode>Misc</ChargeCode>
			<Description>No Tax/VAT Records at Line Item Level</Description>
			<StartDate>2017-01-01</StartDate>
			<EndDate>2017-01-31</EndDate>
			<Quantity UOMCode="EA">15</Quantity>
			<UnitPrice SF="1">100.0000</UnitPrice>
			<ChargeAmount>1500.000</ChargeAmount>
			<Tax>
				<TaxRegistrationID>**SISLIDVATSummary**</TaxRegistrationID>
				<TaxType>VAT</TaxType>
				<TaxSubType>IVA</TaxSubType>
				<TaxCategory>Lower</TaxCategory>
				<TaxText>LI5</TaxText>
				<TaxPercent>5.00</TaxPercent>
				<TaxableAmount>2100.000</TaxableAmount>
				<TaxAmount>105.000</TaxAmount>
			</Tax>
			<Tax>
				<TaxRegistrationID>**SISLIDVATSummary**</TaxRegistrationID>
				<TaxType>VAT</TaxType>
				<TaxSubType>IVA</TaxSubType>
				<TaxCategory>Lower</TaxCategory>
				<TaxText>LI5</TaxText>
				<TaxPercent>10.00</TaxPercent>
				<TaxableAmount>2800.000</TaxableAmount>
				<TaxAmount>280.000</TaxAmount>
			</Tax>
			<TotalTaxAmount/>
			<TotalVATAmount>385.000</TotalVATAmount>
			<TotalNetAmount>1885.000</TotalNetAmount>
			<DetailCount>3</DetailCount>
		</LineItem>
		<LineItemDetail>
			<DetailNumber>1</DetailNumber>
			<LineItemNumber>1</LineItemNumber>
			<Description>LID1</Description>
			<StartDate>2017-01-01</StartDate>
			<EndDate>2017-01-31</EndDate>
			<Quantity UOMCode="EA">500</Quantity>
			<UnitPrice SF="1">10.0000</UnitPrice>
			<ChargeAmount>5000.000</ChargeAmount>
			<Tax>
				<TaxRegistrationID>61660412</TaxRegistrationID>
				<TaxType>Tax</TaxType>
				<TaxSubType>AIRPORT</TaxSubType>
				<TaxCategory>OutofScope</TaxCategory>
				<TaxText>LI1</TaxText>
				<TaxPercent>5.00</TaxPercent>
				<TaxableAmount>1800.000</TaxableAmount>
				<TaxAmount>90.000</TaxAmount>
			</Tax>
			<Tax>
				<TaxRegistrationID>61660412</TaxRegistrationID>
				<TaxType>VAT</TaxType>
				<TaxSubType>VAT</TaxSubType>
				<TaxCategory>Standard</TaxCategory>
				<TaxText>LI1</TaxText>
				<TaxPercent>10.00</TaxPercent>
				<TaxableAmount>2500.000</TaxableAmount>
				<TaxAmount>250.000</TaxAmount>
			</Tax>
			<TotalNetAmount>5340.000</TotalNetAmount>
		</LineItemDetail>
		<LineItemDetail>
			<DetailNumber>2</DetailNumber>
			<LineItemNumber>1</LineItemNumber>
			<Description>LID1</Description>
			<StartDate>2017-01-01</StartDate>
			<EndDate>2017-01-31</EndDate>
			<Quantity UOMCode="EA">500</Quantity>
			<UnitPrice SF="1">10.0000</UnitPrice>
			<ChargeAmount>5000.000</ChargeAmount>
			<Tax>
				<TaxRegistrationID>61660412</TaxRegistrationID>
				<TaxType>Tax</TaxType>
				<TaxSubType>AIRPORT</TaxSubType>
				<TaxCategory>OutofScope</TaxCategory>
				<TaxText>LI1</TaxText>
				<TaxPercent>5.00</TaxPercent>
				<TaxableAmount>1400.000</TaxableAmount>
				<TaxAmount>70.000</TaxAmount>
			</Tax>
			<Tax>
				<TaxRegistrationID>61660412</TaxRegistrationID>
				<TaxType>VAT</TaxType>
				<TaxSubType>VAT</TaxSubType>
				<TaxCategory>Standard</TaxCategory>
				<TaxText>LI1</TaxText>
				<TaxPercent>10.00</TaxPercent>
				<TaxableAmount>1200.000</TaxableAmount>
				<TaxAmount>120.000</TaxAmount>
			</Tax>
			<TotalNetAmount>5190.000</TotalNetAmount>
		</LineItemDetail>
		<LineItemDetail>
			<DetailNumber>3</DetailNumber>
			<LineItemNumber>1</LineItemNumber>
			<Description>LID1</Description>
			<StartDate>2017-01-01</StartDate>
			<EndDate>2017-01-31</EndDate>
			<Quantity UOMCode="EA">500</Quantity>
			<UnitPrice SF="1">10.0000</UnitPrice>
			<ChargeAmount>5000.000</ChargeAmount>
			<Tax>
				<TaxRegistrationID>61660412</TaxRegistrationID>
				<TaxType>Tax</TaxType>
				<TaxSubType>STAMPDUTY</TaxSubType>
				<TaxCategory>Higher</TaxCategory>
				<TaxText>LI1</TaxText>
				<TaxPercent>4.00</TaxPercent>
				<TaxableAmount>500.000</TaxableAmount>
				<TaxAmount>20.000</TaxAmount>
			</Tax>
			<Tax>
				<TaxRegistrationID>61660412</TaxRegistrationID>
				<TaxType>VAT</TaxType>
				<TaxSubType>State</TaxSubType>
				<TaxCategory>Lower</TaxCategory>
				<TaxText>LI1</TaxText>
				<TaxPercent>6.00</TaxPercent>
				<TaxableAmount>1000.000</TaxableAmount>
				<TaxAmount>60.000</TaxAmount>
			</Tax>
			<TotalNetAmount>5080.000</TotalNetAmount>
		</LineItemDetail>
		<LineItemDetail>
			<DetailNumber>4</DetailNumber>
			<LineItemNumber>1</LineItemNumber>
			<Description>LID1</Description>
			<StartDate>2017-01-01</StartDate>
			<EndDate>2017-01-31</EndDate>
			<Quantity UOMCode="EA">500</Quantity>
			<UnitPrice SF="1">10.0000</UnitPrice>
			<ChargeAmount>5000.000</ChargeAmount>
			<Tax>
				<TaxRegistrationID>61660412</TaxRegistrationID>
				<TaxType>Tax</TaxType>
				<TaxSubType>STAMPDUTY</TaxSubType>
				<TaxCategory>Higher</TaxCategory>
				<TaxText>LI1</TaxText>
				<TaxPercent>4.00</TaxPercent>
				<TaxableAmount>800.000</TaxableAmount>
				<TaxAmount>32.000</TaxAmount>
			</Tax>
			<Tax>
				<TaxRegistrationID>61660412</TaxRegistrationID>
				<TaxType>VAT</TaxType>
				<TaxSubType>State</TaxSubType>
				<TaxCategory>Lower</TaxCategory>
				<TaxText>LI1</TaxText>
				<TaxPercent>6.00</TaxPercent>
				<TaxableAmount>850.000</TaxableAmount>
				<TaxAmount>51.000</TaxAmount>
			</Tax>
			<TotalNetAmount>5083.000</TotalNetAmount>
		</LineItemDetail>
		<LineItemDetail>
			<DetailNumber>5</DetailNumber>
			<LineItemNumber>1</LineItemNumber>
			<Description>LID1</Description>
			<StartDate>2017-01-01</StartDate>
			<EndDate>2017-01-31</EndDate>
			<Quantity UOMCode="EA">500</Quantity>
			<UnitPrice SF="1">10.0000</UnitPrice>
			<ChargeAmount>5000.000</ChargeAmount>
			<Tax>
				<TaxRegistrationID>61660412</TaxRegistrationID>
				<TaxType>Tax</TaxType>
				<TaxSubType>STAMPDUTY</TaxSubType>
				<TaxCategory>Higher</TaxCategory>
				<TaxText>LI1</TaxText>
				<TaxPercent>3.00</TaxPercent>
				<TaxableAmount>800.000</TaxableAmount>
				<TaxAmount>24.000</TaxAmount>
			</Tax>
			<Tax>
				<TaxRegistrationID>FO379778</TaxRegistrationID>
				<TaxType>VAT</TaxType>
				<TaxSubType>State</TaxSubType>
				<TaxCategory>Lower</TaxCategory>
				<TaxText>LI1</TaxText>
				<TaxPercent>4.00</TaxPercent>
				<TaxableAmount>800.000</TaxableAmount>
				<TaxAmount>32.000</TaxAmount>
			</Tax>
			<TotalNetAmount>5056.000</TotalNetAmount>
		</LineItemDetail>
		<LineItemDetail>
			<DetailNumber>1</DetailNumber>
			<LineItemNumber>2</LineItemNumber>
			<Description>LI2</Description>
			<StartDate>2017-01-01</StartDate>
			<EndDate>2017-01-31</EndDate>
			<Quantity UOMCode="EA">500</Quantity>
			<UnitPrice SF="1">10.0000</UnitPrice>
			<ChargeAmount>5000.000</ChargeAmount>
			<Tax>
				<TaxRegistrationID>61660412</TaxRegistrationID>
				<TaxType>Tax</TaxType>
				<TaxSubType>CITY</TaxSubType>
				<TaxCategory>Higher</TaxCategory>
				<TaxText>LI2</TaxText>
				<TaxPercent>5.00</TaxPercent>
				<TaxableAmount>1500.000</TaxableAmount>
				<TaxAmount>75.000</TaxAmount>
			</Tax>
			<TotalNetAmount>5075.000</TotalNetAmount>
		</LineItemDetail>
		<LineItemDetail>
			<DetailNumber>2</DetailNumber>
			<LineItemNumber>2</LineItemNumber>
			<Description>LI2</Description>
			<StartDate>2017-01-01</StartDate>
			<EndDate>2017-01-31</EndDate>
			<Quantity UOMCode="EA">500</Quantity>
			<UnitPrice SF="1">10.0000</UnitPrice>
			<ChargeAmount>5000.000</ChargeAmount>
			<Tax>
				<TaxRegistrationID>61660412</TaxRegistrationID>
				<TaxType>Tax</TaxType>
				<TaxSubType>CITY</TaxSubType>
				<TaxCategory>Higher</TaxCategory>
				<TaxText>LI2</TaxText>
				<TaxPercent>5.00</TaxPercent>
				<TaxableAmount>1000.000</TaxableAmount>
				<TaxAmount>50.000</TaxAmount>
			</Tax>
			<TotalNetAmount>5050.000</TotalNetAmount>
		</LineItemDetail>
		<LineItemDetail>
			<DetailNumber>3</DetailNumber>
			<LineItemNumber>2</LineItemNumber>
			<Description>LI2</Description>
			<StartDate>2017-01-01</StartDate>
			<EndDate>2017-01-31</EndDate>
			<Quantity UOMCode="EA">500</Quantity>
			<UnitPrice SF="1">10.0000</UnitPrice>
			<ChargeAmount>5000.000</ChargeAmount>
			<Tax>
				<TaxRegistrationID>61660412</TaxRegistrationID>
				<TaxType>Tax</TaxType>
				<TaxSubType>CITY</TaxSubType>
				<TaxCategory>Higher</TaxCategory>
				<TaxText>LI2</TaxText>
				<TaxPercent>5.00</TaxPercent>
				<TaxableAmount>1400.000</TaxableAmount>
				<TaxAmount>70.000</TaxAmount>
			</Tax>
			<TotalNetAmount>5070.000</TotalNetAmount>
		</LineItemDetail>
		<LineItemDetail>
			<DetailNumber>1</DetailNumber>
			<LineItemNumber>3</LineItemNumber>
			<Description>LI3</Description>
			<StartDate>2017-01-01</StartDate>
			<EndDate>2017-01-31</EndDate>
			<Quantity UOMCode="EA">856</Quantity>
			<UnitPrice SF="1">10.0000</UnitPrice>
			<ChargeAmount>8560.000</ChargeAmount>
			<Tax>
				<TaxRegistrationID>61660412</TaxRegistrationID>
				<TaxType>VAT</TaxType>
				<TaxSubType>HST</TaxSubType>
				<TaxCategory>Lower</TaxCategory>
				<TaxText>LI3</TaxText>
				<TaxPercent>5.00</TaxPercent>
				<TaxableAmount>1000.000</TaxableAmount>
				<TaxAmount>50.000</TaxAmount>
			</Tax>
			<TotalNetAmount>8610.000</TotalNetAmount>
		</LineItemDetail>
		<LineItemDetail>
			<DetailNumber>2</DetailNumber>
			<LineItemNumber>3</LineItemNumber>
			<Description>LI3</Description>
			<StartDate>2017-01-01</StartDate>
			<EndDate>2017-01-31</EndDate>
			<Quantity UOMCode="EA">856</Quantity>
			<UnitPrice SF="1">10.0000</UnitPrice>
			<ChargeAmount>8560.000</ChargeAmount>
			<Tax>
				<TaxRegistrationID>61660412</TaxRegistrationID>
				<TaxType>VAT</TaxType>
				<TaxSubType>HST</TaxSubType>
				<TaxCategory>Lower</TaxCategory>
				<TaxText>LI3</TaxText>
				<TaxPercent>5.00</TaxPercent>
				<TaxableAmount>1800.000</TaxableAmount>
				<TaxAmount>90.000</TaxAmount>
			</Tax>
			<TotalNetAmount>8650.000</TotalNetAmount>
		</LineItemDetail>
		<LineItemDetail>
			<DetailNumber>3</DetailNumber>
			<LineItemNumber>3</LineItemNumber>
			<Description>LI3</Description>
			<StartDate>2017-01-01</StartDate>
			<EndDate>2017-01-31</EndDate>
			<Quantity UOMCode="EA">856</Quantity>
			<UnitPrice SF="1">10.0000</UnitPrice>
			<ChargeAmount>8560.000</ChargeAmount>
			<Tax>
				<TaxRegistrationID>61660412</TaxRegistrationID>
				<TaxType>VAT</TaxType>
				<TaxSubType>HST</TaxSubType>
				<TaxCategory>Lower</TaxCategory>
				<TaxText>LI3</TaxText>
				<TaxPercent>5.00</TaxPercent>
				<TaxableAmount>1900.000</TaxableAmount>
				<TaxAmount>95.000</TaxAmount>
			</Tax>
			<TotalNetAmount>8655.000</TotalNetAmount>
		</LineItemDetail>
		<LineItemDetail>
			<DetailNumber>1</DetailNumber>
			<LineItemNumber>5</LineItemNumber>
			<Description>LI5</Description>
			<StartDate>2017-01-01</StartDate>
			<EndDate>2017-01-31</EndDate>
			<Quantity UOMCode="EA">5</Quantity>
			<UnitPrice SF="1">100.0000</UnitPrice>
			<ChargeAmount>500.000</ChargeAmount>
			<Tax>
				<TaxRegistrationID>61660412</TaxRegistrationID>
				<TaxType>VAT</TaxType>
				<TaxSubType>IVA</TaxSubType>
				<TaxCategory>Lower</TaxCategory>
				<TaxText>LI5</TaxText>
				<TaxPercent>5.00</TaxPercent>
				<TaxableAmount>1500.000</TaxableAmount>
				<TaxAmount>75.000</TaxAmount>
			</Tax>
			<TotalNetAmount>575.000</TotalNetAmount>
		</LineItemDetail>
		<LineItemDetail>
			<DetailNumber>2</DetailNumber>
			<LineItemNumber>5</LineItemNumber>
			<Description>LI5</Description>
			<StartDate>2017-01-01</StartDate>
			<EndDate>2017-01-31</EndDate>
			<Quantity UOMCode="EA">5</Quantity>
			<UnitPrice SF="1">100.0000</UnitPrice>
			<ChargeAmount>500.000</ChargeAmount>
			<Tax>
				<TaxRegistrationID>61660412</TaxRegistrationID>
				<TaxType>VAT</TaxType>
				<TaxSubType>IVA</TaxSubType>
				<TaxCategory>Lower</TaxCategory>
				<TaxText>LI5</TaxText>
				<TaxPercent>10.00</TaxPercent>
				<TaxableAmount>2800.000</TaxableAmount>
				<TaxAmount>280.000</TaxAmount>
			</Tax>
			<TotalNetAmount>780.000</TotalNetAmount>
		</LineItemDetail>
		<LineItemDetail>
			<DetailNumber>3</DetailNumber>
			<LineItemNumber>5</LineItemNumber>
			<Description>LI5</Description>
			<StartDate>2017-01-01</StartDate>
			<EndDate>2017-01-31</EndDate>
			<Quantity UOMCode="EA">5</Quantity>
			<UnitPrice SF="1">100.0000</UnitPrice>
			<ChargeAmount>500.000</ChargeAmount>
			<Tax>
				<TaxRegistrationID>61660412</TaxRegistrationID>
				<TaxType>VAT</TaxType>
				<TaxSubType>IVA</TaxSubType>
				<TaxCategory>Lower</TaxCategory>
				<TaxText>LI5</TaxText>
				<TaxPercent>5.00</TaxPercent>
				<TaxableAmount>600.000</TaxableAmount>
				<TaxAmount>30.000</TaxAmount>
			</Tax>
			<TotalNetAmount>530.000</TotalNetAmount>
		</LineItemDetail>
		<InvoiceSummary>
			<LineItemCount>5</LineItemCount>
			<TotalLineItemAmount>68080.000</TotalLineItemAmount>
			<TotalAddOnChargeAmount>0.000</TotalAddOnChargeAmount>
			<TotalTaxAmount>1146.000</TotalTaxAmount>
			<TotalVATAmount>1658.000</TotalVATAmount>
			<TotalAmount>70884.000</TotalAmount>
			<TotalAmountInClearanceCurrency>70884.000</TotalAmountInClearanceCurrency>
		</InvoiceSummary>
	</Invoice>
	<TransmissionSummary>
		<InvoiceCount>1</InvoiceCount>
		<TotalAmount CurrencyCode="USD">70884.000</TotalAmount>
		<TotalAddOnChargeAmount CurrencyCode="USD">0.000</TotalAddOnChargeAmount>
		<TotalTaxAmount CurrencyCode="USD">1146.000</TotalTaxAmount>
		<TotalVATAmount CurrencyCode="USD">1658.000</TotalVATAmount>
	</TransmissionSummary>
</InvoiceTransmission>
