<?xml version="1.0" encoding="us-ascii"?>
<InvoiceTransmission xsi:schemaLocation="http://www.IATA.com/IATAAviationInvoiceStandard http://www.iata.org/services/finance/sis/Documents/schemas/IATA_IS_XML_Invoice_Standard_VN.N.xsd" xmlns="http://www.IATA.com/IATAAviationInvoiceStandard" xmlns:xsi="http://www.w3.org/2001/XMLSchema-instance">
  <TransmissionHeader>
    <TransmissionDateTime>2012-01-31T22:46:55</TransmissionDateTime>
    <Version>IATA:ISXMLInvoiceVN.N</Version>
    <TransmissionID>a8febcd9-7842-4f01-9b44-9309b3c6c0e2</TransmissionID>
    <ReceivingOrganizationID>117</ReceivingOrganizationID>
    <BillingCategory>Cargo</BillingCategory>
  </TransmissionHeader>
  <Invoice>
    <InvoiceHeader>
      <InvoiceNumber>AC1PNOVSK5</InvoiceNumber>
      <InvoiceDate>2012-01-31</InvoiceDate>
      <InvoiceType>Invoice</InvoiceType>
      <ChargeCategory>Cargo</ChargeCategory>
      <SellerOrganization>
        <OrganizationID>014</OrganizationID>
        <OrganizationDesignator>AC</OrganizationDesignator>
        <OrganizationName1>AIR CANADA</OrganizationName1>
        <TaxRegistrationID>TAXVAT001</TaxRegistrationID>
        <AdditionalTaxRegistrationID>ADDTIONAL123</AdditionalTaxRegistrationID>
        <CompanyRegistrationID>123456789</CompanyRegistrationID>
        <Address>
          <AddressLine1>Air Canada Centre Dorval zip 1252</AddressLine1>
          <AddressLine2>7373 Boul. Cote-Vertu Ouest</AddressLine2>
          <AddressLine3>ADDRESS</AddressLine3>
          <CityName>St-Laurent</CityName>
          <CountryCode>CA</CountryCode>
          <CountryName>CANADA</CountryName>
          <PostalCode>H4S 1Z3</PostalCode>
        </Address>
      </SellerOrganization>
      <BuyerOrganization>
        <OrganizationID>117</OrganizationID>
        <OrganizationDesignator>SK</OrganizationDesignator>
        <OrganizationName1>SCANDINAVIAN AIRLINES SYSTEM (SAS)</OrganizationName1>
        <Address>
          <AddressLine1>Fack - Stockholm</AddressLine1>
          <CityName>Stockholm</CityName>
          <CountryCode>SE</CountryCode>
          <CountryName>SWEDEN</CountryName>
          <PostalCode>S-195 87</PostalCode>
        </Address>
      </BuyerOrganization>
      <PaymentTerms>
        <CurrencyCode>CAD</CurrencyCode>
        <ClearanceCurrencyCode>USD</ClearanceCurrencyCode>
        <ExchangeRate>1.04271</ExchangeRate>
        <SettlementMonthPeriod>111201</SettlementMonthPeriod>
        <SettlementMethod>I</SettlementMethod>
      </PaymentTerms>
      <ISDetails>
        <DigitalSignatureFlag>Y</DigitalSignatureFlag>
      </ISDetails>
    </InvoiceHeader>
    <LineItem>
      <LineItemNumber>1</LineItemNumber>
      <ChargeCode>Rejection Memo</ChargeCode>
      <Description>RejectionMemo</Description>
      <ChargeAmount Name="Weight">6364.000</ChargeAmount>
      <ChargeAmount Name="Valuation">2136.000</ChargeAmount>
      <AddOnCharges>
        <AddOnChargeName>ISCAllowed</AddOnChargeName>
        <AddOnChargeAmount>-663.245</AddOnChargeAmount>
      </AddOnCharges>
      <TotalNetAmount>7836.755</TotalNetAmount>
      <DetailCount>3</DetailCount>
    </LineItem>
    <LineItemDetail>
      <DetailNumber>1</DetailNumber>
      <LineItemNumber>1</LineItemNumber>
      <BatchSequenceNumber>5</BatchSequenceNumber>
      <RecordSequenceWithinBatch>1</RecordSequenceWithinBatch>
      <ChargeAmount Name="WeightBilled">2542.000</ChargeAmount>
      <ChargeAmount Name="WeightAccepted">2147.000</ChargeAmount>
      <ChargeAmount Name="WeightDifference">395.000</ChargeAmount>
      <ChargeAmount Name="ValuationBilled">2254.000</ChargeAmount>
      <ChargeAmount Name="ValuationAccepted">225.000</ChargeAmount>
      <ChargeAmount Name="ValuationDifference">2029.000</ChargeAmount>
      <AddOnCharges>
        <AddOnChargeName>ISCAllowed</AddOnChargeName>
        <AddOnChargeAmount>-954.000</AddOnChargeAmount>
      </AddOnCharges>
      <AddOnCharges>
        <AddOnChargeName>ISCAccepted</AddOnChargeName>
        <AddOnChargeAmount>-245.000</AddOnChargeAmount>
      </AddOnCharges>
      <AddOnCharges>
        <AddOnChargeName>ISCDifference</AddOnChargeName>
        <AddOnChargeAmount>-709.000</AddOnChargeAmount>
      </AddOnCharges>
      <TotalNetAmount>1715.000</TotalNetAmount>
      <RejectionMemoDetails>
        <RejectionMemoNumber>RM330000000</RejectionMemoNumber>
        <RejectionStage>3</RejectionStage>
        <ReasonCode>99</ReasonCode>
        <YourInvoiceNumber>REJCTION20</YourInvoiceNumber>
        <YourInvoiceBillingDate>111001</YourInvoiceBillingDate>
        <YourRejectionMemoNumber>RMACSK00002</YourRejectionMemoNumber>
        <Attachment>
          <AttachmentIndicatorOriginal>N</AttachmentIndicatorOriginal>
          <AttachmentIndicatorValidated>N</AttachmentIndicatorValidated>
          <NumberOfAttachments>0</NumberOfAttachments>
        </Attachment>
      </RejectionMemoDetails>
    </LineItemDetail>
    <LineItemDetail>
      <DetailNumber>2</DetailNumber>
      <LineItemNumber>1</LineItemNumber>
      <BatchSequenceNumber>5</BatchSequenceNumber>
      <RecordSequenceWithinBatch>2</RecordSequenceWithinBatch>
      <ChargeAmount Name="WeightBilled">963.000</ChargeAmount>
      <ChargeAmount Name="WeightAccepted">147.000</ChargeAmount>
      <ChargeAmount Name="WeightDifference">816.000</ChargeAmount>
      <ChargeAmount Name="ValuationBilled">254.000</ChargeAmount>
      <ChargeAmount Name="ValuationAccepted">147.000</ChargeAmount>
      <ChargeAmount Name="ValuationDifference">107.000</ChargeAmount>
      <AddOnCharges>
        <AddOnChargeName>ISCAllowed</AddOnChargeName>
        <AddOnChargeAmount>-109.530</AddOnChargeAmount>
      </AddOnCharges>
      <AddOnCharges>
        <AddOnChargeName>ISCAccepted</AddOnChargeName>
        <AddOnChargeAmount>-26.460</AddOnChargeAmount>
      </AddOnCharges>
      <AddOnCharges>
        <AddOnChargeName>ISCDifference</AddOnChargeName>
        <AddOnChargeAmount>-83.070</AddOnChargeAmount>
      </AddOnCharges>
      <TotalNetAmount>839.930</TotalNetAmount>
      <RejectionMemoDetails>
        <RejectionMemoNumber>RM300000011</RejectionMemoNumber>
        <RejectionStage>3</RejectionStage>
        <ReasonCode>01</ReasonCode>
        <YourInvoiceNumber>REJCTION21</YourInvoiceNumber>
        <YourInvoiceBillingDate>111001</YourInvoiceBillingDate>
        <YourRejectionMemoNumber>RMACSK00003</YourRejectionMemoNumber>
        <Attachment>
          <AttachmentIndicatorOriginal>N</AttachmentIndicatorOriginal>
          <AttachmentIndicatorValidated>N</AttachmentIndicatorValidated>
          <NumberOfAttachments>0</NumberOfAttachments>
        </Attachment>
        <AirWaybillBreakdown>
          <BreakdownSerialNumber>1</BreakdownSerialNumber>
          <AWBDate>2011-09-01</AWBDate>
          <BillingCode>P</BillingCode>
          <AWBIssuingAirline>117</AWBIssuingAirline>
          <AWBSerialNumber>5452363</AWBSerialNumber>
          <AWBCheckDigit>0</AWBCheckDigit>
          <ChargeAmount Name="WeightBilled">963.000</ChargeAmount>
          <ChargeAmount Name="WeightAccepted">147.000</ChargeAmount>
          <ChargeAmount Name="WeightDifference">816.000</ChargeAmount>
          <ChargeAmount Name="ValuationBilled">254.000</ChargeAmount>
          <ChargeAmount Name="ValuationAccepted">147.000</ChargeAmount>
          <ChargeAmount Name="ValuationDifference">107.000</ChargeAmount>
          <Tax>
            <TaxType>VAT</TaxType>
            <TaxAmount Name="Billed">0.000</TaxAmount>
            <TaxAmount Name="Accepted">0.000</TaxAmount>
            <TaxAmount Name="Difference">0.000</TaxAmount>
          </Tax>
          <AddOnCharges>
            <AddOnChargeName>ISCAllowed</AddOnChargeName>
            <AddOnChargePercentage>-9.00</AddOnChargePercentage>
            <AddOnChargeAmount>-109.530</AddOnChargeAmount>
          </AddOnCharges>
          <AddOnCharges>
            <AddOnChargeName>ISCAccepted</AddOnChargeName>
            <AddOnChargePercentage>-9.00</AddOnChargePercentage>
            <AddOnChargeAmount>-26.460</AddOnChargeAmount>
          </AddOnCharges>
          <AddOnCharges>
            <AddOnChargeName>ISCDifference</AddOnChargeName>
            <AddOnChargeAmount>-83.070</AddOnChargeAmount>
          </AddOnCharges>
          <TotalNetAmount>839.930</TotalNetAmount>
          <OriginAirportCode>YMQ</OriginAirportCode>
          <DestinationAirportCode>DXB</DestinationAirportCode>
          <FromAirportCode>YMQ</FromAirportCode>
          <ToAirportOrPointOfTransferCode>LON</ToAirportOrPointOfTransferCode>
          <DateOfCarriageOrTransfer>2011-09-14</DateOfCarriageOrTransfer>
          <BilledWeight>0</BilledWeight>
          <ProvisoReqSPA>P</ProvisoReqSPA>
          <CCAIndicator>N</CCAIndicator>
          <Attachment>
            <AttachmentIndicatorOriginal>N</AttachmentIndicatorOriginal>
            <AttachmentIndicatorValidated>N</AttachmentIndicatorValidated>
            <NumberOfAttachments>0</NumberOfAttachments>
          </Attachment>
        </AirWaybillBreakdown>
      </RejectionMemoDetails>
    </LineItemDetail>
    <LineItemDetail>
      <DetailNumber>3</DetailNumber>
      <LineItemNumber>1</LineItemNumber>
      <BatchSequenceNumber>5</BatchSequenceNumber>
      <RecordSequenceWithinBatch>3</RecordSequenceWithinBatch>
      <ChargeAmount Name="WeightBilled">5564.000</ChargeAmount>
      <ChargeAmount Name="WeightAccepted">411.000</ChargeAmount>
      <ChargeAmount Name="WeightDifference">5153.000</ChargeAmount>
      <ChargeAmount Name="ValuationBilled">0.000</ChargeAmount>
      <ChargeAmount Name="ValuationAccepted">0.000</ChargeAmount>
      <ChargeAmount Name="ValuationDifference">0.000</ChargeAmount>
      <AddOnCharges>
        <AddOnChargeName>ISCAllowed</AddOnChargeName>
        <AddOnChargeAmount>139.100</AddOnChargeAmount>
      </AddOnCharges>
      <AddOnCharges>
        <AddOnChargeName>ISCAccepted</AddOnChargeName>
        <AddOnChargeAmount>10.275</AddOnChargeAmount>
      </AddOnCharges>
      <AddOnCharges>
        <AddOnChargeName>ISCDifference</AddOnChargeName>
        <AddOnChargeAmount>128.825</AddOnChargeAmount>
      </AddOnCharges>
      <TotalNetAmount>5281.825</TotalNetAmount>
      <RejectionMemoDetails>
        <RejectionMemoNumber>RM300000022</RejectionMemoNumber>
        <RejectionStage>3</RejectionStage>
        <ReasonCode>10</ReasonCode>
        <YourInvoiceNumber>REJCTION22</YourInvoiceNumber>
        <YourInvoiceBillingDate>111001</YourInvoiceBillingDate>
        <YourRejectionMemoNumber>RMACSK00004</YourRejectionMemoNumber>
        <Attachment>
          <AttachmentIndicatorOriginal>N</AttachmentIndicatorOriginal>
          <AttachmentIndicatorValidated>N</AttachmentIndicatorValidated>
          <NumberOfAttachments>0</NumberOfAttachments>
        </Attachment>
        <AirWaybillBreakdown>
          <BreakdownSerialNumber>1</BreakdownSerialNumber>
          <AWBDate>2011-10-04</AWBDate>
          <BillingCode>C</BillingCode>
          <AWBIssuingAirline>117</AWBIssuingAirline>
          <AWBSerialNumber>4313414</AWBSerialNumber>
          <AWBCheckDigit>0</AWBCheckDigit>
          <ChargeAmount Name="WeightBilled">5564.000</ChargeAmount>
          <ChargeAmount Name="WeightAccepted">411.000</ChargeAmount>
          <ChargeAmount Name="WeightDifference">5153.000</ChargeAmount>
          <ChargeAmount Name="ValuationBilled">0.000</ChargeAmount>
          <ChargeAmount Name="ValuationAccepted">0.000</ChargeAmount>
          <ChargeAmount Name="ValuationDifference">0.000</ChargeAmount>
          <Tax>
            <TaxType>VAT</TaxType>
            <TaxAmount Name="Billed">0.000</TaxAmount>
            <TaxAmount Name="Accepted">0.000</TaxAmount>
            <TaxAmount Name="Difference">0.000</TaxAmount>
          </Tax>
          <AddOnCharges>
            <AddOnChargeName>ISCAllowed</AddOnChargeName>
            <AddOnChargePercentage>2.50</AddOnChargePercentage>
            <AddOnChargeAmount>139.100</AddOnChargeAmount>
          </AddOnCharges>
          <AddOnCharges>
            <AddOnChargeName>ISCAccepted</AddOnChargeName>
            <AddOnChargePercentage>2.50</AddOnChargePercentage>
            <AddOnChargeAmount>10.275</AddOnChargeAmount>
          </AddOnCharges>
          <AddOnCharges>
            <AddOnChargeName>ISCDifference</AddOnChargeName>
            <AddOnChargeAmount>128.825</AddOnChargeAmount>
          </AddOnCharges>
          <AddOnCharges>
            <AddOnChargeName>AmountSubjectToISCAllowed</AddOnChargeName>
            <AddOnChargeAmount>5564.000</AddOnChargeAmount>
          </AddOnCharges>
          <AddOnCharges>
            <AddOnChargeName>AmountSubjectToISCAccepted</AddOnChargeName>
            <AddOnChargeAmount>411.000</AddOnChargeAmount>
          </AddOnCharges>
          <TotalNetAmount>5281.825</TotalNetAmount>
          <OriginAirportCode>YTO</OriginAirportCode>
          <DestinationAirportCode>DEL</DestinationAirportCode>
          <FromAirportCode>YTO</FromAirportCode>
          <ToAirportOrPointOfTransferCode>FRA</ToAirportOrPointOfTransferCode>
          <DateOfCarriageOrTransfer>2011-10-05</DateOfCarriageOrTransfer>
          <BilledWeight>0</BilledWeight>
          <ProvisoReqSPA>P</ProvisoReqSPA>
          <CCAIndicator>N</CCAIndicator>
          <Attachment>
            <AttachmentIndicatorOriginal>N</AttachmentIndicatorOriginal>
            <AttachmentIndicatorValidated>N</AttachmentIndicatorValidated>
            <NumberOfAttachments>0</NumberOfAttachments>
          </Attachment>
        </AirWaybillBreakdown>
      </RejectionMemoDetails>
    </LineItemDetail>
    <InvoiceSummary>
      <LineItemCount>1</LineItemCount>
      <TotalLineItemAmount>8500.000</TotalLineItemAmount>
      <AddOnCharges>
        <AddOnChargeName>ISCAllowed</AddOnChargeName>
        <AddOnChargeAmount>-663.245</AddOnChargeAmount>
      </AddOnCharges>
      <TotalVATAmount>0.000</TotalVATAmount>
      <TotalAmountWithoutVAT>7836.755</TotalAmountWithoutVAT>
      <TotalAmount>7836.755</TotalAmount>
      <TotalAmountInClearanceCurrency>7515.757</TotalAmountInClearanceCurrency>
    </InvoiceSummary>
  </Invoice>
  <Invoice>
    <InvoiceHeader>
      <InvoiceNumber>AC1PNOVSK2</InvoiceNumber>
      <InvoiceDate>2012-01-31</InvoiceDate>
      <InvoiceType>Invoice</InvoiceType>
      <ChargeCategory>Cargo</ChargeCategory>
      <SellerOrganization>
        <OrganizationID>014</OrganizationID>
        <OrganizationDesignator>AC</OrganizationDesignator>
        <OrganizationName1>AIR CANADA</OrganizationName1>
        <TaxRegistrationID>TAXVAT001</TaxRegistrationID>
        <AdditionalTaxRegistrationID>ADDTIONAL123</AdditionalTaxRegistrationID>
        <CompanyRegistrationID>123456789</CompanyRegistrationID>
        <Address>
          <AddressLine1>Air Canada Centre Dorval zip 1252</AddressLine1>
          <AddressLine2>7373 Boul. Cote-Vertu Ouest</AddressLine2>
          <AddressLine3>ADDRESS</AddressLine3>
          <CityName>St-Laurent</CityName>
          <CountryCode>CA</CountryCode>
          <CountryName>CANADA</CountryName>
          <PostalCode>H4S 1Z3</PostalCode>
        </Address>
      </SellerOrganization>
      <BuyerOrganization>
        <OrganizationID>117</OrganizationID>
        <OrganizationDesignator>SK</OrganizationDesignator>
        <OrganizationName1>SCANDINAVIAN AIRLINES SYSTEM (SAS)</OrganizationName1>
        <Address>
          <AddressLine1>Fack - Stockholm</AddressLine1>
          <CityName>Stockholm</CityName>
          <CountryCode>SE</CountryCode>
          <CountryName>SWEDEN</CountryName>
          <PostalCode>S-195 87</PostalCode>
        </Address>
      </BuyerOrganization>
      <PaymentTerms>
        <CurrencyCode>CAD</CurrencyCode>
        <ClearanceCurrencyCode>USD</ClearanceCurrencyCode>
        <ExchangeRate>1.04271</ExchangeRate>
        <SettlementMonthPeriod>111201</SettlementMonthPeriod>
        <SettlementMethod>I</SettlementMethod>
      </PaymentTerms>
      <ISDetails>
        <DigitalSignatureFlag>Y</DigitalSignatureFlag>
      </ISDetails>
    </InvoiceHeader>
    <LineItem>
      <LineItemNumber>1</LineItemNumber>
      <ChargeCode>Prepaid AirWaybill</ChargeCode>
      <Description>AWBPrepaid</Description>
      <ChargeAmount Name="Weight">2200.000</ChargeAmount>
      <ChargeAmount Name="Valuation">600.000</ChargeAmount>
      <Tax>
        <TaxType>VAT</TaxType>
        <TaxAmount>150.000</TaxAmount>
        <TaxBreakdown>
          <TaxLabel>VAT</TaxLabel>
          <TaxIdentifier>WC</TaxIdentifier>
          <TaxableAmount>1500.000</TaxableAmount>
          <TaxPercent>10.00</TaxPercent>
          <TaxAmount>150.000</TaxAmount>
          <TaxText>VAT on Weight Charge</TaxText>
        </TaxBreakdown>
      </Tax>
      <AddOnCharges>
        <AddOnChargeName>ISCAllowed</AddOnChargeName>
        <AddOnChargeAmount>180.000</AddOnChargeAmount>
      </AddOnCharges>
      <AddOnCharges>
        <AddOnChargeName>OtherChargesAllowed</AddOnChargeName>
        <AddOnChargeAmount>320.000</AddOnChargeAmount>
      </AddOnCharges>
      <TotalNetAmount>3450.000</TotalNetAmount>
      <DetailCount>3</DetailCount>
    </LineItem>
    <LineItem>
      <LineItemNumber>2</LineItemNumber>
      <ChargeCode>Collect AirWaybill</ChargeCode>
      <Description>AWBChargeCollect</Description>
      <ChargeAmount Name="Weight">19900.000</ChargeAmount>
      <ChargeAmount Name="Valuation">70.000</ChargeAmount>
      <Tax>
        <TaxType>VAT</TaxType>
        <TaxAmount>161.000</TaxAmount>
        <TaxBreakdown>
          <TaxLabel>VAT</TaxLabel>
          <TaxIdentifier>OC</TaxIdentifier>
          <TaxableAmount>210.000</TaxableAmount>
          <TaxPercent>10.00</TaxPercent>
          <TaxAmount>21.000</TaxAmount>
          <TaxText>VAT on Security Charge</TaxText>
        </TaxBreakdown>
        <TaxBreakdown>
          <TaxLabel>VAT</TaxLabel>
          <TaxIdentifier>WC</TaxIdentifier>
          <TaxableAmount>1400.000</TaxableAmount>
          <TaxPercent>10.00</TaxPercent>
          <TaxAmount>140.000</TaxAmount>
          <TaxText>VAT on Weight Charge</TaxText>
        </TaxBreakdown>
      </Tax>
      <AddOnCharges>
        <AddOnChargeName>ISCAllowed</AddOnChargeName>
        <AddOnChargeAmount>65.500</AddOnChargeAmount>
      </AddOnCharges>
      <AddOnCharges>
        <AddOnChargeName>OtherChargesAllowed</AddOnChargeName>
        <AddOnChargeAmount>210.000</AddOnChargeAmount>
      </AddOnCharges>
      <TotalNetAmount>20406.500</TotalNetAmount>
      <DetailCount>4</DetailCount>
    </LineItem>
    <LineItemDetail>
      <DetailNumber>1</DetailNumber>
      <LineItemNumber>1</LineItemNumber>
      <BatchSequenceNumber>1</BatchSequenceNumber>
      <RecordSequenceWithinBatch>1</RecordSequenceWithinBatch>
      <ChargeAmount Name="WeightBilled">1500.000</ChargeAmount>
      <ChargeAmount Name="ValuationBilled">100.000</ChargeAmount>
      <Tax>
        <TaxType>VAT</TaxType>
        <TaxAmount Name="Billed">150.000</TaxAmount>
        <TaxBreakdown>
          <TaxLabel>VAT</TaxLabel>
          <TaxIdentifier>WC</TaxIdentifier>
          <TaxableAmount>1500.000</TaxableAmount>
          <TaxPercent>10.00</TaxPercent>
          <TaxAmount Name="Billed">150.000</TaxAmount>
          <TaxText>VAT on Weight Charge</TaxText>
        </TaxBreakdown>
      </Tax>
      <AddOnCharges>
        <AddOnChargeName>ISCAllowed</AddOnChargeName>
        <AddOnChargePercentage>10.00</AddOnChargePercentage>
        <AddOnChargeAmount>160.000</AddOnChargeAmount>
      </AddOnCharges>
      <AddOnCharges>
        <AddOnChargeName>OtherChargesAllowed</AddOnChargeName>
        <AddOnChargeAmount>200.000</AddOnChargeAmount>
      </AddOnCharges>
      <TotalNetAmount>2110.000</TotalNetAmount>
      <AirWaybillDetails>
        <AWBDate>2011-10-01</AWBDate>
        <AWBIssuingAirline>114</AWBIssuingAirline>
        <AWBSerialNumber>1365564</AWBSerialNumber>
        <AWBCheckDigit>4</AWBCheckDigit>
        <OriginAirportCode>BOM</OriginAirportCode>
        <DestinationAirportCode>STO</DestinationAirportCode>
        <FromAirportCode>BOM</FromAirportCode>
        <ToAirportOrPointOfTransferCode>STO</ToAirportOrPointOfTransferCode>
        <DateOfCarriageOrTransfer>2011-10-01</DateOfCarriageOrTransfer>
        <CurrAdjustmentIndicator>CAD</CurrAdjustmentIndicator>
        <BilledWeight>1400</BilledWeight>
        <ProvisoReqSPA>P</ProvisoReqSPA>
        <ProratePercentage>0</ProratePercentage>
        <PartShipmentIndicator>P</PartShipmentIndicator>
        <FilingReference>Filing Ref</FilingReference>
        <KgLbIndicator>K</KgLbIndicator>
        <CCAIndicator>Y</CCAIndicator>
        <OurRef>REF123332232      </OurRef>
        <Attachment>
          <AttachmentIndicatorOriginal>N</AttachmentIndicatorOriginal>
          <AttachmentIndicatorValidated>Y</AttachmentIndicatorValidated>
          <NumberOfAttachments>1</NumberOfAttachments>
        </Attachment>
        <ReferenceField10AN>Ref1</ReferenceField10AN>
        <ReferenceField10AN>Ref2</ReferenceField10AN>
        <ReferenceField10AN>Ref3</ReferenceField10AN>
        <ReferenceField10AN>Ref4</ReferenceField10AN>
        <ReferenceField20AN>Ref5</ReferenceField20AN>
        <AirlineOwnUse20AN>TEST</AirlineOwnUse20AN>
      </AirWaybillDetails>
    </LineItemDetail>
    <LineItemDetail>
      <DetailNumber>2</DetailNumber>
      <LineItemNumber>1</LineItemNumber>
      <BatchSequenceNumber>1</BatchSequenceNumber>
      <RecordSequenceWithinBatch>2</RecordSequenceWithinBatch>
      <ChargeAmount Name="WeightBilled">700.000</ChargeAmount>
      <ChargeAmount Name="ValuationBilled">100.000</ChargeAmount>
      <TotalNetAmount>800.000</TotalNetAmount>
      <AirWaybillDetails>
        <AWBDate>2011-10-16</AWBDate>
        <AWBIssuingAirline>114</AWBIssuingAirline>
        <AWBSerialNumber>3376786</AWBSerialNumber>
        <AWBCheckDigit>0</AWBCheckDigit>
        <OriginAirportCode>STO</OriginAirportCode>
        <DestinationAirportCode>YTO</DestinationAirportCode>
        <FromAirportCode>STO</FromAirportCode>
        <ToAirportOrPointOfTransferCode>YVR</ToAirportOrPointOfTransferCode>
        <DateOfCarriageOrTransfer>2011-10-31</DateOfCarriageOrTransfer>
        <CurrAdjustmentIndicator>CAD</CurrAdjustmentIndicator>
        <BilledWeight>100</BilledWeight>
        <ProvisoReqSPA>P</ProvisoReqSPA>
        <ProratePercentage>0</ProratePercentage>
        <PartShipmentIndicator>P</PartShipmentIndicator>
        <KgLbIndicator>K</KgLbIndicator>
        <CCAIndicator>Y</CCAIndicator>
        <Attachment>
          <AttachmentIndicatorOriginal>N</AttachmentIndicatorOriginal>
          <AttachmentIndicatorValidated>Y</AttachmentIndicatorValidated>
          <NumberOfAttachments>1</NumberOfAttachments>
        </Attachment>
        <ISValidationFlag>CD</ISValidationFlag>
      </AirWaybillDetails>
    </LineItemDetail>
    <LineItemDetail>
      <DetailNumber>3</DetailNumber>
      <LineItemNumber>1</LineItemNumber>
      <BatchSequenceNumber>1</BatchSequenceNumber>
      <RecordSequenceWithinBatch>3</RecordSequenceWithinBatch>
      <ChargeAmount Name="WeightBilled">0.000</ChargeAmount>
      <ChargeAmount Name="ValuationBilled">400.000</ChargeAmount>
      <AddOnCharges>
        <AddOnChargeName>ISCAllowed</AddOnChargeName>
        <AddOnChargePercentage>5.00</AddOnChargePercentage>
        <AddOnChargeAmount>20.000</AddOnChargeAmount>
      </AddOnCharges>
      <AddOnCharges>
        <AddOnChargeName>OtherChargesAllowed</AddOnChargeName>
        <AddOnChargeCode>CD</AddOnChargeCode>
        <AddOnChargeAmount>120.000</AddOnChargeAmount>
      </AddOnCharges>
      <TotalNetAmount>540.000</TotalNetAmount>
      <AirWaybillDetails>
        <AWBDate>2011-09-01</AWBDate>
        <AWBIssuingAirline>117</AWBIssuingAirline>
        <AWBSerialNumber>1424287</AWBSerialNumber>
        <AWBCheckDigit>9</AWBCheckDigit>
        <OriginAirportCode>YMQ</OriginAirportCode>
        <DestinationAirportCode>LHR</DestinationAirportCode>
        <FromAirportCode>YMQ</FromAirportCode>
        <ToAirportOrPointOfTransferCode>STO</ToAirportOrPointOfTransferCode>
        <DateOfCarriageOrTransfer>2011-09-27</DateOfCarriageOrTransfer>
        <CurrAdjustmentIndicator>CAD</CurrAdjustmentIndicator>
        <BilledWeight>0</BilledWeight>
        <ProvisoReqSPA>P</ProvisoReqSPA>
        <ProratePercentage>0</ProratePercentage>
        <PartShipmentIndicator>P</PartShipmentIndicator>
        <CCAIndicator>N</CCAIndicator>
        <Attachment>
          <AttachmentIndicatorOriginal>N</AttachmentIndicatorOriginal>
          <AttachmentIndicatorValidated>N</AttachmentIndicatorValidated>
          <NumberOfAttachments>0</NumberOfAttachments>
        </Attachment>
        <ISValidationFlag>CD</ISValidationFlag>
      </AirWaybillDetails>
    </LineItemDetail>
    <LineItemDetail>
      <DetailNumber>1</DetailNumber>
      <LineItemNumber>2</LineItemNumber>
      <BatchSequenceNumber>2</BatchSequenceNumber>
      <RecordSequenceWithinBatch>1</RecordSequenceWithinBatch>
      <ChargeAmount Name="WeightBilled">7000.000</ChargeAmount>
      <ChargeAmount Name="ValuationBilled">10.000</ChargeAmount>
      <Tax>
        <TaxType>VAT</TaxType>
        <TaxAmount Name="Billed">21.000</TaxAmount>
        <TaxBreakdown>
          <TaxCode>SC</TaxCode>
          <TaxLabel>VAT</TaxLabel>
          <TaxIdentifier>OC</TaxIdentifier>
          <TaxableAmount>210.000</TaxableAmount>
          <TaxPercent>10.00</TaxPercent>
          <TaxAmount Name="Billed">21.000</TaxAmount>
          <TaxText>VAT on Security Charge</TaxText>
        </TaxBreakdown>
      </Tax>
      <AddOnCharges>
        <AddOnChargeName>ISCAllowed</AddOnChargeName>
        <AddOnChargePercentage>10.00</AddOnChargePercentage>
        <AddOnChargeAmount>14.000</AddOnChargeAmount>
      </AddOnCharges>
      <AddOnCharges>
        <AddOnChargeName>OtherChargesAllowed</AddOnChargeName>
        <AddOnChargeCode>SC</AddOnChargeCode>
        <AddOnChargeAmount>210.000</AddOnChargeAmount>
      </AddOnCharges>
      <AddOnCharges>
        <AddOnChargeName>AmountSubjectToISCAllowed</AddOnChargeName>
        <AddOnChargeAmount>140.000</AddOnChargeAmount>
      </AddOnCharges>
      <TotalNetAmount>7255.000</TotalNetAmount>
      <AirWaybillDetails>
        <AWBDate>2011-09-16</AWBDate>
        <AWBIssuingAirline>117</AWBIssuingAirline>
        <AWBSerialNumber>5454555</AWBSerialNumber>
        <AWBCheckDigit>1</AWBCheckDigit>
        <OriginAirportCode>HKK</OriginAirportCode>
        <DestinationAirportCode>YTO</DestinationAirportCode>
        <FromAirportCode>HKK</FromAirportCode>
        <ToAirportOrPointOfTransferCode>LAX</ToAirportOrPointOfTransferCode>
        <DateOfCarriageOrTransfer>2011-09-30</DateOfCarriageOrTransfer>
        <CurrAdjustmentIndicator>CAD</CurrAdjustmentIndicator>
        <BilledWeight>400</BilledWeight>
        <ProvisoReqSPA>P</ProvisoReqSPA>
        <ProratePercentage>0</ProratePercentage>
        <KgLbIndicator>K</KgLbIndicator>
        <CCAIndicator>N</CCAIndicator>
        <Attachment>
          <AttachmentIndicatorOriginal>N</AttachmentIndicatorOriginal>
          <AttachmentIndicatorValidated>Y</AttachmentIndicatorValidated>
          <NumberOfAttachments>1</NumberOfAttachments>
        </Attachment>
      </AirWaybillDetails>
    </LineItemDetail>
    <LineItemDetail>
      <DetailNumber>2</DetailNumber>
      <LineItemNumber>2</LineItemNumber>
      <BatchSequenceNumber>2</BatchSequenceNumber>
      <RecordSequenceWithinBatch>2</RecordSequenceWithinBatch>
      <ChargeAmount Name="WeightBilled">1400.000</ChargeAmount>
      <ChargeAmount Name="ValuationBilled">40.000</ChargeAmount>
      <Tax>
        <TaxType>VAT</TaxType>
        <TaxAmount Name="Billed">140.000</TaxAmount>
        <TaxBreakdown>
          <TaxLabel>VAT</TaxLabel>
          <TaxIdentifier>WC</TaxIdentifier>
          <TaxableAmount>1400.000</TaxableAmount>
          <TaxPercent>10.00</TaxPercent>
          <TaxAmount Name="Billed">140.000</TaxAmount>
          <TaxText>VAT on Weight Charge</TaxText>
        </TaxBreakdown>
      </Tax>
      <AddOnCharges>
        <AddOnChargeName>ISCAllowed</AddOnChargeName>
        <AddOnChargePercentage>10.00</AddOnChargePercentage>
        <AddOnChargeAmount>0.500</AddOnChargeAmount>
      </AddOnCharges>
      <AddOnCharges>
        <AddOnChargeName>AmountSubjectToISCAllowed</AddOnChargeName>
        <AddOnChargeAmount>5.000</AddOnChargeAmount>
      </AddOnCharges>
      <TotalNetAmount>1580.500</TotalNetAmount>
      <AirWaybillDetails>
        <AWBDate>2011-10-01</AWBDate>
        <AWBIssuingAirline>117</AWBIssuingAirline>
        <AWBSerialNumber>1524312</AWBSerialNumber>
        <AWBCheckDigit>6</AWBCheckDigit>
        <OriginAirportCode>ORD</OriginAirportCode>
        <DestinationAirportCode>STO</DestinationAirportCode>
        <FromAirportCode>ORD</FromAirportCode>
        <ToAirportOrPointOfTransferCode>YTO</ToAirportOrPointOfTransferCode>
        <DateOfCarriageOrTransfer>2011-10-09</DateOfCarriageOrTransfer>
        <CurrAdjustmentIndicator>CAD</CurrAdjustmentIndicator>
        <BilledWeight>1400</BilledWeight>
        <ProvisoReqSPA>P</ProvisoReqSPA>
        <ProratePercentage>0</ProratePercentage>
        <PartShipmentIndicator>P</PartShipmentIndicator>
        <KgLbIndicator>K</KgLbIndicator>
        <CCAIndicator>Y</CCAIndicator>
        <Attachment>
          <AttachmentIndicatorOriginal>N</AttachmentIndicatorOriginal>
          <AttachmentIndicatorValidated>Y</AttachmentIndicatorValidated>
          <NumberOfAttachments>1</NumberOfAttachments>
        </Attachment>
      </AirWaybillDetails>
    </LineItemDetail>
    <LineItemDetail>
      <DetailNumber>3</DetailNumber>
      <LineItemNumber>2</LineItemNumber>
      <BatchSequenceNumber>2</BatchSequenceNumber>
      <RecordSequenceWithinBatch>3</RecordSequenceWithinBatch>
      <ChargeAmount Name="WeightBilled">4100.000</ChargeAmount>
      <ChargeAmount Name="ValuationBilled">10.000</ChargeAmount>
      <AddOnCharges>
        <AddOnChargeName>ISCAllowed</AddOnChargeName>
        <AddOnChargePercentage>10.00</AddOnChargePercentage>
        <AddOnChargeAmount>1.000</AddOnChargeAmount>
      </AddOnCharges>
      <AddOnCharges>
        <AddOnChargeName>AmountSubjectToISCAllowed</AddOnChargeName>
        <AddOnChargeAmount>10.000</AddOnChargeAmount>
      </AddOnCharges>
      <TotalNetAmount>4111.000</TotalNetAmount>
      <AirWaybillDetails>
        <AWBDate>2011-10-12</AWBDate>
        <AWBIssuingAirline>117</AWBIssuingAirline>
        <AWBSerialNumber>5454565</AWBSerialNumber>
        <AWBCheckDigit>4</AWBCheckDigit>
        <OriginAirportCode>SCL</OriginAirportCode>
        <DestinationAirportCode>STO</DestinationAirportCode>
        <FromAirportCode>SCL</FromAirportCode>
        <ToAirportOrPointOfTransferCode>YTO</ToAirportOrPointOfTransferCode>
        <DateOfCarriageOrTransfer>2011-10-19</DateOfCarriageOrTransfer>
        <CurrAdjustmentIndicator>CAD</CurrAdjustmentIndicator>
        <BilledWeight>1400</BilledWeight>
        <ProvisoReqSPA>P</ProvisoReqSPA>
        <ProratePercentage>0</ProratePercentage>
        <PartShipmentIndicator>P</PartShipmentIndicator>
        <KgLbIndicator>K</KgLbIndicator>
        <CCAIndicator>Y</CCAIndicator>
        <Attachment>
          <AttachmentIndicatorOriginal>N</AttachmentIndicatorOriginal>
          <AttachmentIndicatorValidated>N</AttachmentIndicatorValidated>
          <NumberOfAttachments>0</NumberOfAttachments>
        </Attachment>
        <ISValidationFlag>CD</ISValidationFlag>
      </AirWaybillDetails>
    </LineItemDetail>
    <LineItemDetail>
      <DetailNumber>4</DetailNumber>
      <LineItemNumber>2</LineItemNumber>
      <BatchSequenceNumber>2</BatchSequenceNumber>
      <RecordSequenceWithinBatch>4</RecordSequenceWithinBatch>
      <ChargeAmount Name="WeightBilled">7400.000</ChargeAmount>
      <ChargeAmount Name="ValuationBilled">10.000</ChargeAmount>
      <AddOnCharges>
        <AddOnChargeName>ISCAllowed</AddOnChargeName>
        <AddOnChargePercentage>10.00</AddOnChargePercentage>
        <AddOnChargeAmount>50.000</AddOnChargeAmount>
      </AddOnCharges>
      <AddOnCharges>
        <AddOnChargeName>AmountSubjectToISCAllowed</AddOnChargeName>
        <AddOnChargeAmount>500.000</AddOnChargeAmount>
      </AddOnCharges>
      <TotalNetAmount>7460.000</TotalNetAmount>
      <AirWaybillDetails>
        <AWBDate>2011-10-13</AWBDate>
        <AWBIssuingAirline>117</AWBIssuingAirline>
        <AWBSerialNumber>1424311</AWBSerialNumber>
        <AWBCheckDigit>0</AWBCheckDigit>
        <OriginAirportCode>MIA</OriginAirportCode>
        <DestinationAirportCode>STO</DestinationAirportCode>
        <FromAirportCode>MIA</FromAirportCode>
        <ToAirportOrPointOfTransferCode>YMQ</ToAirportOrPointOfTransferCode>
        <DateOfCarriageOrTransfer>2011-10-20</DateOfCarriageOrTransfer>
        <CurrAdjustmentIndicator>CAD</CurrAdjustmentIndicator>
        <BilledWeight>1400</BilledWeight>
        <ProvisoReqSPA>P</ProvisoReqSPA>
        <ProratePercentage>0</ProratePercentage>
        <PartShipmentIndicator>P</PartShipmentIndicator>
        <KgLbIndicator>K</KgLbIndicator>
        <CCAIndicator>Y</CCAIndicator>
        <Attachment>
          <AttachmentIndicatorOriginal>N</AttachmentIndicatorOriginal>
          <AttachmentIndicatorValidated>N</AttachmentIndicatorValidated>
          <NumberOfAttachments>0</NumberOfAttachments>
        </Attachment>
        <ISValidationFlag>CD</ISValidationFlag>
      </AirWaybillDetails>
    </LineItemDetail>
    <InvoiceSummary>
      <LineItemCount>2</LineItemCount>
      <TotalLineItemAmount>22770.000</TotalLineItemAmount>
      <Tax>
        <TaxType>VAT</TaxType>
        <TaxAmount>311.000</TaxAmount>
        <TaxBreakdown>
          <TaxLabel>VAT</TaxLabel>
          <TaxIdentifier>WC</TaxIdentifier>
          <TaxableAmount>2900.000</TaxableAmount>
          <TaxPercent>10.00</TaxPercent>
          <TaxAmount>290.000</TaxAmount>
          <TaxText>VAT on Weight Charge</TaxText>
        </TaxBreakdown>
        <TaxBreakdown>
          <TaxLabel>VAT</TaxLabel>
          <TaxIdentifier>OC</TaxIdentifier>
          <TaxableAmount>210.000</TaxableAmount>
          <TaxPercent>10.00</TaxPercent>
          <TaxAmount>21.000</TaxAmount>
          <TaxText>VAT on Security Charge</TaxText>
        </TaxBreakdown>
      </Tax>
      <AddOnCharges>
        <AddOnChargeName>ISCAllowed</AddOnChargeName>
        <AddOnChargeAmount>245.500</AddOnChargeAmount>
      </AddOnCharges>
      <AddOnCharges>
        <AddOnChargeName>OtherChargesAllowed</AddOnChargeName>
        <AddOnChargeAmount>530.000</AddOnChargeAmount>
      </AddOnCharges>
      <TotalVATAmount>311.000</TotalVATAmount>
      <TotalAmountWithoutVAT>23545.500</TotalAmountWithoutVAT>
      <TotalAmount>23856.500</TotalAmount>
      <TotalAmountInClearanceCurrency>22879.324</TotalAmountInClearanceCurrency>
      <LegalText>*********************** TEST INVOICE ********************</LegalText>
    </InvoiceSummary>
  </Invoice>
  <Invoice>
    <InvoiceHeader>
      <InvoiceNumber>AC1PNOVSK6</InvoiceNumber>
      <InvoiceDate>2012-01-31</InvoiceDate>
      <InvoiceType>Invoice</InvoiceType>
      <ChargeCategory>Cargo</ChargeCategory>
      <SellerOrganization>
        <OrganizationID>014</OrganizationID>
        <OrganizationDesignator>AC</OrganizationDesignator>
        <OrganizationName1>AIR CANADA</OrganizationName1>
        <TaxRegistrationID>TAXVAT001</TaxRegistrationID>
        <AdditionalTaxRegistrationID>ADDTIONAL123</AdditionalTaxRegistrationID>
        <CompanyRegistrationID>123456789</CompanyRegistrationID>
        <Address>
          <AddressLine1>Air Canada Centre Dorval zip 1252</AddressLine1>
          <AddressLine2>7373 Boul. Cote-Vertu Ouest</AddressLine2>
          <AddressLine3>ADDRESS</AddressLine3>
          <CityName>St-Laurent</CityName>
          <CountryCode>CA</CountryCode>
          <CountryName>CANADA</CountryName>
          <PostalCode>H4S 1Z3</PostalCode>
        </Address>
      </SellerOrganization>
      <BuyerOrganization>
        <OrganizationID>117</OrganizationID>
        <OrganizationDesignator>SK</OrganizationDesignator>
        <OrganizationName1>SCANDINAVIAN AIRLINES SYSTEM (SAS)</OrganizationName1>
        <Address>
          <AddressLine1>Fack - Stockholm</AddressLine1>
          <CityName>Stockholm</CityName>
          <CountryCode>SE</CountryCode>
          <CountryName>SWEDEN</CountryName>
          <PostalCode>S-195 87</PostalCode>
        </Address>
      </BuyerOrganization>
      <PaymentTerms>
        <CurrencyCode>USD</CurrencyCode>
        <ClearanceCurrencyCode>USD</ClearanceCurrencyCode>
        <ExchangeRate>1.00000</ExchangeRate>
        <SettlementMonthPeriod>111201</SettlementMonthPeriod>
        <SettlementMethod>I</SettlementMethod>
      </PaymentTerms>
      <ISDetails>
        <DigitalSignatureFlag>Y</DigitalSignatureFlag>
      </ISDetails>
    </InvoiceHeader>
    <LineItem>
      <LineItemNumber>1</LineItemNumber>
      <ChargeCode>Billing Memo</ChargeCode>
      <Description>BillingMemo</Description>
      <ChargeAmount Name="Weight">45348.120</ChargeAmount>
      <ChargeAmount Name="Valuation">320.151</ChargeAmount>
      <AddOnCharges>
        <AddOnChargeName>ISCAllowed</AddOnChargeName>
        <AddOnChargeAmount>-1671.133</AddOnChargeAmount>
      </AddOnCharges>
      <AddOnCharges>
        <AddOnChargeName>OtherChargesAllowed</AddOnChargeName>
        <AddOnChargeAmount>353.100</AddOnChargeAmount>
      </AddOnCharges>
      <TotalNetAmount>44350.238</TotalNetAmount>
      <DetailCount>2</DetailCount>
    </LineItem>
    <LineItemDetail>
      <DetailNumber>1</DetailNumber>
      <LineItemNumber>1</LineItemNumber>
      <BatchSequenceNumber>1</BatchSequenceNumber>
      <RecordSequenceWithinBatch>1</RecordSequenceWithinBatch>
      <ChargeAmount Name="WeightBilled">32025.120</ChargeAmount>
      <ChargeAmount Name="ValuationBilled">200.151</ChargeAmount>
      <AddOnCharges>
        <AddOnChargeName>ISCAllowed</AddOnChargeName>
        <AddOnChargeAmount>-998.983</AddOnChargeAmount>
      </AddOnCharges>
      <AddOnCharges>
        <AddOnChargeName>OtherChargesAllowed</AddOnChargeName>
        <AddOnChargeAmount>353.100</AddOnChargeAmount>
      </AddOnCharges>
      <TotalNetAmount>31579.388</TotalNetAmount>
      <BillingMemoDetails>
        <BillingMemoNumber>BMT011</BillingMemoNumber>
        <ReasonCode>0W</ReasonCode>
        <ReasonDescription>Billing memo for Invoice ACBMSK01</ReasonDescription>
        <CorrespondenceRefNumber>0</CorrespondenceRefNumber>
        <OurRef>1234</OurRef>
        <YourInvoiceNumber>ACBMSK01</YourInvoiceNumber>
        <YourInvoiceBillingDate>111004</YourInvoiceBillingDate>
        <Attachment>
          <AttachmentIndicatorOriginal>N</AttachmentIndicatorOriginal>
          <AttachmentIndicatorValidated>Y</AttachmentIndicatorValidated>
          <NumberOfAttachments>2</NumberOfAttachments>
        </Attachment>
        <AirlineOwnUse20AN>222</AirlineOwnUse20AN>
        <AirWaybillBreakdown>
          <BreakdownSerialNumber>1</BreakdownSerialNumber>
          <AWBDate>2011-10-05</AWBDate>
          <BillingCode>P</BillingCode>
          <AWBIssuingAirline>014</AWBIssuingAirline>
          <AWBSerialNumber>1234567</AWBSerialNumber>
          <AWBCheckDigit>5</AWBCheckDigit>
          <ChargeAmount Name="WeightBilled">32025.120</ChargeAmount>
          <ChargeAmount Name="ValuationBilled">200.151</ChargeAmount>
          <AddOnCharges>
            <AddOnChargeName>ISCAllowed</AddOnChargeName>
            <AddOnChargePercentage>-3.10</AddOnChargePercentage>
            <AddOnChargeAmount>-998.983</AddOnChargeAmount>
          </AddOnCharges>
          <AddOnCharges>
            <AddOnChargeName>OtherChargesAllowed</AddOnChargeName>
            <AddOnChargeAmount>353.100</AddOnChargeAmount>
          </AddOnCharges>
          <TotalNetAmount>31579.388</TotalNetAmount>
          <OriginAirportCode>AMM</OriginAirportCode>
          <DestinationAirportCode>JAN</DestinationAirportCode>
          <FromAirportCode>AMM</FromAirportCode>
          <ToAirportOrPointOfTransferCode>JAN</ToAirportOrPointOfTransferCode>
          <DateOfCarriageOrTransfer>2011-11-03</DateOfCarriageOrTransfer>
          <CurrAdjustmentIndicator>USD</CurrAdjustmentIndicator>
          <BilledWeight>2523</BilledWeight>
          <ProvisoReqSPA>P</ProvisoReqSPA>
          <KgLbIndicator>K</KgLbIndicator>
          <CCAIndicator>N</CCAIndicator>
          <Attachment>
            <AttachmentIndicatorOriginal>N</AttachmentIndicatorOriginal>
            <AttachmentIndicatorValidated>N</AttachmentIndicatorValidated>
            <NumberOfAttachments>0</NumberOfAttachments>
          </Attachment>
        </AirWaybillBreakdown>
      </BillingMemoDetails>
    </LineItemDetail>
    <LineItemDetail>
      <DetailNumber>2</DetailNumber>
      <LineItemNumber>1</LineItemNumber>
      <BatchSequenceNumber>1</BatchSequenceNumber>
      <RecordSequenceWithinBatch>2</RecordSequenceWithinBatch>
      <ChargeAmount Name="WeightBilled">13323.000</ChargeAmount>
      <ChargeAmount Name="ValuationBilled">120.000</ChargeAmount>
      <AddOnCharges>
        <AddOnChargeName>ISCAllowed</AddOnChargeName>
        <AddOnChargeAmount>-672.150</AddOnChargeAmount>
      </AddOnCharges>
      <TotalNetAmount>12770.850</TotalNetAmount>
      <BillingMemoDetails>
        <BillingMemoNumber>BM012379898</BillingMemoNumber>
        <ReasonCode>2A</ReasonCode>
        <ReasonDescription>As per the email communication dated 21st Nov 2011 where you granted authority  </ReasonDescription>
        <ReasonDescription>to bill the AWB 4112331 outside time limit, we are herewith raising a Billing Me</ReasonDescription>
        <ReasonDescription>mo for the same.</ReasonDescription>
        <CorrespondenceRefNumber>0</CorrespondenceRefNumber>
        <Attachment>
          <AttachmentIndicatorOriginal>N</AttachmentIndicatorOriginal>
          <AttachmentIndicatorValidated>N</AttachmentIndicatorValidated>
          <NumberOfAttachments>0</NumberOfAttachments>
        </Attachment>
        <AirWaybillBreakdown>
          <BreakdownSerialNumber>1</BreakdownSerialNumber>
          <AWBDate>2011-02-01</AWBDate>
          <BillingCode>P</BillingCode>
          <AWBIssuingAirline>014</AWBIssuingAirline>
          <AWBSerialNumber>4112331</AWBSerialNumber>
          <AWBCheckDigit>6</AWBCheckDigit>
          <ChargeAmount Name="WeightBilled">13323.000</ChargeAmount>
          <ChargeAmount Name="ValuationBilled">120.000</ChargeAmount>
          <AddOnCharges>
            <AddOnChargeName>ISCAllowed</AddOnChargeName>
            <AddOnChargePercentage>-5.00</AddOnChargePercentage>
            <AddOnChargeAmount>-672.150</AddOnChargeAmount>
          </AddOnCharges>
          <TotalNetAmount>12770.850</TotalNetAmount>
          <OriginAirportCode>YVR</OriginAirportCode>
          <DestinationAirportCode>HKK</DestinationAirportCode>
          <FromAirportCode>YVR</FromAirportCode>
          <ToAirportOrPointOfTransferCode>LAX</ToAirportOrPointOfTransferCode>
          <DateOfCarriageOrTransfer>2011-03-18</DateOfCarriageOrTransfer>
          <CCAIndicator>N</CCAIndicator>
          <Attachment>
            <AttachmentIndicatorOriginal>N</AttachmentIndicatorOriginal>
            <AttachmentIndicatorValidated>N</AttachmentIndicatorValidated>
            <NumberOfAttachments>0</NumberOfAttachments>
          </Attachment>
        </AirWaybillBreakdown>
      </BillingMemoDetails>
    </LineItemDetail>
    <InvoiceSummary>
      <LineItemCount>1</LineItemCount>
      <TotalLineItemAmount>45668.271</TotalLineItemAmount>
      <AddOnCharges>
        <AddOnChargeName>ISCAllowed</AddOnChargeName>
        <AddOnChargeAmount>-1671.133</AddOnChargeAmount>
      </AddOnCharges>
      <AddOnCharges>
        <AddOnChargeName>OtherChargesAllowed</AddOnChargeName>
        <AddOnChargeAmount>353.100</AddOnChargeAmount>
      </AddOnCharges>
      <TotalVATAmount>0.000</TotalVATAmount>
      <TotalAmountWithoutVAT>44350.238</TotalAmountWithoutVAT>
      <TotalAmount>44350.238</TotalAmount>
      <TotalAmountInClearanceCurrency>44350.238</TotalAmountInClearanceCurrency>
    </InvoiceSummary>
  </Invoice>
  <Invoice>
    <InvoiceHeader>
      <InvoiceNumber>AC1PNOVSK4</InvoiceNumber>
      <InvoiceDate>2012-01-31</InvoiceDate>
      <InvoiceType>Invoice</InvoiceType>
      <ChargeCategory>Cargo</ChargeCategory>
      <SellerOrganization>
        <OrganizationID>014</OrganizationID>
        <OrganizationDesignator>AC</OrganizationDesignator>
        <OrganizationName1>AIR CANADA</OrganizationName1>
        <TaxRegistrationID>TAXVAT001</TaxRegistrationID>
        <AdditionalTaxRegistrationID>ADDTIONAL123</AdditionalTaxRegistrationID>
        <CompanyRegistrationID>123456789</CompanyRegistrationID>
        <Address>
          <AddressLine1>Air Canada Centre Dorval zip 1252</AddressLine1>
          <AddressLine2>7373 Boul. Cote-Vertu Ouest</AddressLine2>
          <AddressLine3>ADDRESS</AddressLine3>
          <CityName>St-Laurent</CityName>
          <CountryCode>CA</CountryCode>
          <CountryName>CANADA</CountryName>
          <PostalCode>H4S 1Z3</PostalCode>
        </Address>
      </SellerOrganization>
      <BuyerOrganization>
        <OrganizationID>117</OrganizationID>
        <OrganizationDesignator>SK</OrganizationDesignator>
        <OrganizationName1>SCANDINAVIAN AIRLINES SYSTEM (SAS)</OrganizationName1>
        <Address>
          <AddressLine1>Fack - Stockholm</AddressLine1>
          <CityName>Stockholm</CityName>
          <CountryCode>SE</CountryCode>
          <CountryName>SWEDEN</CountryName>
          <PostalCode>S-195 87</PostalCode>
        </Address>
      </BuyerOrganization>
      <PaymentTerms>
        <CurrencyCode>CAD</CurrencyCode>
        <ClearanceCurrencyCode>USD</ClearanceCurrencyCode>
        <ExchangeRate>1.04271</ExchangeRate>
        <SettlementMonthPeriod>111201</SettlementMonthPeriod>
        <SettlementMethod>I</SettlementMethod>
      </PaymentTerms>
      <ISDetails>
        <DigitalSignatureFlag>Y</DigitalSignatureFlag>
      </ISDetails>
    </InvoiceHeader>
    <LineItem>
      <LineItemNumber>1</LineItemNumber>
      <ChargeCode>Rejection Memo</ChargeCode>
      <Description>RejectionMemo</Description>
      <ChargeAmount Name="Weight">2493.110</ChargeAmount>
      <ChargeAmount Name="Valuation">73634.640</ChargeAmount>
      <AddOnCharges>
        <AddOnChargeName>ISCAllowed</AddOnChargeName>
        <AddOnChargeAmount>260.150</AddOnChargeAmount>
      </AddOnCharges>
      <AddOnCharges>
        <AddOnChargeName>OtherChargesAllowed</AddOnChargeName>
        <AddOnChargeAmount>674.321</AddOnChargeAmount>
      </AddOnCharges>
      <TotalNetAmount>77062.221</TotalNetAmount>
      <DetailCount>3</DetailCount>
    </LineItem>
    <LineItemDetail>
      <DetailNumber>1</DetailNumber>
      <LineItemNumber>1</LineItemNumber>
      <BatchSequenceNumber>5</BatchSequenceNumber>
      <RecordSequenceWithinBatch>1</RecordSequenceWithinBatch>
      <ChargeAmount Name="WeightBilled">2563.110</ChargeAmount>
      <ChargeAmount Name="WeightAccepted">3321.220</ChargeAmount>
      <ChargeAmount Name="WeightDifference">758.110</ChargeAmount>
      <ChargeAmount Name="ValuationBilled">23369.990</ChargeAmount>
      <ChargeAmount Name="ValuationAccepted">96874.630</ChargeAmount>
      <ChargeAmount Name="ValuationDifference">73504.640</ChargeAmount>
      <AddOnCharges>
        <AddOnChargeName>ISCAllowed</AddOnChargeName>
        <AddOnChargeAmount>256.990</AddOnChargeAmount>
      </AddOnCharges>
      <AddOnCharges>
        <AddOnChargeName>ISCAccepted</AddOnChargeName>
        <AddOnChargeAmount>667.990</AddOnChargeAmount>
      </AddOnCharges>
      <AddOnCharges>
        <AddOnChargeName>ISCDifference</AddOnChargeName>
        <AddOnChargeAmount>411.000</AddOnChargeAmount>
      </AddOnCharges>
      <AddOnCharges>
        <AddOnChargeName>OtherChargesAllowed</AddOnChargeName>
        <AddOnChargeAmount>25.669</AddOnChargeAmount>
      </AddOnCharges>
      <AddOnCharges>
        <AddOnChargeName>OtherChargesAccepted</AddOnChargeName>
        <AddOnChargeAmount>699.990</AddOnChargeAmount>
      </AddOnCharges>
      <AddOnCharges>
        <AddOnChargeName>OtherChargesDifference</AddOnChargeName>
        <AddOnChargeAmount>674.321</AddOnChargeAmount>
      </AddOnCharges>
      <TotalNetAmount>75348.071</TotalNetAmount>
      <RejectionMemoDetails>
        <RejectionMemoNumber>RM220000000</RejectionMemoNumber>
        <RejectionStage>2</RejectionStage>
        <ReasonCode>99</ReasonCode>
        <YourInvoiceNumber>REJCTION10</YourInvoiceNumber>
        <YourInvoiceBillingDate>111001</YourInvoiceBillingDate>
        <YourRejectionMemoNumber>RMSKAC00001</YourRejectionMemoNumber>
        <Attachment>
          <AttachmentIndicatorOriginal>N</AttachmentIndicatorOriginal>
          <AttachmentIndicatorValidated>N</AttachmentIndicatorValidated>
          <NumberOfAttachments>0</NumberOfAttachments>
        </Attachment>
      </RejectionMemoDetails>
    </LineItemDetail>
    <LineItemDetail>
      <DetailNumber>2</DetailNumber>
      <LineItemNumber>1</LineItemNumber>
      <BatchSequenceNumber>5</BatchSequenceNumber>
      <RecordSequenceWithinBatch>2</RecordSequenceWithinBatch>
      <ChargeAmount Name="WeightBilled">4885.000</ChargeAmount>
      <ChargeAmount Name="WeightAccepted">6200.000</ChargeAmount>
      <ChargeAmount Name="WeightDifference">1315.000</ChargeAmount>
      <ChargeAmount Name="ValuationBilled">0.000</ChargeAmount>
      <ChargeAmount Name="ValuationAccepted">0.000</ChargeAmount>
      <ChargeAmount Name="ValuationDifference">0.000</ChargeAmount>
      <AddOnCharges>
        <AddOnChargeName>ISCAllowed</AddOnChargeName>
        <AddOnChargeAmount>-439.650</AddOnChargeAmount>
      </AddOnCharges>
      <AddOnCharges>
        <AddOnChargeName>ISCAccepted</AddOnChargeName>
        <AddOnChargeAmount>-558.000</AddOnChargeAmount>
      </AddOnCharges>
      <AddOnCharges>
        <AddOnChargeName>ISCDifference</AddOnChargeName>
        <AddOnChargeAmount>-118.350</AddOnChargeAmount>
      </AddOnCharges>
      <TotalNetAmount>1196.650</TotalNetAmount>
      <RejectionMemoDetails>
        <RejectionMemoNumber>RM200000011</RejectionMemoNumber>
        <RejectionStage>2</RejectionStage>
        <ReasonCode>01</ReasonCode>
        <YourInvoiceNumber>REJCTION11</YourInvoiceNumber>
        <YourInvoiceBillingDate>111001</YourInvoiceBillingDate>
        <YourRejectionMemoNumber>RMSKAC00002</YourRejectionMemoNumber>
        <Attachment>
          <AttachmentIndicatorOriginal>N</AttachmentIndicatorOriginal>
          <AttachmentIndicatorValidated>Y</AttachmentIndicatorValidated>
          <NumberOfAttachments>1</NumberOfAttachments>
        </Attachment>
        <AirWaybillBreakdown>
          <BreakdownSerialNumber>1</BreakdownSerialNumber>
          <AWBDate>2011-08-03</AWBDate>
          <BillingCode>P</BillingCode>
          <AWBIssuingAirline>014</AWBIssuingAirline>
          <AWBSerialNumber>6541211</AWBSerialNumber>
          <AWBCheckDigit>5</AWBCheckDigit>
          <ChargeAmount Name="WeightBilled">2555.000</ChargeAmount>
          <ChargeAmount Name="WeightAccepted">3200.000</ChargeAmount>
          <ChargeAmount Name="WeightDifference">645.000</ChargeAmount>
          <ChargeAmount Name="ValuationBilled">0.000</ChargeAmount>
          <ChargeAmount Name="ValuationAccepted">0.000</ChargeAmount>
          <ChargeAmount Name="ValuationDifference">0.000</ChargeAmount>
          <Tax>
            <TaxType>VAT</TaxType>
            <TaxAmount Name="Billed">0.000</TaxAmount>
            <TaxAmount Name="Accepted">0.000</TaxAmount>
            <TaxAmount Name="Difference">0.000</TaxAmount>
          </Tax>
          <AddOnCharges>
            <AddOnChargeName>ISCAllowed</AddOnChargeName>
            <AddOnChargePercentage>-9.00</AddOnChargePercentage>
            <AddOnChargeAmount>-229.950</AddOnChargeAmount>
          </AddOnCharges>
          <AddOnCharges>
            <AddOnChargeName>ISCAccepted</AddOnChargeName>
            <AddOnChargePercentage>-9.00</AddOnChargePercentage>
            <AddOnChargeAmount>-288.000</AddOnChargeAmount>
          </AddOnCharges>
          <AddOnCharges>
            <AddOnChargeName>ISCDifference</AddOnChargeName>
            <AddOnChargeAmount>-58.050</AddOnChargeAmount>
          </AddOnCharges>
          <TotalNetAmount>586.950</TotalNetAmount>
          <OriginAirportCode>YMQ</OriginAirportCode>
          <DestinationAirportCode>DOH</DestinationAirportCode>
          <FromAirportCode>LON</FromAirportCode>
          <ToAirportOrPointOfTransferCode>DOH</ToAirportOrPointOfTransferCode>
          <DateOfCarriageOrTransfer>2011-10-06</DateOfCarriageOrTransfer>
          <BilledWeight>0</BilledWeight>
          <ProvisoReqSPA>P</ProvisoReqSPA>
          <CCAIndicator>N</CCAIndicator>
          <Attachment>
            <AttachmentIndicatorOriginal>N</AttachmentIndicatorOriginal>
            <AttachmentIndicatorValidated>Y</AttachmentIndicatorValidated>
            <NumberOfAttachments>1</NumberOfAttachments>
          </Attachment>
        </AirWaybillBreakdown>
        <AirWaybillBreakdown>
          <BreakdownSerialNumber>2</BreakdownSerialNumber>
          <AWBDate>2011-08-18</AWBDate>
          <BillingCode>P</BillingCode>
          <AWBIssuingAirline>014</AWBIssuingAirline>
          <AWBSerialNumber>6546546</AWBSerialNumber>
          <AWBCheckDigit>6</AWBCheckDigit>
          <ChargeAmount Name="WeightBilled">2330.000</ChargeAmount>
          <ChargeAmount Name="WeightAccepted">3000.000</ChargeAmount>
          <ChargeAmount Name="WeightDifference">670.000</ChargeAmount>
          <ChargeAmount Name="ValuationBilled">0.000</ChargeAmount>
          <ChargeAmount Name="ValuationAccepted">0.000</ChargeAmount>
          <ChargeAmount Name="ValuationDifference">0.000</ChargeAmount>
          <Tax>
            <TaxType>VAT</TaxType>
            <TaxAmount Name="Billed">0.000</TaxAmount>
            <TaxAmount Name="Accepted">0.000</TaxAmount>
            <TaxAmount Name="Difference">0.000</TaxAmount>
          </Tax>
          <AddOnCharges>
            <AddOnChargeName>ISCAllowed</AddOnChargeName>
            <AddOnChargePercentage>-9.00</AddOnChargePercentage>
            <AddOnChargeAmount>-209.700</AddOnChargeAmount>
          </AddOnCharges>
          <AddOnCharges>
            <AddOnChargeName>ISCAccepted</AddOnChargeName>
            <AddOnChargePercentage>-9.00</AddOnChargePercentage>
            <AddOnChargeAmount>-270.000</AddOnChargeAmount>
          </AddOnCharges>
          <AddOnCharges>
            <AddOnChargeName>ISCDifference</AddOnChargeName>
            <AddOnChargeAmount>-60.300</AddOnChargeAmount>
          </AddOnCharges>
          <TotalNetAmount>609.700</TotalNetAmount>
          <OriginAirportCode>YMQ</OriginAirportCode>
          <DestinationAirportCode>DOH</DestinationAirportCode>
          <FromAirportCode>YMQ</FromAirportCode>
          <ToAirportOrPointOfTransferCode>LON</ToAirportOrPointOfTransferCode>
          <DateOfCarriageOrTransfer>2011-10-18</DateOfCarriageOrTransfer>
          <BilledWeight>0</BilledWeight>
          <ProvisoReqSPA>P</ProvisoReqSPA>
          <CCAIndicator>N</CCAIndicator>
          <Attachment>
            <AttachmentIndicatorOriginal>N</AttachmentIndicatorOriginal>
            <AttachmentIndicatorValidated>N</AttachmentIndicatorValidated>
            <NumberOfAttachments>0</NumberOfAttachments>
          </Attachment>
        </AirWaybillBreakdown>
      </RejectionMemoDetails>
    </LineItemDetail>
    <LineItemDetail>
      <DetailNumber>3</DetailNumber>
      <LineItemNumber>1</LineItemNumber>
      <BatchSequenceNumber>5</BatchSequenceNumber>
      <RecordSequenceWithinBatch>3</RecordSequenceWithinBatch>
      <ChargeAmount Name="WeightBilled">2500.000</ChargeAmount>
      <ChargeAmount Name="WeightAccepted">2920.000</ChargeAmount>
      <ChargeAmount Name="WeightDifference">420.000</ChargeAmount>
      <ChargeAmount Name="ValuationBilled">655.000</ChargeAmount>
      <ChargeAmount Name="ValuationAccepted">785.000</ChargeAmount>
      <ChargeAmount Name="ValuationDifference">130.000</ChargeAmount>
      <AddOnCharges>
        <AddOnChargeName>ISCAllowed</AddOnChargeName>
        <AddOnChargeAmount>62.500</AddOnChargeAmount>
      </AddOnCharges>
      <AddOnCharges>
        <AddOnChargeName>ISCAccepted</AddOnChargeName>
        <AddOnChargeAmount>30.000</AddOnChargeAmount>
      </AddOnCharges>
      <AddOnCharges>
        <AddOnChargeName>ISCDifference</AddOnChargeName>
        <AddOnChargeAmount>-32.500</AddOnChargeAmount>
      </AddOnCharges>
      <TotalNetAmount>517.500</TotalNetAmount>
      <RejectionMemoDetails>
        <RejectionMemoNumber>RM200000022</RejectionMemoNumber>
        <RejectionStage>2</RejectionStage>
        <ReasonCode>02</ReasonCode>
        <YourInvoiceNumber>REJCTION12</YourInvoiceNumber>
        <YourInvoiceBillingDate>111001</YourInvoiceBillingDate>
        <YourRejectionMemoNumber>RMSKAC00003</YourRejectionMemoNumber>
        <Attachment>
          <AttachmentIndicatorOriginal>N</AttachmentIndicatorOriginal>
          <AttachmentIndicatorValidated>N</AttachmentIndicatorValidated>
          <NumberOfAttachments>0</NumberOfAttachments>
        </Attachment>
        <AirWaybillBreakdown>
          <BreakdownSerialNumber>1</BreakdownSerialNumber>
          <AWBDate>2011-09-01</AWBDate>
          <BillingCode>C</BillingCode>
          <AWBIssuingAirline>014</AWBIssuingAirline>
          <AWBSerialNumber>6544646</AWBSerialNumber>
          <AWBCheckDigit>3</AWBCheckDigit>
          <ChargeAmount Name="WeightBilled">2500.000</ChargeAmount>
          <ChargeAmount Name="WeightAccepted">2920.000</ChargeAmount>
          <ChargeAmount Name="WeightDifference">420.000</ChargeAmount>
          <ChargeAmount Name="ValuationBilled">655.000</ChargeAmount>
          <ChargeAmount Name="ValuationAccepted">785.000</ChargeAmount>
          <ChargeAmount Name="ValuationDifference">130.000</ChargeAmount>
          <Tax>
            <TaxType>VAT</TaxType>
            <TaxAmount Name="Billed">0.000</TaxAmount>
            <TaxAmount Name="Accepted">0.000</TaxAmount>
            <TaxAmount Name="Difference">0.000</TaxAmount>
          </Tax>
          <AddOnCharges>
            <AddOnChargeName>ISCAllowed</AddOnChargeName>
            <AddOnChargePercentage>2.50</AddOnChargePercentage>
            <AddOnChargeAmount>62.500</AddOnChargeAmount>
          </AddOnCharges>
          <AddOnCharges>
            <AddOnChargeName>ISCAccepted</AddOnChargeName>
            <AddOnChargePercentage>2.50</AddOnChargePercentage>
            <AddOnChargeAmount>30.000</AddOnChargeAmount>
          </AddOnCharges>
          <AddOnCharges>
            <AddOnChargeName>ISCDifference</AddOnChargeName>
            <AddOnChargeAmount>-32.500</AddOnChargeAmount>
          </AddOnCharges>
          <AddOnCharges>
            <AddOnChargeName>AmountSubjectToISCAllowed</AddOnChargeName>
            <AddOnChargeAmount>2500.000</AddOnChargeAmount>
          </AddOnCharges>
          <AddOnCharges>
            <AddOnChargeName>AmountSubjectToISCAccepted</AddOnChargeName>
            <AddOnChargeAmount>1200.000</AddOnChargeAmount>
          </AddOnCharges>
          <TotalNetAmount>517.500</TotalNetAmount>
          <OriginAirportCode>YMQ</OriginAirportCode>
          <DestinationAirportCode>DEL</DestinationAirportCode>
          <FromAirportCode>BOM</FromAirportCode>
          <ToAirportOrPointOfTransferCode>DEL</ToAirportOrPointOfTransferCode>
          <DateOfCarriageOrTransfer>2011-09-22</DateOfCarriageOrTransfer>
          <BilledWeight>0</BilledWeight>
          <ProvisoReqSPA>P</ProvisoReqSPA>
          <CCAIndicator>N</CCAIndicator>
          <Attachment>
            <AttachmentIndicatorOriginal>N</AttachmentIndicatorOriginal>
            <AttachmentIndicatorValidated>N</AttachmentIndicatorValidated>
            <NumberOfAttachments>0</NumberOfAttachments>
          </Attachment>
        </AirWaybillBreakdown>
      </RejectionMemoDetails>
    </LineItemDetail>
    <InvoiceSummary>
      <LineItemCount>1</LineItemCount>
      <TotalLineItemAmount>76127.750</TotalLineItemAmount>
      <AddOnCharges>
        <AddOnChargeName>ISCAllowed</AddOnChargeName>
        <AddOnChargeAmount>260.150</AddOnChargeAmount>
      </AddOnCharges>
      <AddOnCharges>
        <AddOnChargeName>OtherChargesAllowed</AddOnChargeName>
        <AddOnChargeAmount>674.321</AddOnChargeAmount>
      </AddOnCharges>
      <TotalVATAmount>0.000</TotalVATAmount>
      <TotalAmountWithoutVAT>77062.221</TotalAmountWithoutVAT>
      <TotalAmount>77062.221</TotalAmount>
      <TotalAmountInClearanceCurrency>73905.708</TotalAmountInClearanceCurrency>
      <LegalText>*********************** TEST INVOICE ********************</LegalText>
    </InvoiceSummary>
  </Invoice>
  <Invoice>
    <InvoiceHeader>
      <InvoiceNumber>AC1PNOVSK3</InvoiceNumber>
      <InvoiceDate>2012-01-31</InvoiceDate>
      <InvoiceType>Invoice</InvoiceType>
      <ChargeCategory>Cargo</ChargeCategory>
      <SellerOrganization>
        <OrganizationID>014</OrganizationID>
        <OrganizationDesignator>AC</OrganizationDesignator>
        <OrganizationName1>AIR CANADA</OrganizationName1>
        <TaxRegistrationID>TAXVAT001</TaxRegistrationID>
        <AdditionalTaxRegistrationID>ADDTIONAL123</AdditionalTaxRegistrationID>
        <CompanyRegistrationID>123456789</CompanyRegistrationID>
        <Address>
          <AddressLine1>Air Canada Centre Dorval zip 1252</AddressLine1>
          <AddressLine2>7373 Boul. Cote-Vertu Ouest</AddressLine2>
          <AddressLine3>ADDRESS</AddressLine3>
          <CityName>St-Laurent</CityName>
          <CountryCode>CA</CountryCode>
          <CountryName>CANADA</CountryName>
          <PostalCode>H4S 1Z3</PostalCode>
        </Address>
      </SellerOrganization>
      <BuyerOrganization>
        <OrganizationID>117</OrganizationID>
        <OrganizationDesignator>SK</OrganizationDesignator>
        <OrganizationName1>SCANDINAVIAN AIRLINES SYSTEM (SAS)</OrganizationName1>
        <Address>
          <AddressLine1>Fack - Stockholm</AddressLine1>
          <CityName>Stockholm</CityName>
          <CountryCode>SE</CountryCode>
          <CountryName>SWEDEN</CountryName>
          <PostalCode>S-195 87</PostalCode>
        </Address>
      </BuyerOrganization>
      <PaymentTerms>
        <CurrencyCode>USD</CurrencyCode>
        <ClearanceCurrencyCode>USD</ClearanceCurrencyCode>
        <ExchangeRate>1.00000</ExchangeRate>
        <SettlementMonthPeriod>111201</SettlementMonthPeriod>
        <SettlementMethod>I</SettlementMethod>
      </PaymentTerms>
      <ISDetails>
        <DigitalSignatureFlag>Y</DigitalSignatureFlag>
      </ISDetails>
    </InvoiceHeader>
    <LineItem>
      <LineItemNumber>1</LineItemNumber>
      <ChargeCode>Rejection Memo</ChargeCode>
      <Description>RejectionMemo</Description>
      <ChargeAmount Name="Weight">7541.770</ChargeAmount>
      <ChargeAmount Name="Valuation">1790.525</ChargeAmount>
      <Tax>
        <TaxType>VAT</TaxType>
        <TaxAmount>15.700</TaxAmount>
        <TaxBreakdown>
          <TaxLabel>VAT</TaxLabel>
          <TaxIdentifier>OT</TaxIdentifier>
          <TaxableAmount>30.000</TaxableAmount>
          <TaxPercent>19.00</TaxPercent>
          <TaxAmount>5.700</TaxAmount>
          <TaxText>VAT on Other Charges</TaxText>
        </TaxBreakdown>
        <TaxBreakdown>
          <TaxLabel>VAT</TaxLabel>
          <TaxIdentifier>WC</TaxIdentifier>
          <TaxableAmount>100.000</TaxableAmount>
          <TaxPercent>10.00</TaxPercent>
          <TaxAmount>10.000</TaxAmount>
          <TaxText>VAT on Weight Charge</TaxText>
        </TaxBreakdown>
      </Tax>
      <AddOnCharges>
        <AddOnChargeName>ISCAllowed</AddOnChargeName>
        <AddOnChargeAmount>-277.703</AddOnChargeAmount>
      </AddOnCharges>
      <AddOnCharges>
        <AddOnChargeName>OtherChargesAllowed</AddOnChargeName>
        <AddOnChargeAmount>334.000</AddOnChargeAmount>
      </AddOnCharges>
      <TotalNetAmount>9404.292</TotalNetAmount>
      <DetailCount>5</DetailCount>
    </LineItem>
    <LineItemDetail>
      <DetailNumber>1</DetailNumber>
      <LineItemNumber>1</LineItemNumber>
      <BatchSequenceNumber>5</BatchSequenceNumber>
      <RecordSequenceWithinBatch>1</RecordSequenceWithinBatch>
      <ChargeAmount Name="WeightBilled">132.110</ChargeAmount>
      <ChargeAmount Name="WeightAccepted">98.880</ChargeAmount>
      <ChargeAmount Name="WeightDifference">33.230</ChargeAmount>
      <ChargeAmount Name="ValuationBilled">569.990</ChargeAmount>
      <ChargeAmount Name="ValuationAccepted">88.990</ChargeAmount>
      <ChargeAmount Name="ValuationDifference">481.000</ChargeAmount>
      <Tax>
        <TaxType>VAT</TaxType>
        <TaxAmount Name="Billed">0.000</TaxAmount>
        <TaxAmount Name="Accepted">-5.700</TaxAmount>
        <TaxAmount Name="Difference">5.700</TaxAmount>
        <TaxBreakdown>
          <TaxLabel>VAT</TaxLabel>
          <TaxableAmount>30.000</TaxableAmount>
          <TaxPercent>19.00</TaxPercent>
          <TaxAmount Name="Billed">5.700</TaxAmount>
          <TaxText>VAT on Other Charges</TaxText>
        </TaxBreakdown>
      </Tax>
      <AddOnCharges>
        <AddOnChargeName>OtherChargesAllowed</AddOnChargeName>
        <AddOnChargeAmount>33.990</AddOnChargeAmount>
      </AddOnCharges>
      <AddOnCharges>
        <AddOnChargeName>OtherChargesAccepted</AddOnChargeName>
        <AddOnChargeAmount>12.330</AddOnChargeAmount>
      </AddOnCharges>
      <AddOnCharges>
        <AddOnChargeName>OtherChargesDifference</AddOnChargeName>
        <AddOnChargeAmount>21.660</AddOnChargeAmount>
      </AddOnCharges>
      <TotalNetAmount>541.590</TotalNetAmount>
      <RejectionMemoDetails>
        <RejectionMemoNumber>RM100000011</RejectionMemoNumber>
        <RejectionStage>1</RejectionStage>
        <ReasonCode>99</ReasonCode>
        <YourInvoiceNumber>PRIME00001</YourInvoiceNumber>
        <YourInvoiceBillingDate>111001</YourInvoiceBillingDate>
        <Attachment>
          <AttachmentIndicatorOriginal>N</AttachmentIndicatorOriginal>
          <AttachmentIndicatorValidated>N</AttachmentIndicatorValidated>
          <NumberOfAttachments>0</NumberOfAttachments>
        </Attachment>
      </RejectionMemoDetails>
    </LineItemDetail>
    <LineItemDetail>
      <DetailNumber>2</DetailNumber>
      <LineItemNumber>1</LineItemNumber>
      <BatchSequenceNumber>5</BatchSequenceNumber>
      <RecordSequenceWithinBatch>2</RecordSequenceWithinBatch>
      <ChargeAmount Name="WeightBilled">515.980</ChargeAmount>
      <ChargeAmount Name="WeightAccepted">270.980</ChargeAmount>
      <ChargeAmount Name="WeightDifference">245.000</ChargeAmount>
      <ChargeAmount Name="ValuationBilled">157.650</ChargeAmount>
      <ChargeAmount Name="ValuationAccepted">16.680</ChargeAmount>
      <ChargeAmount Name="ValuationDifference">140.970</ChargeAmount>
      <Tax>
        <TaxType>VAT</TaxType>
        <TaxAmount Name="Billed">200.000</TaxAmount>
        <TaxAmount Name="Accepted">190.000</TaxAmount>
        <TaxAmount Name="Difference">10.000</TaxAmount>
      </Tax>
      <AddOnCharges>
        <AddOnChargeName>ISCAllowed</AddOnChargeName>
        <AddOnChargeAmount>-31.158</AddOnChargeAmount>
      </AddOnCharges>
      <AddOnCharges>
        <AddOnChargeName>ISCAccepted</AddOnChargeName>
        <AddOnChargeAmount>-10.411</AddOnChargeAmount>
      </AddOnCharges>
      <AddOnCharges>
        <AddOnChargeName>ISCDifference</AddOnChargeName>
        <AddOnChargeAmount>-20.747</AddOnChargeAmount>
      </AddOnCharges>
      <AddOnCharges>
        <AddOnChargeName>OtherChargesAllowed</AddOnChargeName>
        <AddOnChargeAmount>240.320</AddOnChargeAmount>
      </AddOnCharges>
      <AddOnCharges>
        <AddOnChargeName>OtherChargesAccepted</AddOnChargeName>
        <AddOnChargeAmount>127.980</AddOnChargeAmount>
      </AddOnCharges>
      <AddOnCharges>
        <AddOnChargeName>OtherChargesDifference</AddOnChargeName>
        <AddOnChargeAmount>112.340</AddOnChargeAmount>
      </AddOnCharges>
      <TotalNetAmount>487.563</TotalNetAmount>
      <RejectionMemoDetails>
        <RejectionMemoNumber>RM100000022</RejectionMemoNumber>
        <RejectionStage>1</RejectionStage>
        <ReasonCode>01</ReasonCode>
        <YourInvoiceNumber>PRIME00002</YourInvoiceNumber>
        <YourInvoiceBillingDate>111001</YourInvoiceBillingDate>
        <Attachment>
          <AttachmentIndicatorOriginal>N</AttachmentIndicatorOriginal>
          <AttachmentIndicatorValidated>N</AttachmentIndicatorValidated>
          <NumberOfAttachments>0</NumberOfAttachments>
        </Attachment>
        <AirWaybillBreakdown>
          <BreakdownSerialNumber>2</BreakdownSerialNumber>
          <AWBDate>2011-10-03</AWBDate>
          <BillingCode>C</BillingCode>
          <AWBIssuingAirline>117</AWBIssuingAirline>
          <AWBSerialNumber>2155458</AWBSerialNumber>
          <AWBCheckDigit>4</AWBCheckDigit>
          <ChargeAmount Name="WeightBilled">258.990</ChargeAmount>
          <ChargeAmount Name="WeightAccepted">147.990</ChargeAmount>
          <ChargeAmount Name="WeightDifference">111.000</ChargeAmount>
          <ChargeAmount Name="ValuationBilled">12.660</ChargeAmount>
          <ChargeAmount Name="ValuationAccepted">1.990</ChargeAmount>
          <ChargeAmount Name="ValuationDifference">10.670</ChargeAmount>
          <Tax>
            <TaxType>VAT</TaxType>
            <TaxAmount Name="Billed">0.000</TaxAmount>
            <TaxAmount Name="Accepted">0.000</TaxAmount>
            <TaxAmount Name="Difference">0.000</TaxAmount>
          </Tax>
          <AddOnCharges>
            <AddOnChargeName>ISCAllowed</AddOnChargeName>
            <AddOnChargePercentage>2.00</AddOnChargePercentage>
            <AddOnChargeAmount>5.020</AddOnChargeAmount>
          </AddOnCharges>
          <AddOnCharges>
            <AddOnChargeName>ISCAccepted</AddOnChargeName>
            <AddOnChargePercentage>2.00</AddOnChargePercentage>
            <AddOnChargeAmount>1.980</AddOnChargeAmount>
          </AddOnCharges>
          <AddOnCharges>
            <AddOnChargeName>ISCDifference</AddOnChargeName>
            <AddOnChargeAmount>3.040</AddOnChargeAmount>
          </AddOnCharges>
          <AddOnCharges>
            <AddOnChargeName>OtherChargesAllowed</AddOnChargeName>
            <AddOnChargeAmount>25.990</AddOnChargeAmount>
          </AddOnCharges>
          <AddOnCharges>
            <AddOnChargeName>OtherChargesAccepted</AddOnChargeName>
            <AddOnChargeAmount>2.990</AddOnChargeAmount>
          </AddOnCharges>
          <AddOnCharges>
            <AddOnChargeName>OtherChargesDifference</AddOnChargeName>
            <AddOnChargeAmount>23.000</AddOnChargeAmount>
          </AddOnCharges>
          <AddOnCharges>
            <AddOnChargeName>AmountSubjectToISCAllowed</AddOnChargeName>
            <AddOnChargeAmount>250.990</AddOnChargeAmount>
          </AddOnCharges>
          <AddOnCharges>
            <AddOnChargeName>AmountSubjectToISCAccepted</AddOnChargeName>
            <AddOnChargeAmount>99.000</AddOnChargeAmount>
          </AddOnCharges>
          <TotalNetAmount>147.710</TotalNetAmount>
          <OriginAirportCode>YTO</OriginAirportCode>
          <DestinationAirportCode>DXB</DestinationAirportCode>
          <FromAirportCode>YTO</FromAirportCode>
          <ToAirportOrPointOfTransferCode>FRA</ToAirportOrPointOfTransferCode>
          <DateOfCarriageOrTransfer>2011-11-01</DateOfCarriageOrTransfer>
          <CurrAdjustmentIndicator>USD</CurrAdjustmentIndicator>
          <BilledWeight>0</BilledWeight>
          <ProvisoReqSPA>P</ProvisoReqSPA>
          <CCAIndicator>N</CCAIndicator>
          <Attachment>
            <AttachmentIndicatorOriginal>N</AttachmentIndicatorOriginal>
            <AttachmentIndicatorValidated>N</AttachmentIndicatorValidated>
            <NumberOfAttachments>0</NumberOfAttachments>
          </Attachment>
        </AirWaybillBreakdown>
        <AirWaybillBreakdown>
          <BreakdownSerialNumber>1</BreakdownSerialNumber>
          <AWBDate>2011-11-01</AWBDate>
          <BillingCode>P</BillingCode>
          <AWBIssuingAirline>117</AWBIssuingAirline>
          <AWBSerialNumber>6646878</AWBSerialNumber>
          <AWBCheckDigit>0</AWBCheckDigit>
          <ChargeAmount Name="WeightBilled">256.990</ChargeAmount>
          <ChargeAmount Name="WeightAccepted">122.990</ChargeAmount>
          <ChargeAmount Name="WeightDifference">134.000</ChargeAmount>
          <ChargeAmount Name="ValuationBilled">144.990</ChargeAmount>
          <ChargeAmount Name="ValuationAccepted">14.690</ChargeAmount>
          <ChargeAmount Name="ValuationDifference">130.300</ChargeAmount>
          <Tax>
            <TaxType>VAT</TaxType>
            <TaxAmount Name="Billed">200.000</TaxAmount>
            <TaxAmount Name="Accepted">190.000</TaxAmount>
            <TaxAmount Name="Difference">10.000</TaxAmount>
            <TaxBreakdown>
              <TaxLabel>VAT</TaxLabel>
              <TaxIdentifier>WC</TaxIdentifier>
              <TaxableAmount>100.000</TaxableAmount>
              <TaxPercent>10.00</TaxPercent>
              <TaxAmount Name="Billed">10.000</TaxAmount>
              <TaxText>VAT on Weight Charge</TaxText>
            </TaxBreakdown>
          </Tax>
          <AddOnCharges>
            <AddOnChargeName>ISCAllowed</AddOnChargeName>
            <AddOnChargePercentage>-9.00</AddOnChargePercentage>
            <AddOnChargeAmount>-36.178</AddOnChargeAmount>
          </AddOnCharges>
          <AddOnCharges>
            <AddOnChargeName>ISCAccepted</AddOnChargeName>
            <AddOnChargePercentage>-9.00</AddOnChargePercentage>
            <AddOnChargeAmount>-12.391</AddOnChargeAmount>
          </AddOnCharges>
          <AddOnCharges>
            <AddOnChargeName>ISCDifference</AddOnChargeName>
            <AddOnChargeAmount>-23.787</AddOnChargeAmount>
          </AddOnCharges>
          <AddOnCharges>
            <AddOnChargeName>OtherChargesAllowed</AddOnChargeName>
            <AddOnChargeAmount>214.330</AddOnChargeAmount>
          </AddOnCharges>
          <AddOnCharges>
            <AddOnChargeName>OtherChargesAccepted</AddOnChargeName>
            <AddOnChargeAmount>124.990</AddOnChargeAmount>
          </AddOnCharges>
          <AddOnCharges>
            <AddOnChargeName>OtherChargesDifference</AddOnChargeName>
            <AddOnChargeAmount>89.340</AddOnChargeAmount>
          </AddOnCharges>
          <TotalNetAmount>339.853</TotalNetAmount>
          <OriginAirportCode>YMQ</OriginAirportCode>
          <DestinationAirportCode>DOH</DestinationAirportCode>
          <FromAirportCode>STO</FromAirportCode>
          <ToAirportOrPointOfTransferCode>DOH</ToAirportOrPointOfTransferCode>
          <DateOfCarriageOrTransfer>2011-10-04</DateOfCarriageOrTransfer>
          <CurrAdjustmentIndicator>USD</CurrAdjustmentIndicator>
          <BilledWeight>0</BilledWeight>
          <ProvisoReqSPA>P</ProvisoReqSPA>
          <CCAIndicator>N</CCAIndicator>
          <Attachment>
            <AttachmentIndicatorOriginal>N</AttachmentIndicatorOriginal>
            <AttachmentIndicatorValidated>N</AttachmentIndicatorValidated>
            <NumberOfAttachments>0</NumberOfAttachments>
          </Attachment>
        </AirWaybillBreakdown>
      </RejectionMemoDetails>
    </LineItemDetail>
    <LineItemDetail>
      <DetailNumber>3</DetailNumber>
      <LineItemNumber>1</LineItemNumber>
      <BatchSequenceNumber>5</BatchSequenceNumber>
      <RecordSequenceWithinBatch>3</RecordSequenceWithinBatch>
      <ChargeAmount Name="WeightBilled">250.990</ChargeAmount>
      <ChargeAmount Name="WeightAccepted">9.000</ChargeAmount>
      <ChargeAmount Name="WeightDifference">241.990</ChargeAmount>
      <ChargeAmount Name="ValuationBilled">23.990</ChargeAmount>
      <ChargeAmount Name="ValuationAccepted">9.870</ChargeAmount>
      <ChargeAmount Name="ValuationDifference">14.120</ChargeAmount>
      <AddOnCharges>
        <AddOnChargeName>ISCAllowed</AddOnChargeName>
        <AddOnChargeAmount>-16.499</AddOnChargeAmount>
      </AddOnCharges>
      <AddOnCharges>
        <AddOnChargeName>ISCAccepted</AddOnChargeName>
        <AddOnChargeAmount>-1.132</AddOnChargeAmount>
      </AddOnCharges>
      <AddOnCharges>
        <AddOnChargeName>ISCDifference</AddOnChargeName>
        <AddOnChargeAmount>-15.367</AddOnChargeAmount>
      </AddOnCharges>
      <TotalNetAmount>240.743</TotalNetAmount>
      <RejectionMemoDetails>
        <RejectionMemoNumber>RM100000033</RejectionMemoNumber>
        <RejectionStage>1</RejectionStage>
        <ReasonCode>01</ReasonCode>
        <YourInvoiceNumber>PRIME00003</YourInvoiceNumber>
        <YourInvoiceBillingDate>111001</YourInvoiceBillingDate>
        <Attachment>
          <AttachmentIndicatorOriginal>N</AttachmentIndicatorOriginal>
          <AttachmentIndicatorValidated>N</AttachmentIndicatorValidated>
          <NumberOfAttachments>0</NumberOfAttachments>
        </Attachment>
        <AirWaybillBreakdown>
          <BreakdownSerialNumber>1</BreakdownSerialNumber>
          <AWBDate>2011-08-02</AWBDate>
          <BillingCode>P</BillingCode>
          <AWBIssuingAirline>117</AWBIssuingAirline>
          <AWBSerialNumber>3256456</AWBSerialNumber>
          <AWBCheckDigit>0</AWBCheckDigit>
          <ChargeAmount Name="WeightBilled">250.990</ChargeAmount>
          <ChargeAmount Name="WeightAccepted">9.000</ChargeAmount>
          <ChargeAmount Name="WeightDifference">241.990</ChargeAmount>
          <ChargeAmount Name="ValuationBilled">23.990</ChargeAmount>
          <ChargeAmount Name="ValuationAccepted">9.870</ChargeAmount>
          <ChargeAmount Name="ValuationDifference">14.120</ChargeAmount>
          <Tax>
            <TaxType>VAT</TaxType>
            <TaxAmount Name="Billed">0.000</TaxAmount>
            <TaxAmount Name="Accepted">0.000</TaxAmount>
            <TaxAmount Name="Difference">0.000</TaxAmount>
          </Tax>
          <AddOnCharges>
            <AddOnChargeName>ISCAllowed</AddOnChargeName>
            <AddOnChargePercentage>-6.00</AddOnChargePercentage>
            <AddOnChargeAmount>-16.499</AddOnChargeAmount>
          </AddOnCharges>
          <AddOnCharges>
            <AddOnChargeName>ISCAccepted</AddOnChargeName>
            <AddOnChargePercentage>-6.00</AddOnChargePercentage>
            <AddOnChargeAmount>-1.132</AddOnChargeAmount>
          </AddOnCharges>
          <AddOnCharges>
            <AddOnChargeName>ISCDifference</AddOnChargeName>
            <AddOnChargeAmount>-15.367</AddOnChargeAmount>
          </AddOnCharges>
          <TotalNetAmount>240.743</TotalNetAmount>
          <OriginAirportCode>YVR</OriginAirportCode>
          <DestinationAirportCode>DOH</DestinationAirportCode>
          <FromAirportCode>YVR</FromAirportCode>
          <ToAirportOrPointOfTransferCode>FRA</ToAirportOrPointOfTransferCode>
          <DateOfCarriageOrTransfer>2011-10-05</DateOfCarriageOrTransfer>
          <BilledWeight>0</BilledWeight>
          <ProvisoReqSPA>P</ProvisoReqSPA>
          <CCAIndicator>N</CCAIndicator>
          <Attachment>
            <AttachmentIndicatorOriginal>N</AttachmentIndicatorOriginal>
            <AttachmentIndicatorValidated>N</AttachmentIndicatorValidated>
            <NumberOfAttachments>0</NumberOfAttachments>
          </Attachment>
        </AirWaybillBreakdown>
      </RejectionMemoDetails>
    </LineItemDetail>
    <LineItemDetail>
      <DetailNumber>4</DetailNumber>
      <LineItemNumber>1</LineItemNumber>
      <BatchSequenceNumber>5</BatchSequenceNumber>
      <RecordSequenceWithinBatch>4</RecordSequenceWithinBatch>
      <ChargeAmount Name="WeightBilled">5445.660</ChargeAmount>
      <ChargeAmount Name="WeightAccepted">545.330</ChargeAmount>
      <ChargeAmount Name="WeightDifference">4900.330</ChargeAmount>
      <ChargeAmount Name="ValuationBilled">1154.545</ChargeAmount>
      <ChargeAmount Name="ValuationAccepted">545.550</ChargeAmount>
      <ChargeAmount Name="ValuationDifference">608.995</ChargeAmount>
      <AddOnCharges>
        <AddOnChargeName>ISCAllowed</AddOnChargeName>
        <AddOnChargeAmount>-169.625</AddOnChargeAmount>
      </AddOnCharges>
      <AddOnCharges>
        <AddOnChargeName>ISCAccepted</AddOnChargeName>
        <AddOnChargeAmount>-28.036</AddOnChargeAmount>
      </AddOnCharges>
      <AddOnCharges>
        <AddOnChargeName>ISCDifference</AddOnChargeName>
        <AddOnChargeAmount>-141.589</AddOnChargeAmount>
      </AddOnCharges>
      <AddOnCharges>
        <AddOnChargeName>OtherChargesAllowed</AddOnChargeName>
        <AddOnChargeAmount>500.545</AddOnChargeAmount>
      </AddOnCharges>
      <AddOnCharges>
        <AddOnChargeName>OtherChargesAccepted</AddOnChargeName>
        <AddOnChargeAmount>500.545</AddOnChargeAmount>
      </AddOnCharges>
      <TotalNetAmount>5367.736</TotalNetAmount>
      <RejectionMemoDetails>
        <RejectionMemoNumber>RM100000044</RejectionMemoNumber>
        <RejectionStage>1</RejectionStage>
        <ReasonCode>04</ReasonCode>
        <YourInvoiceNumber>PRIME00004</YourInvoiceNumber>
        <YourInvoiceBillingDate>111001</YourInvoiceBillingDate>
        <Attachment>
          <AttachmentIndicatorOriginal>N</AttachmentIndicatorOriginal>
          <AttachmentIndicatorValidated>N</AttachmentIndicatorValidated>
          <NumberOfAttachments>0</NumberOfAttachments>
        </Attachment>
        <AirWaybillBreakdown>
          <BreakdownSerialNumber>1</BreakdownSerialNumber>
          <AWBDate>2011-09-01</AWBDate>
          <BillingCode>P</BillingCode>
          <AWBIssuingAirline>117</AWBIssuingAirline>
          <AWBSerialNumber>5452121</AWBSerialNumber>
          <AWBCheckDigit>3</AWBCheckDigit>
          <ChargeAmount Name="WeightBilled">5445.660</ChargeAmount>
          <ChargeAmount Name="WeightAccepted">545.330</ChargeAmount>
          <ChargeAmount Name="WeightDifference">4900.330</ChargeAmount>
          <ChargeAmount Name="ValuationBilled">1154.545</ChargeAmount>
          <ChargeAmount Name="ValuationAccepted">545.550</ChargeAmount>
          <ChargeAmount Name="ValuationDifference">608.995</ChargeAmount>
          <Tax>
            <TaxType>VAT</TaxType>
            <TaxAmount Name="Billed">0.000</TaxAmount>
            <TaxAmount Name="Accepted">0.000</TaxAmount>
            <TaxAmount Name="Difference">0.000</TaxAmount>
          </Tax>
          <AddOnCharges>
            <AddOnChargeName>ISCAllowed</AddOnChargeName>
            <AddOnChargePercentage>-2.57</AddOnChargePercentage>
            <AddOnChargeAmount>-169.625</AddOnChargeAmount>
          </AddOnCharges>
          <AddOnCharges>
            <AddOnChargeName>ISCAccepted</AddOnChargeName>
            <AddOnChargePercentage>-2.57</AddOnChargePercentage>
            <AddOnChargeAmount>-28.036</AddOnChargeAmount>
          </AddOnCharges>
          <AddOnCharges>
            <AddOnChargeName>ISCDifference</AddOnChargeName>
            <AddOnChargeAmount>-141.589</AddOnChargeAmount>
          </AddOnCharges>
          <AddOnCharges>
            <AddOnChargeName>OtherChargesAllowed</AddOnChargeName>
            <AddOnChargeAmount>500.545</AddOnChargeAmount>
          </AddOnCharges>
          <AddOnCharges>
            <AddOnChargeName>OtherChargesAccepted</AddOnChargeName>
            <AddOnChargeAmount>500.545</AddOnChargeAmount>
          </AddOnCharges>
          <TotalNetAmount>5367.736</TotalNetAmount>
          <OriginAirportCode>DEL</OriginAirportCode>
          <DestinationAirportCode>YVR</DestinationAirportCode>
          <FromAirportCode>LHR</FromAirportCode>
          <ToAirportOrPointOfTransferCode>YVR</ToAirportOrPointOfTransferCode>
          <DateOfCarriageOrTransfer>2011-09-22</DateOfCarriageOrTransfer>
          <BilledWeight>0</BilledWeight>
          <ProratePercentage>10</ProratePercentage>
          <CCAIndicator>N</CCAIndicator>
          <Attachment>
            <AttachmentIndicatorOriginal>N</AttachmentIndicatorOriginal>
            <AttachmentIndicatorValidated>N</AttachmentIndicatorValidated>
            <NumberOfAttachments>0</NumberOfAttachments>
          </Attachment>
        </AirWaybillBreakdown>
      </RejectionMemoDetails>
    </LineItemDetail>
    <LineItemDetail>
      <DetailNumber>5</DetailNumber>
      <LineItemNumber>1</LineItemNumber>
      <BatchSequenceNumber>5</BatchSequenceNumber>
      <RecordSequenceWithinBatch>5</RecordSequenceWithinBatch>
      <ChargeAmount Name="WeightBilled">2121.220</ChargeAmount>
      <ChargeAmount Name="WeightAccepted">0.000</ChargeAmount>
      <ChargeAmount Name="WeightDifference">2121.220</ChargeAmount>
      <ChargeAmount Name="ValuationBilled">545.440</ChargeAmount>
      <ChargeAmount Name="ValuationAccepted">0.000</ChargeAmount>
      <ChargeAmount Name="ValuationDifference">545.440</ChargeAmount>
      <AddOnCharges>
        <AddOnChargeName>ISCAllowed</AddOnChargeName>
        <AddOnChargeAmount>-100.000</AddOnChargeAmount>
      </AddOnCharges>
      <AddOnCharges>
        <AddOnChargeName>ISCDifference</AddOnChargeName>
        <AddOnChargeAmount>-100.000</AddOnChargeAmount>
      </AddOnCharges>
      <AddOnCharges>
        <AddOnChargeName>OtherChargesAllowed</AddOnChargeName>
        <AddOnChargeAmount>200.000</AddOnChargeAmount>
      </AddOnCharges>
      <AddOnCharges>
        <AddOnChargeName>OtherChargesDifference</AddOnChargeName>
        <AddOnChargeAmount>200.000</AddOnChargeAmount>
      </AddOnCharges>
      <TotalNetAmount>2766.660</TotalNetAmount>
      <RejectionMemoDetails>
        <RejectionMemoNumber>RM100000055</RejectionMemoNumber>
        <RejectionStage>1</RejectionStage>
        <ReasonCode>13</ReasonCode>
        <YourInvoiceNumber>PRIME00005</YourInvoiceNumber>
        <YourInvoiceBillingDate>111001</YourInvoiceBillingDate>
        <Attachment>
          <AttachmentIndicatorOriginal>N</AttachmentIndicatorOriginal>
          <AttachmentIndicatorValidated>N</AttachmentIndicatorValidated>
          <NumberOfAttachments>0</NumberOfAttachments>
        </Attachment>
        <AirWaybillBreakdown>
          <BreakdownSerialNumber>1</BreakdownSerialNumber>
          <AWBDate>2011-10-01</AWBDate>
          <BillingCode>P</BillingCode>
          <AWBIssuingAirline>117</AWBIssuingAirline>
          <AWBSerialNumber>5641214</AWBSerialNumber>
          <AWBCheckDigit>5</AWBCheckDigit>
          <ChargeAmount Name="WeightBilled">2121.220</ChargeAmount>
          <ChargeAmount Name="WeightAccepted">0.000</ChargeAmount>
          <ChargeAmount Name="WeightDifference">2121.220</ChargeAmount>
          <ChargeAmount Name="ValuationBilled">545.440</ChargeAmount>
          <ChargeAmount Name="ValuationAccepted">0.000</ChargeAmount>
          <ChargeAmount Name="ValuationDifference">545.440</ChargeAmount>
          <Tax>
            <TaxType>VAT</TaxType>
            <TaxAmount Name="Billed">0.000</TaxAmount>
            <TaxAmount Name="Accepted">0.000</TaxAmount>
            <TaxAmount Name="Difference">0.000</TaxAmount>
          </Tax>
          <AddOnCharges>
            <AddOnChargeName>ISCAllowed</AddOnChargeName>
            <AddOnChargePercentage>-3.75</AddOnChargePercentage>
            <AddOnChargeAmount>-100.000</AddOnChargeAmount>
          </AddOnCharges>
          <AddOnCharges>
            <AddOnChargeName>ISCDifference</AddOnChargeName>
            <AddOnChargeAmount>-100.000</AddOnChargeAmount>
          </AddOnCharges>
          <AddOnCharges>
            <AddOnChargeName>OtherChargesAllowed</AddOnChargeName>
            <AddOnChargeAmount>200.000</AddOnChargeAmount>
          </AddOnCharges>
          <AddOnCharges>
            <AddOnChargeName>OtherChargesDifference</AddOnChargeName>
            <AddOnChargeAmount>200.000</AddOnChargeAmount>
          </AddOnCharges>
          <TotalNetAmount>2766.660</TotalNetAmount>
          <OriginAirportCode>MAN</OriginAirportCode>
          <DestinationAirportCode>YVR</DestinationAirportCode>
          <FromAirportCode>LHR</FromAirportCode>
          <ToAirportOrPointOfTransferCode>YVR</ToAirportOrPointOfTransferCode>
          <DateOfCarriageOrTransfer>2011-10-13</DateOfCarriageOrTransfer>
          <BilledWeight>0</BilledWeight>
          <ProvisoReqSPA>P</ProvisoReqSPA>
          <CCAIndicator>N</CCAIndicator>
          <Attachment>
            <AttachmentIndicatorOriginal>N</AttachmentIndicatorOriginal>
            <AttachmentIndicatorValidated>N</AttachmentIndicatorValidated>
            <NumberOfAttachments>0</NumberOfAttachments>
          </Attachment>
        </AirWaybillBreakdown>
      </RejectionMemoDetails>
    </LineItemDetail>
    <InvoiceSummary>
      <LineItemCount>1</LineItemCount>
      <TotalLineItemAmount>9332.295</TotalLineItemAmount>
      <Tax>
        <TaxType>VAT</TaxType>
        <TaxAmount>15.700</TaxAmount>
        <TaxBreakdown>
          <TaxLabel>VAT</TaxLabel>
          <TaxIdentifier>WC</TaxIdentifier>
          <TaxableAmount>100.000</TaxableAmount>
          <TaxPercent>10.00</TaxPercent>
          <TaxAmount>10.000</TaxAmount>
          <TaxText>VAT on Weight Charge</TaxText>
        </TaxBreakdown>
        <TaxBreakdown>
          <TaxLabel>VAT</TaxLabel>
          <TaxIdentifier>OT</TaxIdentifier>
          <TaxableAmount>30.000</TaxableAmount>
          <TaxPercent>19.00</TaxPercent>
          <TaxAmount>5.700</TaxAmount>
          <TaxText>VAT on Other Charges</TaxText>
        </TaxBreakdown>
      </Tax>
      <AddOnCharges>
        <AddOnChargeName>ISCAllowed</AddOnChargeName>
        <AddOnChargeAmount>-277.703</AddOnChargeAmount>
      </AddOnCharges>
      <AddOnCharges>
        <AddOnChargeName>OtherChargesAllowed</AddOnChargeName>
        <AddOnChargeAmount>334.000</AddOnChargeAmount>
      </AddOnCharges>
      <TotalVATAmount>15.700</TotalVATAmount>
      <TotalAmountWithoutVAT>9388.592</TotalAmountWithoutVAT>
      <TotalAmount>9404.292</TotalAmount>
      <TotalAmountInClearanceCurrency>9404.292</TotalAmountInClearanceCurrency>
      <LegalText>*********************** TEST INVOICE ********************</LegalText>
    </InvoiceSummary>
  </Invoice>
  <Invoice>
    <InvoiceHeader>
      <InvoiceNumber>AC1PNOVSK7</InvoiceNumber>
      <InvoiceDate>2012-01-31</InvoiceDate>
      <InvoiceType>CreditNote</InvoiceType>
      <ChargeCategory>Cargo</ChargeCategory>
      <SellerOrganization>
        <OrganizationID>014</OrganizationID>
        <OrganizationDesignator>AC</OrganizationDesignator>
        <OrganizationName1>AIR CANADA</OrganizationName1>
        <TaxRegistrationID>TAXVAT001</TaxRegistrationID>
        <AdditionalTaxRegistrationID>ADDTIONAL123</AdditionalTaxRegistrationID>
        <CompanyRegistrationID>123456789</CompanyRegistrationID>
        <Address>
          <AddressLine1>Air Canada Centre Dorval zip 1252</AddressLine1>
          <AddressLine2>7373 Boul. Cote-Vertu Ouest</AddressLine2>
          <AddressLine3>ADDRESS</AddressLine3>
          <CityName>St-Laurent</CityName>
          <CountryCode>CA</CountryCode>
          <CountryName>CANADA</CountryName>
          <PostalCode>H4S 1Z3</PostalCode>
        </Address>
      </SellerOrganization>
      <BuyerOrganization>
        <OrganizationID>117</OrganizationID>
        <OrganizationDesignator>SK</OrganizationDesignator>
        <OrganizationName1>SCANDINAVIAN AIRLINES SYSTEM (SAS)</OrganizationName1>
        <Address>
          <AddressLine1>Fack - Stockholm</AddressLine1>
          <CityName>Stockholm</CityName>
          <CountryCode>SE</CountryCode>
          <CountryName>SWEDEN</CountryName>
          <PostalCode>S-195 87</PostalCode>
        </Address>
      </BuyerOrganization>
      <PaymentTerms>
        <CurrencyCode>USD</CurrencyCode>
        <ClearanceCurrencyCode>USD</ClearanceCurrencyCode>
        <ExchangeRate>1.00000</ExchangeRate>
        <SettlementMonthPeriod>111201</SettlementMonthPeriod>
        <SettlementMethod>I</SettlementMethod>
      </PaymentTerms>
      <ISDetails>
        <DigitalSignatureFlag>Y</DigitalSignatureFlag>
      </ISDetails>
    </InvoiceHeader>
    <LineItem>
      <LineItemNumber>1</LineItemNumber>
      <ChargeCode>Credit Memo</ChargeCode>
      <Description>CreditNote</Description>
      <ChargeAmount Name="Weight">-3000.000</ChargeAmount>
      <ChargeAmount Name="Valuation">0.000</ChargeAmount>
      <TotalNetAmount>-3000.000</TotalNetAmount>
      <DetailCount>1</DetailCount>
    </LineItem>
    <LineItemDetail>
      <DetailNumber>1</DetailNumber>
      <LineItemNumber>1</LineItemNumber>
      <BatchSequenceNumber>4</BatchSequenceNumber>
      <RecordSequenceWithinBatch>1</RecordSequenceWithinBatch>
      <ChargeAmount Name="WeightBilled">-3000.000</ChargeAmount>
      <TotalNetAmount>-3000.000</TotalNetAmount>
      <CreditMemoDetails>
        <CreditMemoNumber>CM000000021</CreditMemoNumber>
        <ReasonCode>3Z</ReasonCode>
        <ReasonDescription>Credit Memo to reversing the invalid debit made in Nov 2011 P4 for USD 3000</ReasonDescription>
        <CorrespondenceRefNumber>0</CorrespondenceRefNumber>
        <Attachment>
          <AttachmentIndicatorOriginal>N</AttachmentIndicatorOriginal>
          <AttachmentIndicatorValidated>N</AttachmentIndicatorValidated>
          <NumberOfAttachments>0</NumberOfAttachments>
        </Attachment>
      </CreditMemoDetails>
    </LineItemDetail>
    <InvoiceSummary>
      <LineItemCount>1</LineItemCount>
      <TotalLineItemAmount>-3000.000</TotalLineItemAmount>
      <TotalVATAmount>0.000</TotalVATAmount>
      <TotalAmountWithoutVAT>-3000.000</TotalAmountWithoutVAT>
      <TotalAmount>-3000.000</TotalAmount>
      <TotalAmountInClearanceCurrency>-3000.000</TotalAmountInClearanceCurrency>
      <LegalText>******************************TEST INVOICE****************************</LegalText>
    </InvoiceSummary>
  </Invoice>
  <TransmissionSummary>
    <InvoiceCount>6</InvoiceCount>
    <TotalAmount CurrencyCode="USD">155055.319</TotalAmount>
    <TotalAddOnChargeAmount CurrencyCode="USD">-257.884</TotalAddOnChargeAmount>
    <TotalVATAmount CurrencyCode="USD">313.961</TotalVATAmount>
  </TransmissionSummary>
</InvoiceTransmission>



