<?xml version="1.0" encoding="us-ascii"?>
<InvoiceTransmission xsi:schemaLocation="http://www.IATA.com/IATAAviationInvoiceStandard http://www.iata.org/services/finance/sis/Documents/schemas/IATA_IS_XML_Invoice_Standard_VN.N.xsd" xmlns="http://www.IATA.com/IATAAviationInvoiceStandard" xmlns:xsi="http://www.w3.org/2001/XMLSchema-instance">
	<TransmissionHeader>
		<TransmissionDateTime>2017-02-01T01:02:48</TransmissionDateTime>
		<Version>IATA:ISXMLInvoiceVN.N</Version>
		<TransmissionID>07fa06dd-2864-4201-bb59-aaf94df4c74b</TransmissionID>
		<IssuingOrganizationID>A89</IssuingOrganizationID>
		<BillingCategory>Miscellaneous</BillingCategory>
	</TransmissionHeader>
	<Invoice>
		<InvoiceHeader>
			<InvoiceNumber>AirT002</InvoiceNumber>
			<InvoiceDate>2017-01-30</InvoiceDate>
			<InvoiceType>Invoice</InvoiceType>
			<LocationCode>YUL</LocationCode>
			<ChargeCategory>Airport</ChargeCategory>
			<SellerOrganization>
				<OrganizationID>A89</OrganizationID>
				<LocationID>Main</LocationID>
			</SellerOrganization>
			<BuyerOrganization>
				<OrganizationID>A55</OrganizationID>
				<LocationID>Main</LocationID>
			</BuyerOrganization>
			<PaymentTerms>
				<CurrencyCode>USD</CurrencyCode>
				<SettlementMonthPeriod>170104</SettlementMonthPeriod>
				<SettlementMethod>I</SettlementMethod>
			</PaymentTerms>
			<ISDetails>
				<DigitalSignatureFlag>D</DigitalSignatureFlag>
			</ISDetails>
			<Attachment>
				<AttachmentIndicatorOriginal>N</AttachmentIndicatorOriginal>
			</Attachment>
		</InvoiceHeader>
		<LineItem>
			<LineItemNumber>1</LineItemNumber>
			<ChargeCode>Parking</ChargeCode>
			<Description>Parking Charges</Description>
			<StartDate>2017-01-28</StartDate>
			<EndDate>2017-01-29</EndDate>
			<Quantity UOMCode="EA">1</Quantity>
			<UnitPrice SF="1">1500.000</UnitPrice>
			<ChargeAmount>1500.000</ChargeAmount>
			<TotalNetAmount>1500.000</TotalNetAmount>
			<DetailCount>1</DetailCount>
		</LineItem>
		<LineItemDetail>
			<DetailNumber>1</DetailNumber>
			<LineItemNumber>1</LineItemNumber>
			<Description>Parking Charges</Description>
			<EndDate>2017-01-29</EndDate>
			<Quantity UOMCode="EA">1</Quantity>
			<UnitPrice SF="1">1500.000</UnitPrice>
			<ChargeAmount>1500.000</ChargeAmount>
			<TotalNetAmount>1500.000</TotalNetAmount>
			<AircraftDetails>
				<AircraftRegistrationNo>CFAAA</AircraftRegistrationNo>
				<MaxTakeOffWeight UOMCode="TNE">69</MaxTakeOffWeight>
				<AircraftTypeCode_ICAO>A319</AircraftTypeCode_ICAO>
			</AircraftDetails>
			<FlightDetails>
				<FlightNo>AB313</FlightNo>
				<FlightDateTime>2017-01-29T03:11:18</FlightDateTime>
			</FlightDetails>
			<ParkingDetails>
				<StandNo>12</StandNo>
				<StandType>OnPier</StandType>
				<OnStandDateTime>2017-01-28T02:38:00</OnStandDateTime>
				<OffStandDateTime>2017-01-29T04:00:00</OffStandDateTime>
			</ParkingDetails>
		</LineItemDetail>
		<InvoiceSummary>
			<LineItemCount>1</LineItemCount>
			<TotalLineItemAmount>1500.000</TotalLineItemAmount>
			<TotalAmount>1500.000</TotalAmount>
		</InvoiceSummary>
	</Invoice>
	<TransmissionSummary>
		<InvoiceCount>1</InvoiceCount>
		<TotalAmount CurrencyCode="USD">1500.000</TotalAmount>
	</TransmissionSummary>
</InvoiceTransmission>
