<?xml version="1.0" encoding="us-ascii"?>
<InvoiceTransmission xsi:schemaLocation="http://www.IATA.com/IATAAviationInvoiceStandard http://www.iata.org/services/finance/sis/Documents/schemas/IATA_IS_XML_Invoice_Standard_V3.9.xsd" xmlns="http://www.IATA.com/IATAAviationInvoiceStandard" xmlns:xsi="http://www.w3.org/2001/XMLSchema-instance">
	<TransmissionHeader>
		<TransmissionDateTime>2017-02-01T01:02:48</TransmissionDateTime>
		<Version>IATA:ISXMLInvoiceV3.9</Version>
		<TransmissionID>07fa06dd-2864-4201-bb59-aaf94df4c74b</TransmissionID>
		<IssuingOrganizationID>A89</IssuingOrganizationID>
		<BillingCategory>Miscellaneous</BillingCategory>
	</TransmissionHeader>
	<Invoice>
		<InvoiceHeader>
			<InvoiceNumber>GHt04</InvoiceNumber>
			<InvoiceDate>2017-01-30</InvoiceDate>
			<InvoiceType>Invoice</InvoiceType>
			<LocationCode>YUL</LocationCode>
			<ChargeCategory>Ground Handling</ChargeCategory>
			<SellerOrganization>
				<OrganizationID>A89</OrganizationID>
				<LocationID>Main</LocationID>
			</SellerOrganization>
			<BuyerOrganization>
				<OrganizationID>A55</OrganizationID>
				<LocationID>Main</LocationID>
			</BuyerOrganization>
			<PaymentTerms>
				<CurrencyCode>USD</CurrencyCode>
				<SettlementMonthPeriod>170104</SettlementMonthPeriod>
				<SettlementMethod>I</SettlementMethod>
			</PaymentTerms>
			<ISDetails>
				<DigitalSignatureFlag>D</DigitalSignatureFlag>
			</ISDetails>
			<Attachment>
				<AttachmentIndicatorOriginal>N</AttachmentIndicatorOriginal>
			</Attachment>
		</InvoiceHeader>
		<LineItem>
			<LineItemNumber>1</LineItemNumber>
			<ChargeCode>Catering</ChargeCode>
			<Description>Catering Charges</Description>
			<StartDate>2017-01-28</StartDate>
			<EndDate>2017-01-29</EndDate>
			<Quantity UOMCode="EA">2</Quantity>
			<UnitPrice SF="1">450.000</UnitPrice>
			<ChargeAmount>900.000</ChargeAmount>
			<TotalNetAmount>900.000</TotalNetAmount>
			<DetailCount>2</DetailCount>
		</LineItem>
		<LineItemDetail>
			<DetailNumber>1</DetailNumber>
			<LineItemNumber>1</LineItemNumber>
			<Description>Catering 1</Description>
			<ProductID>Sample123</ProductID>
			<EndDate>2017-01-29</EndDate>
			<Quantity UOMCode="EA">1</Quantity>
			<UnitPrice SF="1">450.0000</UnitPrice>
			<ChargeAmount>450.000</ChargeAmount>
			<TotalNetAmount>450.000</TotalNetAmount>
			<ContractNo>1234</ContractNo>
			<ReferenceNo Name="Our Reference">Ref456</ReferenceNo>
			<AircraftDetails>
				<AircraftTypeCode>320</AircraftTypeCode>
				<CabinClass>Y</CabinClass>
			</AircraftDetails>
			<FlightDetails>
				<FlightNo>AB323</FlightNo>
				<FlightDateTime>2017-01-29T02:09:10</FlightDateTime>
			</FlightDetails>
			<RouteDetails>
				<LocationCode Type="Origin">YUL</LocationCode>
			</RouteDetails>
			<CateringDetails>
				<MealType Name="Vegan">Dinner</MealType>
				<InvoiceOpCode>60</InvoiceOpCode>
				<InvoiceDbsDate>2017-01-29T00:00:00</InvoiceDbsDate>
				<ServiceFlightNbr>Test123</ServiceFlightNbr>
				<ServiceFlightDate>2017-01-29T00:06:11</ServiceFlightDate>
				<BoardFlightNbr>123</BoardFlightNbr>
				<Facility>123</Facility>
				<MealCode>V01</MealCode>
			</CateringDetails>
		</LineItemDetail>
		<LineItemDetail>
			<DetailNumber>2</DetailNumber>
			<LineItemNumber>1</LineItemNumber>
			<Description>Catering 2</Description>
			<ProductID>Sample456</ProductID>
			<EndDate>2017-01-29</EndDate>
			<Quantity UOMCode="EA">1</Quantity>
			<UnitPrice SF="1">450.0000</UnitPrice>
			<ChargeAmount>450.000</ChargeAmount>
			<TotalNetAmount>450.000</TotalNetAmount>
			<ContractNo>5678</ContractNo>
			<ReferenceNo Name="Our Reference">Ref123</ReferenceNo>
			<AircraftDetails>
				<AircraftTypeCode>320</AircraftTypeCode>
				<CabinClass>Y</CabinClass>
			</AircraftDetails>
			<FlightDetails>
				<FlightNo>AB323</FlightNo>
				<FlightDateTime>2017-01-29T02:09:10</FlightDateTime>
			</FlightDetails>
			<RouteDetails>
				<LocationCode Type="Origin">YUL</LocationCode>
			</RouteDetails>
			<CateringDetails>
				<MealType Name="Vegan">Dinner</MealType>
				<InvoiceOpCode>60</InvoiceOpCode>
				<InvoiceDbsDate>2017-01-29T00:00:00</InvoiceDbsDate>
				<ServiceFlightNbr>Test123</ServiceFlightNbr>
				<ServiceFlightDate>2017-01-29T00:06:11</ServiceFlightDate>
				<BoardFlightNbr>123</BoardFlightNbr>
				<Facility>123</Facility>
				<MealCode>V01</MealCode>
			</CateringDetails>
		</LineItemDetail>
		<InvoiceSummary>
			<LineItemCount>1</LineItemCount>
			<TotalLineItemAmount>900.000</TotalLineItemAmount>
			<TotalAmount>900.000</TotalAmount>
		</InvoiceSummary>
	</Invoice>
	<TransmissionSummary>
		<InvoiceCount>1</InvoiceCount>
		<TotalAmount CurrencyCode="USD">900.000</TotalAmount>
	</TransmissionSummary>
</InvoiceTransmission>
