<?xml version="1.0" encoding="us-ascii"?>
<InvoiceTransmission xsi:schemaLocation="http://www.IATA.com/IATAAviationInvoiceStandard http://www.iata.org/services/finance/sis/Documents/schemas/IATA_IS_XML_Invoice_Standard_V3.9.xsd" xmlns="http://www.IATA.com/IATAAviationInvoiceStandard" xmlns:xsi="http://www.w3.org/2001/XMLSchema-instance">
	<TransmissionHeader>
		<TransmissionDateTime>2017-02-01T01:02:48</TransmissionDateTime>
		<Version>IATA:ISXMLInvoiceV3.9</Version>
		<TransmissionID>07fa06dd-2864-4201-bb59-aaf94df4c74b</TransmissionID>
		<IssuingOrganizationID>A89</IssuingOrganizationID>
		<BillingCategory>Miscellaneous</BillingCategory>
	</TransmissionHeader>
	<Invoice>
		<InvoiceHeader>
			<InvoiceNumber>GRNDLMZ01</InvoiceNumber>
			<InvoiceDate>2017-01-19</InvoiceDate>
			<InvoiceType>Invoice</InvoiceType>
			<ChargeCategory>Ground Handling</ChargeCategory>
			<SellerOrganization>
				<OrganizationID>A89</OrganizationID>
				<LocationID>Main</LocationID>
			</SellerOrganization>
			<BuyerOrganization>
				<OrganizationID>A55</OrganizationID>
				<LocationID>Main</LocationID>
			</BuyerOrganization>
			<PaymentTerms>
				<CurrencyCode>USD</CurrencyCode>
				<ClearanceCurrencyCode>USD</ClearanceCurrencyCode>
				<ExchangeRate>1.00000</ExchangeRate>
				<SettlementMonthPeriod>170104</SettlementMonthPeriod>
				<SettlementMethod>I</SettlementMethod>
			</PaymentTerms>
			<ISDetails>
				<DigitalSignatureFlag>Y</DigitalSignatureFlag>
			</ISDetails>
			<Attachment>
				<AttachmentIndicatorOriginal>N</AttachmentIndicatorOriginal>
			</Attachment>
		</InvoiceHeader>
		<LineItem>
			<LineItemNumber>1</LineItemNumber>
			<ChargeCode>Limousine</ChargeCode>
			<Description>Test Ground Handling-Limousine</Description>
			<StartDate>2017-01-01</StartDate>
			<EndDate>2017-01-31</EndDate>
			<LocationCode>JFK</LocationCode>
			<Quantity UOMCode="EA">1</Quantity>
			<UnitPrice SF="1">100.0000</UnitPrice>
			<ChargeAmount>100.000</ChargeAmount>
			<TotalNetAmount>100.000</TotalNetAmount>
			<DetailCount>1</DetailCount>
		</LineItem>
		<LineItemDetail>
			<DetailNumber>1</DetailNumber>
			<LineItemNumber>1</LineItemNumber>
			<Description>Test Ground Handling-Limousine</Description>
			<StartDate>2017-01-01</StartDate>
			<EndDate>2017-01-31</EndDate>
			<Quantity UOMCode="EA">1</Quantity>
			<UnitPrice SF="1">100.0000</UnitPrice>
			<ChargeAmount>100.000</ChargeAmount>
			<TotalNetAmount>100.000</TotalNetAmount>
			<ContractNo>0</ContractNo>
			<AircraftDetails>
				<CabinClass>A</CabinClass>
			</AircraftDetails>
			<FlightDetails>
				<FlightNo>ZZ1697</FlightNo>
				<FlightDateTime>2017-01-18T00:00:00</FlightDateTime>
			</FlightDetails>
			<RouteDetails>
				<Latitude>1:11:11N</Latitude>
				<Longitude>1:11:11E</Longitude>
				<Distance UOMCode="0">10</Distance>
			</RouteDetails>
			<AreaDetails>
				<AreaID>0</AreaID>
				<AreaName>KBC</AreaName>
				<AreaLocationID>Area Loc</AreaLocationID>
				<AreaLocationName>Loc Name</AreaLocationName>
				<Address>
					<AddressLine1>600 Add1</AddressLine1>
					<AddressLine2>600 Add2</AddressLine2>
					<AddressLine3>600 Add3</AddressLine3>
					<CityName>Dellas</CityName>
					<SubdivisionCode>MP</SubdivisionCode>
					<SubdivisionName>Sub</SubdivisionName>
					<CountryCode>IN</CountryCode>
					<PostalCode>462023</PostalCode>
				</Address>
				<AreaSize UOMCode="0">0</AreaSize>
				<AreaType>0</AreaType>
				<AgreementNo>0</AgreementNo>
			</AreaDetails>
			<CarDetails>
				<CarCategory Name="CarCategoryName">G</CarCategory>
				<CarType Name="CarTypeName">K</CarType>
				<CarTransmission Name="CarTransmissionName">N</CarTransmission>
				<CarAirFuelCondition Name="CarAirFuelCondition">D</CarAirFuelCondition>
			</CarDetails>
			<PassengerDetails>
				<PassengerName>Rohit34</PassengerName>
				<TicketNo>007</TicketNo>
			</PassengerDetails>
			<MiscDetails>
				<MiscData Name="Name" UOMCode="0">MiscData</MiscData>
			</MiscDetails>
		</LineItemDetail>
		<InvoiceSummary>
			<LineItemCount>1</LineItemCount>
			<TotalLineItemAmount>100.000</TotalLineItemAmount>
			<TotalAmount>100.000</TotalAmount>
			<TotalAmountInClearanceCurrency>100.000</TotalAmountInClearanceCurrency>
		</InvoiceSummary>
	</Invoice>
	<TransmissionSummary>
		<InvoiceCount>1</InvoiceCount>
		<TotalAmount CurrencyCode="USD">100.000</TotalAmount>
	</TransmissionSummary>
</InvoiceTransmission>
