<?xml version="1.0" encoding="us-ascii"?>
<InvoiceTransmission xsi:schemaLocation="http://www.IATA.com/IATAAviationInvoiceStandard http://www.iata.org/services/finance/sis/Documents/schemas/IATA_IS_XML_Invoice_Standard_VN.N.xsd" xmlns="http://www.IATA.com/IATAAviationInvoiceStandard" xmlns:xsi="http://www.w3.org/2001/XMLSchema-instance">
	<TransmissionHeader>
		<TransmissionDateTime>2017-02-01T01:02:48</TransmissionDateTime>
		<Version>IATA:ISXMLInvoiceVN.N</Version>
		<TransmissionID>07fa06dd-2864-4201-bb59-aaf94df4c74b</TransmissionID>
		<IssuingOrganizationID>A89</IssuingOrganizationID>
		<BillingCategory>Miscellaneous</BillingCategory>
	</TransmissionHeader>
	<Invoice>
		<InvoiceHeader>
			<InvoiceNumber>TRt1</InvoiceNumber>
			<InvoiceDate>2017-01-30</InvoiceDate>
			<InvoiceType>Invoice</InvoiceType>
			<LocationCode>ORD</LocationCode>
			<ChargeCategory>Property</ChargeCategory>
			<SellerOrganization>
				<OrganizationID>A89</OrganizationID>
				<LocationID>Main</LocationID>
			</SellerOrganization>
			<BuyerOrganization>
				<OrganizationID>A55</OrganizationID>
				<LocationID>Main</LocationID>
			</BuyerOrganization>
			<PaymentTerms>
				<CurrencyCode>USD</CurrencyCode>
				<SettlementMonthPeriod>170104</SettlementMonthPeriod>
				<SettlementMethod>I</SettlementMethod>
			</PaymentTerms>
			<ISDetails>
				<DigitalSignatureFlag>D</DigitalSignatureFlag>
			</ISDetails>
			<Attachment>
				<AttachmentIndicatorOriginal>N</AttachmentIndicatorOriginal>
			</Attachment>
		</InvoiceHeader>
		<LineItem>
			<LineItemNumber>1</LineItemNumber>
			<ChargeCode>Rent</ChargeCode>
			<Description>Sublease of space in O'Hare International Airport per contract 145522</Description>
			<StartDate>2017-01-28</StartDate>
			<EndDate>2017-01-29</EndDate>
			<Quantity UOMCode="EA">1.0000</Quantity>
			<UnitPrice SF="1">10000.0000</UnitPrice>
			<ChargeAmount>10000.00</ChargeAmount>
			<TotalNetAmount>10000.00</TotalNetAmount>
			<DetailCount>1</DetailCount>
		</LineItem>
		<LineItemDetail>
			<DetailNumber>1</DetailNumber>
			<LineItemNumber>1</LineItemNumber>
			<Description>Sublease of space in O'Hare International Airport per contract 145522</Description>
			<EndDate>2017-01-29</EndDate>
			<Quantity UOMCode="EA">1.0000</Quantity>
			<UnitPrice>10000.0000</UnitPrice>
			<ChargeAmount>10000.00</ChargeAmount>
			<TotalNetAmount>10000.00</TotalNetAmount>
			<ContractNo>145522</ContractNo>
			<AreaDetails>
				<AreaID>125</AreaID>
				<AreaName>O'Hare</AreaName>
				<AreaLocationID>125</AreaLocationID>
				<AreaLocationName>O'Hare Ave</AreaLocationName>
				<Address>
					<AddressLine1>10000 W O'Hare Ave</AddressLine1>
					<AddressLine2>Chicago</AddressLine2>
					<AddressLine3>IL</AddressLine3>
					<CityName>Chicago</CityName>
					<CountryCode_ICAO>US</CountryCode_ICAO>
					<PostalCode>H32 1M3</PostalCode>
				</Address>
				<AreaSize UOMCode="ACR">20</AreaSize>
				<AreaType>Residential</AreaType>
			</AreaDetails>
		</LineItemDetail>
		<InvoiceSummary>
			<LineItemCount>1</LineItemCount>
			<TotalLineItemAmount>10000.00</TotalLineItemAmount>
			<TotalAmount>10000.00</TotalAmount>
		</InvoiceSummary>
	</Invoice>
	<TransmissionSummary>
		<InvoiceCount>1</InvoiceCount>
		<TotalAmount CurrencyCode="USD">10000.00</TotalAmount>
	</TransmissionSummary>
</InvoiceTransmission>
