<?xml version="1.0" encoding="us-ascii"?>
<InvoiceTransmission xsi:schemaLocation="http://www.IATA.com/IATAAviationInvoiceStandard http://www.iata.org/services/finance/sis/Documents/schemas/IATA_IS_XML_Invoice_Standard_VN.N.xsd" xmlns="http://www.IATA.com/IATAAviationInvoiceStandard" xmlns:xsi="http://www.w3.org/2001/XMLSchema-instance">
	<TransmissionHeader>
		<TransmissionDateTime>2017-02-01T01:02:48</TransmissionDateTime>
		<Version>IATA:ISXMLInvoiceVN.N</Version>
		<TransmissionID>07fa06dd-2864-4201-bb59-aaf94df4c74b</TransmissionID>
		<IssuingOrganizationID>A89</IssuingOrganizationID>
		<BillingCategory>Miscellaneous</BillingCategory>
	</TransmissionHeader>
	<Invoice>
		<InvoiceHeader>
			<InvoiceNumber>TPRt3</InvoiceNumber>
			<InvoiceDate>2017-01-30</InvoiceDate>
			<InvoiceType>Invoice</InvoiceType>
			<LocationCode>YUL</LocationCode>
			<ChargeCategory>Partner Alliance</ChargeCategory>
			<SellerOrganization>
				<OrganizationID>A89</OrganizationID>
				<LocationID>Main</LocationID>
			</SellerOrganization>
			<BuyerOrganization>
				<OrganizationID>A55</OrganizationID>
				<LocationID>Main</LocationID>
			</BuyerOrganization>
			<PaymentTerms>
				<CurrencyCode>USD</CurrencyCode>
				<SettlementMonthPeriod>170104</SettlementMonthPeriod>
				<SettlementMethod>I</SettlementMethod>
			</PaymentTerms>
			<ISDetails>
				<DigitalSignatureFlag>D</DigitalSignatureFlag>
			</ISDetails>
			<Attachment>
				<AttachmentIndicatorOriginal>N</AttachmentIndicatorOriginal>
			</Attachment>
		</InvoiceHeader>
		<LineItem>
			<LineItemNumber>1</LineItemNumber>
			<ChargeCode>FF Miles</ChargeCode>
			<Description>Base Miles</Description>
			<StartDate>2017-01-28</StartDate>
			<EndDate>2017-01-29</EndDate>
			<Quantity UOMCode="SMI">25000000.0000</Quantity>
			<UnitPrice SF="1">0.0065</UnitPrice>
			<ChargeAmount>162500.00</ChargeAmount>
			<TotalNetAmount>162500.00</TotalNetAmount>
		</LineItem>
		<LineItem>
			<LineItemNumber>2</LineItemNumber>
			<ChargeCode>FF Miles</ChargeCode>
			<Description>Fare Class Miles</Description>
			<StartDate>2017-01-28</StartDate>
			<EndDate>2017-01-29</EndDate>
			<Quantity UOMCode="SMI">4500000.0000</Quantity>
			<UnitPrice SF="1">0.0065</UnitPrice>
			<ChargeAmount>29250.00</ChargeAmount>
			<TotalNetAmount>29250.00</TotalNetAmount>
		</LineItem>
		<InvoiceSummary>
			<LineItemCount>2</LineItemCount>
			<TotalLineItemAmount>191750.00</TotalLineItemAmount>
			<Tax>
				<TaxType>Tax</TaxType>
				<TaxSubType>Tax</TaxSubType>
				<TaxText>Federal Transportation Tax</TaxText>
				<TaxPercent>7.50</TaxPercent>
				<TaxableAmount>191750.00</TaxableAmount>
				<TaxAmount>14381.25</TaxAmount>
			</Tax>
			<TotalTaxAmount>14381.25</TotalTaxAmount>
			<TotalAmount>206131.25</TotalAmount>
		</InvoiceSummary>
	</Invoice>
	<TransmissionSummary>
		<InvoiceCount>1</InvoiceCount>
		<TotalAmount CurrencyCode="USD">206131.25</TotalAmount>
		<TotalTaxAmount CurrencyCode="USD">14381.25</TotalTaxAmount>
	</TransmissionSummary>
</InvoiceTransmission>
