<?xml version="1.0" encoding="us-ascii"?>
<InvoiceTransmission xsi:schemaLocation="http://www.IATA.com/IATAAviationInvoiceStandard http://www.iata.org/services/finance/sis/Documents/schemas/IATA_IS_XML_Invoice_Standard_V3.9.xsd" xmlns="http://www.IATA.com/IATAAviationInvoiceStandard" xmlns:xsi="http://www.w3.org/2001/XMLSchema-instance">
	<TransmissionHeader>
		<TransmissionDateTime>2017-02-01T01:02:48</TransmissionDateTime>
		<Version>IATA:ISXMLInvoiceV3.9</Version>
		<TransmissionID>07fa06dd-2864-4201-bb59-aaf94df4c74b</TransmissionID>
		<IssuingOrganizationID>A89</IssuingOrganizationID>
		<BillingCategory>Miscellaneous</BillingCategory>
	</TransmissionHeader>
	<Invoice>
		<InvoiceHeader>
			<InvoiceNumber>AirT001</InvoiceNumber>
			<InvoiceDate>2017-01-30</InvoiceDate>
			<InvoiceType>Invoice</InvoiceType>
			<LocationCode>YUL</LocationCode>
			<ChargeCategory>Airport</ChargeCategory>
			<SellerOrganization>
				<OrganizationID>A89</OrganizationID>
				<LocationID>Main</LocationID>
			</SellerOrganization>
			<BuyerOrganization>
				<OrganizationID>A55</OrganizationID>
				<LocationID>Main</LocationID>
			</BuyerOrganization>
			<PaymentTerms>
				<CurrencyCode>USD</CurrencyCode>
				<SettlementMonthPeriod>170104</SettlementMonthPeriod>
				<SettlementMethod>I</SettlementMethod>
			</PaymentTerms>
			<ISDetails>
				<DigitalSignatureFlag>D</DigitalSignatureFlag>
			</ISDetails>
			<Attachment>
				<AttachmentIndicatorOriginal>N</AttachmentIndicatorOriginal>
			</Attachment>
		</InvoiceHeader>
		<LineItem>
			<LineItemNumber>1</LineItemNumber>
			<ChargeCode>Misc</ChargeCode>
			<Description>Sales Tax Domestic Flights in NGN</Description>
			<StartDate>2017-01-28</StartDate>
			<EndDate>2017-01-29</EndDate>
			<Quantity UOMCode="EA">2</Quantity>
			<UnitPrice SF="1">13500.000</UnitPrice>
			<ChargeAmount>27000.000</ChargeAmount>
			<TotalNetAmount>27000.000</TotalNetAmount>
			<DetailCount>2</DetailCount>
		</LineItem>
		<LineItemDetail>
			<DetailNumber>1</DetailNumber>
			<LineItemNumber>1</LineItemNumber>
			<Description>Sales Tax Domestic Flights in NGN</Description>
			<EndDate>2017-01-29</EndDate>
			<Quantity UOMCode="EA">1</Quantity>
			<UnitPrice SF="1">13500.000</UnitPrice>
			<ChargeAmount>13500.000</ChargeAmount>
			<TotalNetAmount>13500.000</TotalNetAmount>
			<AircraftDetails>
				<AircraftRegistrationNo>CFAAA</AircraftRegistrationNo>
				<MaxTakeOffWeight UOMCode="TNE">63</MaxTakeOffWeight>
				<AircraftTypeCode_ICAO>A319</AircraftTypeCode_ICAO>
				<NoiseClass>0</NoiseClass>
			</AircraftDetails>
			<FlightDetails>
				<FlightNo>AB323</FlightNo>
				<FlightDateTime>2017-01-29T04:24:00</FlightDateTime>
				<FlightDirection>Departure</FlightDirection>
				<PassengerCount Type="Chargeable">100</PassengerCount>
			</FlightDetails>
			<RouteDetails>
				<LocationCode Type="Origin">YUL</LocationCode>
				<WaypointCode Type="Entry">ABV</WaypointCode>
			</RouteDetails>
			<SettlementDetails>
				<Amount Name="Fare Paid">13500.00</Amount>
				<FareClass>BC</FareClass>
			</SettlementDetails>
			<PassengerDetails>
				<PassengerName>Jacob Smith</PassengerName>
				<TicketNo>167168209</TicketNo>
			</PassengerDetails>
		</LineItemDetail>
			<LineItemDetail>
			<DetailNumber>2</DetailNumber>
			<LineItemNumber>1</LineItemNumber>
			<Description>Sales Tax Domestic Flights in NGN</Description>
			<EndDate>2017-01-29</EndDate>
			<Quantity UOMCode="EA">1</Quantity>
			<UnitPrice SF="1">13500.000</UnitPrice>
			<ChargeAmount>13500.000</ChargeAmount>
			<TotalNetAmount>13500.000</TotalNetAmount>
			<AircraftDetails>
				<AircraftRegistrationNo>CFAAA</AircraftRegistrationNo>
				<MaxTakeOffWeight UOMCode="TNE">63</MaxTakeOffWeight>
				<AircraftTypeCode_ICAO>A319</AircraftTypeCode_ICAO>
				<NoiseClass>0</NoiseClass>
			</AircraftDetails>
			<FlightDetails>
				<FlightNo>AB323</FlightNo>
				<FlightDateTime>2017-01-29T04:24:00</FlightDateTime>
				<FlightDirection>Departure</FlightDirection>
				<PassengerCount Type="Chargeable">100</PassengerCount>
			</FlightDetails>
			<RouteDetails>
				<LocationCode Type="Origin">YUL</LocationCode>
				<WaypointCode Type="Entry">ABV</WaypointCode>
			</RouteDetails>
			<SettlementDetails>
				<Amount Name="Fare Paid">13500.00</Amount>
				<FareClass>BC</FareClass>
			</SettlementDetails>
			<PassengerDetails>
				<PassengerName>Frank Roberts</PassengerName>
				<TicketNo>152168200</TicketNo>
			</PassengerDetails>
		</LineItemDetail>
		<InvoiceSummary>
			<LineItemCount>1</LineItemCount>
			<TotalLineItemAmount>27000.000</TotalLineItemAmount>
			<TotalAmount>27000.000</TotalAmount>
		</InvoiceSummary>
	</Invoice>
	<TransmissionSummary>
		<InvoiceCount>1</InvoiceCount>
		<TotalAmount CurrencyCode="USD">27000.000</TotalAmount>
	</TransmissionSummary>
</InvoiceTransmission>
