<?xml version="1.0" encoding="us-ascii"?>
<InvoiceTransmission xsi:schemaLocation="http://www.IATA.com/IATAAviationInvoiceStandard http://www.iata.org/services/finance/sis/Documents/schemas/IATA_IS_XML_Invoice_Standard_VN.N.xsd" xmlns="http://www.IATA.com/IATAAviationInvoiceStandard" xmlns:xsi="http://www.w3.org/2001/XMLSchema-instance">
	<TransmissionHeader>
		<TransmissionDateTime>2017-02-01T01:02:48</TransmissionDateTime>
		<Version>IATA:ISXMLInvoiceVN.N</Version>
		<TransmissionID>07fa06dd-2864-4201-bb59-aaf94df4c74b</TransmissionID>
		<IssuingOrganizationID>A89</IssuingOrganizationID>
		<BillingCategory>Miscellaneous</BillingCategory>
	</TransmissionHeader>
	<Invoice>
		<InvoiceHeader>
			<InvoiceNumber>TPRt002</InvoiceNumber>
			<InvoiceDate>2017-01-30</InvoiceDate>
			<InvoiceType>Invoice</InvoiceType>
			<LocationCode>YUL</LocationCode>
			<ChargeCategory>Partner Alliance</ChargeCategory>
			<SellerOrganization>
				<OrganizationID>A89</OrganizationID>
				<LocationID>Main</LocationID>
			</SellerOrganization>
			<BuyerOrganization>
				<OrganizationID>A55</OrganizationID>
				<LocationID>Main</LocationID>
			</BuyerOrganization>
			<PaymentTerms>
				<CurrencyCode>USD</CurrencyCode>
				<SettlementMonthPeriod>170104</SettlementMonthPeriod>
				<SettlementMethod>I</SettlementMethod>
			</PaymentTerms>
			<ISDetails>
				<DigitalSignatureFlag>D</DigitalSignatureFlag>
			</ISDetails>
			<Attachment>
				<AttachmentIndicatorOriginal>N</AttachmentIndicatorOriginal>
			</Attachment>
		</InvoiceHeader>
		<LineItem>
			<LineItemNumber>1</LineItemNumber>
			<ChargeCode>Code Share</ChargeCode>
			<Description>Debit for C Class</Description>
			<StartDate>2017-01-28</StartDate>
			<EndDate>2017-01-29</EndDate>
			<Quantity UOMCode="EA">1.0000</Quantity>
			<UnitPrice SF="1">200.0000</UnitPrice>
			<ChargeAmount>200.00</ChargeAmount>
			<TotalNetAmount>200.00</TotalNetAmount>
			<DetailCount>1</DetailCount>
		</LineItem>
		<LineItem>
			<LineItemNumber>2</LineItemNumber>
			<ChargeCode>Code Share</ChargeCode>
			<Description>Debit for Y Class</Description>
			<StartDate>2017-01-28</StartDate>
			<EndDate>2017-01-29</EndDate>
			<Quantity UOMCode="EA">3700.0000</Quantity>
			<UnitPrice SF="1">100.0000</UnitPrice>
			<ChargeAmount>370000.00</ChargeAmount>
			<TotalNetAmount>370000.00</TotalNetAmount>
			<DetailCount>6</DetailCount>
		</LineItem>
		<LineItemDetail>
			<DetailNumber>1</DetailNumber>
			<LineItemNumber>1</LineItemNumber>
			<Description>Debit for C Class</Description>
			<EndDate>2017-01-29</EndDate>
			<Quantity UOMCode="EA">1.0000</Quantity>
			<UnitPrice>200.0000</UnitPrice>
			<ChargeAmount>200.00</ChargeAmount>
			<TotalNetAmount>200.00</TotalNetAmount>
			<ContractNo>CLJ-MXP/ZZ407-GG7505</ContractNo>
			<FlightDetails>
				<FlightNo>ZZ407</FlightNo>
			</FlightDetails>
		</LineItemDetail>
		<LineItemDetail>
			<DetailNumber>1</DetailNumber>
			<LineItemNumber>2</LineItemNumber>
			<Description>Debit for Y Class</Description>
			<EndDate>2017-01-29</EndDate>
			<Quantity UOMCode="EA">800.0000</Quantity>
			<UnitPrice>100.0000</UnitPrice>
			<ChargeAmount>80000.00</ChargeAmount>
			<TotalNetAmount>80000.00</TotalNetAmount>
			<ContractNo>BUH-ROM/ZZ403-GG7507</ContractNo>
			<FlightDetails>
				<FlightNo>ZZ403</FlightNo>
			</FlightDetails>
		</LineItemDetail>
		<LineItemDetail>
			<DetailNumber>2</DetailNumber>
			<LineItemNumber>2</LineItemNumber>
			<Description>Debit for Y Class</Description>
			<EndDate>2017-01-29</EndDate>
			<Quantity UOMCode="EA">800.0000</Quantity>
			<UnitPrice>100.0000</UnitPrice>
			<ChargeAmount>80000.00</ChargeAmount>
			<TotalNetAmount>80000.00</TotalNetAmount>
			<ContractNo>ROM-BUH/ZZ404-GG7506</ContractNo>
			<FlightDetails>
				<FlightNo>ZZ404</FlightNo>
			</FlightDetails>
		</LineItemDetail>
		<LineItemDetail>
			<DetailNumber>3</DetailNumber>
			<LineItemNumber>2</LineItemNumber>
			<Description>Debit for Y Class</Description>
			<EndDate>2017-01-29</EndDate>
			<Quantity UOMCode="EA">900.0000</Quantity>
			<UnitPrice>100.0000</UnitPrice>
			<ChargeAmount>90000.00</ChargeAmount>
			<TotalNetAmount>90000.00</TotalNetAmount>
			<ContractNo>CLJ-MXP/ZZ407-GG7505</ContractNo>
			<FlightDetails>
				<FlightNo>ZZ407</FlightNo>
			</FlightDetails>
		</LineItemDetail>
		<LineItemDetail>
			<DetailNumber>4</DetailNumber>
			<LineItemNumber>2</LineItemNumber>
			<Description>Debit for Y Class</Description>
			<EndDate>2017-01-29</EndDate>
			<Quantity UOMCode="EA">900.0000</Quantity>
			<UnitPrice>100.0000</UnitPrice>
			<ChargeAmount>90000.00</ChargeAmount>
			<TotalNetAmount>90000.00</TotalNetAmount>
			<ContractNo>MXP-CLJ/ZZ408-GG7504</ContractNo>
			<FlightDetails>
				<FlightNo>ZZ408</FlightNo>
			</FlightDetails>
		</LineItemDetail>
		<LineItemDetail>
			<DetailNumber>5</DetailNumber>
			<LineItemNumber>2</LineItemNumber>
			<Description>Debit for Y Class</Description>
			<EndDate>2017-01-29</EndDate>
			<Quantity UOMCode="EA">150.0000</Quantity>
			<UnitPrice>100.0000</UnitPrice>
			<ChargeAmount>15000.00</ChargeAmount>
			<TotalNetAmount>15000.00</TotalNetAmount>
			<ContractNo>BUH-ROM/ZZ409-GG7503</ContractNo>
			<FlightDetails>
				<FlightNo>ZZ409</FlightNo>
			</FlightDetails>
		</LineItemDetail>
		<LineItemDetail>
			<DetailNumber>6</DetailNumber>
			<LineItemNumber>2</LineItemNumber>
			<Description>Debit for Y Class</Description>
			<EndDate>2017-01-29</EndDate>
			<Quantity UOMCode="EA">150.0000</Quantity>
			<UnitPrice>100.0000</UnitPrice>
			<ChargeAmount>15000.00</ChargeAmount>
			<TotalNetAmount>15000.00</TotalNetAmount>
			<ContractNo>ROM-BUH/ZZ410-GG7502</ContractNo>
			<FlightDetails>
				<FlightNo>ZZ410</FlightNo>
			</FlightDetails>
		</LineItemDetail>
		<InvoiceSummary>
			<LineItemCount>2</LineItemCount>
			<TotalLineItemAmount>370200.00</TotalLineItemAmount>
			<TotalAmount>370200.00</TotalAmount>
		</InvoiceSummary>
	</Invoice>
	<TransmissionSummary>
		<InvoiceCount>1</InvoiceCount>
		<TotalAmount CurrencyCode="USD">370200.00</TotalAmount>
	</TransmissionSummary>
</InvoiceTransmission>
