<?xml version="1.0" encoding="us-ascii"?>
<InvoiceTransmission xsi:schemaLocation="http://www.IATA.com/IATAAviationInvoiceStandard http://www.iata.org/services/finance/sis/Documents/schemas/IATA_IS_XML_Invoice_Standard_V3.9.xsd" xmlns="http://www.IATA.com/IATAAviationInvoiceStandard" xmlns:xsi="http://www.w3.org/2001/XMLSchema-instance">
	<TransmissionHeader>
		<TransmissionDateTime>2017-02-01T01:02:48</TransmissionDateTime>
		<Version>IATA:ISXMLInvoiceV3.9</Version>
		<TransmissionID>07fa06dd-2864-4201-bb59-aaf94df4c74b</TransmissionID>
		<IssuingOrganizationID>A89</IssuingOrganizationID>
		<BillingCategory>Miscellaneous</BillingCategory>
	</TransmissionHeader>
	<Invoice>
		<InvoiceHeader>
			<InvoiceNumber>TPRt2</InvoiceNumber>
			<InvoiceDate>2017-01-30</InvoiceDate>
			<InvoiceType>Invoice</InvoiceType>
			<LocationCode>YUL</LocationCode>
			<ChargeCategory>Partner Alliance</ChargeCategory>
			<SellerOrganization>
				<OrganizationID>A89</OrganizationID>
				<LocationID>Main</LocationID>
			</SellerOrganization>
			<BuyerOrganization>
				<OrganizationID>A55</OrganizationID>
				<LocationID>Main</LocationID>
			</BuyerOrganization>
			<PaymentTerms>
				<CurrencyCode>USD</CurrencyCode>
				<SettlementMonthPeriod>170104</SettlementMonthPeriod>
				<SettlementMethod>I</SettlementMethod>
			</PaymentTerms>
			<ISDetails>
				<DigitalSignatureFlag>D</DigitalSignatureFlag>
			</ISDetails>
			<Attachment>
				<AttachmentIndicatorOriginal>N</AttachmentIndicatorOriginal>
			</Attachment>
		</InvoiceHeader>
		<LineItem>
			<LineItemNumber>1</LineItemNumber>
			<ChargeCode>Block Space</ChargeCode>
			<Description>Block Space Agreement</Description>
			<StartDate>2017-01-28</StartDate>
			<EndDate>2017-01-29</EndDate>
			<Quantity UOMCode="EA">1.0000</Quantity>
			<UnitPrice SF="1">80000.0000</UnitPrice>
			<ChargeAmount>80000.00</ChargeAmount>
			<TotalNetAmount>80000.00</TotalNetAmount>
			<DetailCount>2</DetailCount>
		</LineItem>
		<LineItemDetail>
			<DetailNumber>1</DetailNumber>
			<LineItemNumber>1</LineItemNumber>
			<Description>Block Space Agreement</Description>
			<EndDate>2017-01-28</EndDate>
			<Quantity UOMCode="EA">1.0000</Quantity>
			<UnitPrice>35000.0000</UnitPrice>
			<ChargeAmount>35000.00</ChargeAmount>
			<TotalNetAmount>35000.00</TotalNetAmount>
			<ContractNo>ZZ7044A</ContractNo>
			<FlightDetails>
				<FlightNo>ZZ928</FlightNo>
				<FlightDateTime>2017-01-28T04:11:18</FlightDateTime>
			</FlightDetails>
		</LineItemDetail>
		<LineItemDetail>
			<DetailNumber>2</DetailNumber>
			<LineItemNumber>1</LineItemNumber>
			<Description>Block Space Agreement</Description>
			<EndDate>2017-01-29</EndDate>
			<Quantity UOMCode="EA">1.0000</Quantity>
			<UnitPrice>45000.0000</UnitPrice>
			<ChargeAmount>45000.00</ChargeAmount>
			<TotalNetAmount>45000.00</TotalNetAmount>
			<ContractNo>ZZ7044B</ContractNo>
			<FlightDetails>
				<FlightNo>ZZ928</FlightNo>
				<FlightDateTime>2017-01-29T04:11:18</FlightDateTime>
			</FlightDetails>
		</LineItemDetail>
		<InvoiceSummary>
			<LineItemCount>1</LineItemCount>
			<TotalLineItemAmount>80000.00</TotalLineItemAmount>
			<TotalAmount>80000.00</TotalAmount>
		</InvoiceSummary>
	</Invoice>
	<TransmissionSummary>
		<InvoiceCount>1</InvoiceCount>
		<TotalAmount CurrencyCode="USD">80000.00</TotalAmount>
	</TransmissionSummary>
</InvoiceTransmission>
