<?xml version="1.0" encoding="ASCII"?>
<InvoiceTransmission xsi:schemaLocation="http://www.IATA.com/IATAAviationInvoiceStandard http://www.iata.org/services/finance/sis/Documents/schemas/IATA_IS_XML_Invoice_Standard_V3.9.xsd" xmlns="http://www.IATA.com/IATAAviationInvoiceStandard" xmlns:xsi="http://www.w3.org/2001/XMLSchema-instance">
  <TransmissionHeader>
    <TransmissionDateTime>2011-01-27T21:09:51</TransmissionDateTime>
    <Version>IATA:ISXMLInvoiceV3.9</Version>
    <IssuingOrganizationID>111</IssuingOrganizationID>
    <BillingCategory>Passenger</BillingCategory>
  </TransmissionHeader>
  <Invoice>
    <InvoiceHeader>
      <InvoiceNumber>R12K123451</InvoiceNumber>
      <InvoiceDate>2010-12-10</InvoiceDate>
      <InvoiceType>Invoice</InvoiceType>
      <ChargeCategory>Pax Non Sample</ChargeCategory>
      <SellerOrganization>
        <OrganizationID>111</OrganizationID>
        <OrganizationName1>Legal name of biller</OrganizationName1>
        <TaxRegistrationID>Biller Tax Id 1</TaxRegistrationID>
        <CompanyRegistrationID>Biller tax Id 2</CompanyRegistrationID>
        <Address>
          <AddressLine1>Biller Co. Reg. Id       Biller Address line #1</AddressLine1>
          <AddressLine2>Biller Address line #2</AddressLine2>
          <AddressLine3>Biller Address line #3</AddressLine3>
          <CityName>biller city name</CityName>
          <CountryCode>DE</CountryCode>
          <CountryName>Germany</CountryName>
          <PostalCode>Biller postal code</PostalCode>
        </Address>
      </SellerOrganization>
      <BuyerOrganization>
        <OrganizationID>222</OrganizationID>
        <OrganizationName1>Legal name of billed airline</OrganizationName1>
        <TaxRegistrationID>Billed airline tax Id 1</TaxRegistrationID>
        <CompanyRegistrationID>Billed airline tax Id 2</CompanyRegistrationID>
        <Address>
          <AddressLine1>Billed Co. Reg. Id       Billed airline address line #1</AddressLine1>
          <AddressLine2>Billed airline address line #2</AddressLine2>
          <AddressLine3>Billed airline address line #3</AddressLine3>
          <CityName>Billed airline city name</CityName>
          <CountryCode>GB</CountryCode>
          <CountryName>United Kingdom</CountryName>
          <PostalCode>Billed airline postal code</PostalCode>
        </Address>
      </BuyerOrganization>
      <PaymentTerms>
        <CurrencyCode>USD</CurrencyCode>
        <ClearanceCurrencyCode>USD</ClearanceCurrencyCode>
        <ExchangeRate>1.000</ExchangeRate>
        <SettlementMonthPeriod>101201</SettlementMonthPeriod>
        <SettlementMethod>I</SettlementMethod>
      </PaymentTerms>
      <ISDetails>
        <DigitalSignatureFlag>D</DigitalSignatureFlag>
      </ISDetails>
    </InvoiceHeader>
    <LineItem>
      <LineItemNumber>1</LineItemNumber>
      <ChargeCode>1</ChargeCode>
      <ChargeAmount>847.230</ChargeAmount>
      <Tax>
        <TaxType>Tax</TaxType>
        <TaxAmount>32.810</TaxAmount>
      </Tax>
      <Tax>
        <TaxType>VAT</TaxType>
        <TaxAmount>-10.680</TaxAmount>
        <TaxBreakdown>
          <TaxLabel>VAT</TaxLabel>
          <TaxIdentifier>IS</TaxIdentifier>
          <TaxableAmount>-76.250</TaxableAmount>
          <TaxPercent>14.00</TaxPercent>
          <TaxAmount>-10.680</TaxAmount>
          <TaxText>VAT ON ISC</TaxText>
        </TaxBreakdown>
      </Tax>
      <AddOnCharges>
        <AddOnChargeName>ISCAllowed</AddOnChargeName>
        <AddOnChargeAmount>-76.250</AddOnChargeAmount>
      </AddOnCharges>
      <AddOnCharges>
        <AddOnChargeName>OtherCommissionAllowed</AddOnChargeName>
        <AddOnChargeAmount>-16.940</AddOnChargeAmount>
      </AddOnCharges>
      <AddOnCharges>
        <AddOnChargeName>UATPAllowed</AddOnChargeName>
        <AddOnChargeAmount>-6.350</AddOnChargeAmount>
      </AddOnCharges>
      <AddOnCharges>
        <AddOnChargeName>HandlingFeeAllowed</AddOnChargeName>
        <AddOnChargeAmount>-3.270</AddOnChargeAmount>
      </AddOnCharges>
      <TotalNetAmount>766.550</TotalNetAmount>
      <DetailCount>1</DetailCount>
    </LineItem>
    <LineItem>
      <LineItemNumber>2</LineItemNumber>
      <ChargeCode>9</ChargeCode>
      <ChargeAmount>2012.470</ChargeAmount>
      <Tax>
        <TaxType>Tax</TaxType>
        <TaxAmount>46.240</TaxAmount>
      </Tax>
      <Tax>
        <TaxType>VAT</TaxType>
        <TaxAmount>-25.360</TaxAmount>
        <TaxBreakdown>
          <TaxLabel>VAT</TaxLabel>
          <TaxIdentifier>IS</TaxIdentifier>
          <TaxableAmount>-181.120</TaxableAmount>
          <TaxPercent>14.00</TaxPercent>
          <TaxAmount>-25.360</TaxAmount>
          <TaxText>VAT on ISC</TaxText>
        </TaxBreakdown>
      </Tax>
      <AddOnCharges>
        <AddOnChargeName>ISCAllowed</AddOnChargeName>
        <AddOnChargeAmount>-181.120</AddOnChargeAmount>
      </AddOnCharges>
      <TotalNetAmount>1852.230</TotalNetAmount>
      <DetailCount>1</DetailCount>
    </LineItem>
    <LineItem>
      <LineItemNumber>3</LineItemNumber>
      <ChargeCode>4</ChargeCode>
      <ChargeAmount>212.840</ChargeAmount>
      <Tax>
        <TaxType>VAT</TaxType>
        <TaxAmount>-29.800</TaxAmount>
        <TaxBreakdown>
          <TaxLabel>VAT</TaxLabel>
          <TaxIdentifier>GF</TaxIdentifier>
          <TaxableAmount>212.840</TaxableAmount>
          <TaxPercent>-14.00</TaxPercent>
          <TaxAmount>-29.800</TaxAmount>
          <TaxText>VAT on Gross Fare</TaxText>
        </TaxBreakdown>
      </Tax>
      <AddOnCharges>
        <AddOnChargeName>ISCAllowed</AddOnChargeName>
        <AddOnChargeAmount>-19.150</AddOnChargeAmount>
      </AddOnCharges>
      <TotalNetAmount>163.890</TotalNetAmount>
      <DetailCount>1</DetailCount>
    </LineItem>
    <LineItemDetail>
      <DetailNumber>1</DetailNumber>
      <LineItemNumber>1</LineItemNumber>
      <BatchSequenceNumber>100</BatchSequenceNumber>
      <RecordSequenceWithinBatch>1</RecordSequenceWithinBatch>
      <ChargeAmount Name="GrossBilled">847.230</ChargeAmount>
      <Tax>
        <TaxType>Tax</TaxType>
        <TaxAmount Name="Billed">32.810</TaxAmount>
        <TaxBreakdown>
          <TaxCode>DE</TaxCode>
          <TaxAmount Name="Billed">20.230</TaxAmount>
        </TaxBreakdown>
        <TaxBreakdown>
          <TaxCode>RD</TaxCode>
          <TaxAmount Name="Billed">12.580</TaxAmount>
        </TaxBreakdown>
      </Tax>
      <Tax>
        <TaxType>VAT</TaxType>
        <TaxAmount Name="Billed">-10.680</TaxAmount>
        <TaxBreakdown>
          <TaxLabel>VAT</TaxLabel>
          <TaxIdentifier>IS</TaxIdentifier>
          <TaxableAmount>-76.250</TaxableAmount>
          <TaxPercent>14.00</TaxPercent>
          <TaxAmount Name="Billed">-10.680</TaxAmount>
          <TaxText>VAT on ISC</TaxText>
        </TaxBreakdown>
      </Tax>
      <AddOnCharges>
        <AddOnChargeName>ISCAllowed</AddOnChargeName>
        <AddOnChargePercentage>-9.00</AddOnChargePercentage>
        <AddOnChargeAmount>-76.250</AddOnChargeAmount>
      </AddOnCharges>
      <AddOnCharges>
        <AddOnChargeName>HandlingFeeAllowed</AddOnChargeName>
        <AddOnChargeAmount>-3.270</AddOnChargeAmount>
      </AddOnCharges>
      <AddOnCharges>
        <AddOnChargeName>OtherCommissionAllowed</AddOnChargeName>
        <AddOnChargePercentage>-2.00</AddOnChargePercentage>
        <AddOnChargeAmount>-16.940</AddOnChargeAmount>
      </AddOnCharges>
      <AddOnCharges>
        <AddOnChargeName>UATPAllowed</AddOnChargeName>
        <AddOnChargePercentage>-0.75</AddOnChargePercentage>
        <AddOnChargeAmount>-6.350</AddOnChargeAmount>
      </AddOnCharges>
      <TotalNetAmount>766.550</TotalNetAmount>
      <CouponDetails>
        <TicketOrFIMIssuingAirline>*!!*</TicketOrFIMIssuingAirline>
        <TicketOrFIMCouponNumber>2</TicketOrFIMCouponNumber>
        <TicketDocOrFIMNumber>4431327428</TicketDocOrFIMNumber>
        <CheckDigit>3</CheckDigit>
        <CurrAdjustmentIndicator>EUR</CurrAdjustmentIndicator>
        <ElectronicTicketIndicator>E</ElectronicTicketIndicator>
        <AgreementIndicatorSupplied>I</AgreementIndicatorSupplied>
        <OriginalPMI>N</OriginalPMI>
        <AirlineFlightDesignator>LH</AirlineFlightDesignator>
        <FlightNo>4773</FlightNo>
        <FlightDate>2010-12-03</FlightDate>
        <FromAirportCode>MUC</FromAirportCode>
        <ToAirportCode>MAD</ToAirportCode>
        <HandlingFeeType>A</HandlingFeeType>
        <SettlementAuthorizationCode>0037023622AS23</SettlementAuthorizationCode>
        <SurchargeAmount>42.35</SurchargeAmount>
        <CabinClass>C</CabinClass>
        <Attachment>
          <AttachmentIndicatorOriginal>Y</AttachmentIndicatorOriginal>
        </Attachment>
      </CouponDetails>
    </LineItemDetail>
    <LineItemDetail>
      <DetailNumber>1</DetailNumber>
      <LineItemNumber>2</LineItemNumber>
      <BatchSequenceNumber>300</BatchSequenceNumber>
      <RecordSequenceWithinBatch>1</RecordSequenceWithinBatch>
      <ChargeAmount Name="GrossBilled">2012.470</ChargeAmount>
      <Tax>
        <TaxType>Tax</TaxType>
        <TaxAmount Name="Billed">46.240</TaxAmount>
      </Tax>
      <AddOnCharges>
        <AddOnChargeName>ISCAllowed</AddOnChargeName>
        <AddOnChargeAmount>-181.120</AddOnChargeAmount>
      </AddOnCharges>
      <TotalNetAmount>1852.230</TotalNetAmount>
      <BillingMemoDetails>
        <BillingMemoNumber>LHBM0000001</BillingMemoNumber>
        <ReasonCode>8M</ReasonCode>
        <ReasonDescription>Billing Memo text line #1 for billing outside time limits                       </ReasonDescription>
        <ReasonDescription>Billing Memo text line #2 for billing outside time limits                       </ReasonDescription>
        <ReasonDescription>Billing Memo text line #3 for billing outside time limits                       </ReasonDescription>
        <ReasonDescription>Billing Memo text line #4 for billing outside time limits                       </ReasonDescription>
        <ReasonDescription>Billing Memo text line #5 for billing outside time limits                       </ReasonDescription>
        <Attachment>
          <AttachmentIndicatorOriginal>Y</AttachmentIndicatorOriginal>
        </Attachment>
        <BMCMCouponBreakdown>
          <BreakdownSerialNumber>1</BreakdownSerialNumber>
          <TicketIssuingAirline>111</TicketIssuingAirline>
          <CouponNumber>2</CouponNumber>
          <TicketDocNumber>9763421328</TicketDocNumber>
          <CheckDigit>3</CheckDigit>
          <ChargeAmount Name="GrossBilled">2012.470</ChargeAmount>
          <Tax>
            <TaxType>Tax</TaxType>
            <TaxAmount Name="Billed">46.240</TaxAmount>
            <TaxBreakdown>
              <TaxCode>DE</TaxCode>
              <TaxAmount Name="Billed">10.020</TaxAmount>
            </TaxBreakdown>
            <TaxBreakdown>
              <TaxCode>RA</TaxCode>
              <TaxAmount Name="Billed">9.380</TaxAmount>
            </TaxBreakdown>
            <TaxBreakdown>
              <TaxCode>RD</TaxCode>
              <TaxAmount Name="Billed">26.840</TaxAmount>
            </TaxBreakdown>
          </Tax>
          <Tax>
            <TaxType>VAT</TaxType>
            <TaxAmount Name="Billed">-25.360</TaxAmount>
            <TaxBreakdown>
              <TaxLabel>VAT</TaxLabel>
              <TaxIdentifier>IS</TaxIdentifier>
              <TaxableAmount>-181.120</TaxableAmount>
              <TaxPercent>14.00</TaxPercent>
              <TaxAmount Name="Billed">-25.360</TaxAmount>
              <TaxText>VAT on ISC</TaxText>
            </TaxBreakdown>
          </Tax>
          <AddOnCharges>
            <AddOnChargeName>ISCAllowed</AddOnChargeName>
            <AddOnChargePercentage>-9.00</AddOnChargePercentage>
            <AddOnChargeAmount>-181.120</AddOnChargeAmount>
          </AddOnCharges>
          <TotalNetAmount>1852.230</TotalNetAmount>
          <FromAirportCode>FRA</FromAirportCode>
          <ToAirportCode>ORD</ToAirportCode>
          <SettlementAuthorizationCode>0037023622AS23</SettlementAuthorizationCode>
          <CurrAdjustmentIndicator>EUR</CurrAdjustmentIndicator>
          <ElectronicTicketIndicator>E</ElectronicTicketIndicator>
          <AirlineFlightDesignator>LH</AirlineFlightDesignator>
          <FlightNo>430</FlightNo>
          <FlightDate>2010-01-10</FlightDate>
          <CabinClass>F</CabinClass>
          <Attachment>
            <AttachmentIndicatorOriginal>Y</AttachmentIndicatorOriginal>
          </Attachment>
        </BMCMCouponBreakdown>
      </BillingMemoDetails>
    </LineItemDetail>
    <LineItemDetail>
      <DetailNumber>1</DetailNumber>
      <LineItemNumber>3</LineItemNumber>
      <BatchSequenceNumber>200</BatchSequenceNumber>
      <RecordSequenceWithinBatch>1</RecordSequenceWithinBatch>
      <ChargeAmount Name="GrossBilled">521.050</ChargeAmount>
      <ChargeAmount Name="GrossAccepted">308.210</ChargeAmount>
      <ChargeAmount Name="GrossDifference">212.840</ChargeAmount>
      <Tax>
        <TaxType>Tax</TaxType>
        <TaxAmount Name="Billed">27.210</TaxAmount>
        <TaxAmount Name="Accepted">27.210</TaxAmount>
        <TaxAmount Name="Difference">0.000</TaxAmount>
      </Tax>
      <AddOnCharges>
        <AddOnChargeName>ISCAllowed</AddOnChargeName>
        <AddOnChargeAmount>-46.890</AddOnChargeAmount>
      </AddOnCharges>
      <AddOnCharges>
        <AddOnChargeName>ISCAccepted</AddOnChargeName>
        <AddOnChargeAmount>-27.74</AddOnChargeAmount>
      </AddOnCharges>
      <AddOnCharges>
        <AddOnChargeName>ISCDifference</AddOnChargeName>
        <AddOnChargeAmount>-19.15</AddOnChargeAmount>
      </AddOnCharges>
      <TotalNetAmount>163.890</TotalNetAmount>
      <RejectionMemoDetails>
        <RejectionMemoNumber>00000012345</RejectionMemoNumber>
        <RejectionStage>1</RejectionStage>
        <ReasonCode>1B</ReasonCode>
        <ReasonDescription>Rejection text line #1 for difference in fare                                   </ReasonDescription>
        <ReasonDescription>Rejection text line #2 for difference in fare                                   </ReasonDescription>
        <ReasonDescription>Rejection text line #3 for difference in fare                                   </ReasonDescription>
        <ReasonDescription>Rejection text line #4 for difference in fare                                   </ReasonDescription>
        <ReasonDescription>Rejection text line #5 for difference in fare                                   </ReasonDescription>
        <YourInvoiceNumber>BAINV00027</YourInvoiceNumber>
        <YourInvoiceBillingDate>101101</YourInvoiceBillingDate>
        <Attachment>
          <AttachmentIndicatorOriginal>Y</AttachmentIndicatorOriginal>
        </Attachment>
        <RMCouponBreakdown>
          <BreakdownSerialNumber>1</BreakdownSerialNumber>
          <TicketIssuingAirline>111</TicketIssuingAirline>
          <CouponNumber>2</CouponNumber>
          <TicketDocNumber>9761235842</TicketDocNumber>
          <CheckDigit>3</CheckDigit>
          <ChargeAmount Name="GrossBilled">521.050</ChargeAmount>
          <ChargeAmount Name="GrossAccepted">308.210</ChargeAmount>
          <ChargeAmount Name="GrossDifference">212.840</ChargeAmount>
          <Tax>
            <TaxType>Tax</TaxType>
            <TaxAmount Name="Billed">27.210</TaxAmount>
            <TaxAmount Name="Accepted">27.210</TaxAmount>
            <TaxAmount Name="Difference">0.000</TaxAmount>
            <TaxBreakdown>
              <TaxCode>GB</TaxCode>
              <TaxAmount Name="Billed">12.100</TaxAmount>
            </TaxBreakdown>
            <TaxBreakdown>
              <TaxCode>UB</TaxCode>
              <TaxAmount Name="Billed">15.110</TaxAmount>
            </TaxBreakdown>
          </Tax>
          <Tax>
            <TaxType>VAT</TaxType>
            <TaxAmount Name="Billed">-72.950</TaxAmount>
            <TaxAmount Name="Accepted">-43.150</TaxAmount>
            <TaxAmount Name="Difference">-29.800</TaxAmount>
            <TaxBreakdown>
              <TaxLabel>VAT</TaxLabel>
              <TaxIdentifier>GF</TaxIdentifier>
              <TaxableAmount>212.840</TaxableAmount>
              <TaxPercent>-14.00</TaxPercent>
              <TaxAmount Name="Billed">-29.800</TaxAmount>
              <TaxText>VAT on Gross Fare</TaxText>
            </TaxBreakdown>
          </Tax>
          <AddOnCharges>
            <AddOnChargeName>ISCAllowed</AddOnChargeName>
            <AddOnChargePercentage>-9.00</AddOnChargePercentage>
            <AddOnChargeAmount>-46.890</AddOnChargeAmount>
          </AddOnCharges>
          <AddOnCharges>
            <AddOnChargeName>ISCAccepted</AddOnChargeName>
            <AddOnChargePercentage>-9.00</AddOnChargePercentage>
            <AddOnChargeAmount>-27.74</AddOnChargeAmount>
          </AddOnCharges>
          <AddOnCharges>
            <AddOnChargeName>ISCDifference</AddOnChargeName>
            <AddOnChargeAmount>-19.15</AddOnChargeAmount>
          </AddOnCharges>
          <TotalNetAmount>163.890</TotalNetAmount>
          <FromAirportCode>LHR</FromAirportCode>
          <ToAirportCode>DUB</ToAirportCode>
          <SettlementAuthorizationCode>0037023622AS23</SettlementAuthorizationCode>
          <ProrateSlipBreakdown>Prorate slip line #1 for this coupon                                            </ProrateSlipBreakdown>
          <ProrateSlipBreakdown>Prorate slip line #2 for this coupon                                            </ProrateSlipBreakdown>
          <ProrateSlipBreakdown>Prorate slip line #3 for this coupon                                            </ProrateSlipBreakdown>
          <ProrateSlipBreakdown>Prorate slip line #4 for this coupon                                            </ProrateSlipBreakdown>
          <ProrateSlipBreakdown>Prorate slip line #5 for this coupon</ProrateSlipBreakdown>
          <Attachment>
            <AttachmentIndicatorOriginal>Y</AttachmentIndicatorOriginal>
          </Attachment>
        </RMCouponBreakdown>
      </RejectionMemoDetails>
    </LineItemDetail>
    <InvoiceSummary>
      <LineItemCount>3</LineItemCount>
      <TotalLineItemAmount>3072.540</TotalLineItemAmount>
      <Tax>
        <TaxType>VAT</TaxType>
        <TaxAmount>-65.830</TaxAmount>
        <TaxBreakdown>
          <TaxLabel>VAT</TaxLabel>
          <TaxIdentifier>IS</TaxIdentifier>
          <TaxableAmount>-257.370</TaxableAmount>
          <TaxPercent>14.00</TaxPercent>
          <TaxAmount>-36.030</TaxAmount>
          <TaxText>IVA on ISC</TaxText>
        </TaxBreakdown>
        <TaxBreakdown>
          <TaxLabel>VAT</TaxLabel>
          <TaxIdentifier>GF</TaxIdentifier>
          <TaxableAmount>212.840</TaxableAmount>
          <TaxPercent>-14.00</TaxPercent>
          <TaxAmount>-29.800</TaxAmount>
          <TaxText>VAT on Gross Fare</TaxText>
        </TaxBreakdown>
      </Tax>
      <AddOnCharges>
        <AddOnChargeName>ISCAllowed</AddOnChargeName>
        <AddOnChargeAmount>-276.520</AddOnChargeAmount>
      </AddOnCharges>
      <AddOnCharges>
        <AddOnChargeName>OtherCommissionAllowed</AddOnChargeName>
        <AddOnChargeAmount>-16.940</AddOnChargeAmount>
      </AddOnCharges>
      <AddOnCharges>
        <AddOnChargeName>UATPAllowed</AddOnChargeName>
        <AddOnChargeAmount>-6.350</AddOnChargeAmount>
      </AddOnCharges>
      <AddOnCharges>
        <AddOnChargeName>HandlingFeeAllowed</AddOnChargeName>
        <AddOnChargeAmount>-3.270</AddOnChargeAmount>
      </AddOnCharges>
      <TotalTaxAmount>79.050</TotalTaxAmount>
      <TotalVATAmount>-65.840</TotalVATAmount>
      <TotalAmountWithoutVAT>2848.510</TotalAmountWithoutVAT>
      <TotalAmount>2782.670</TotalAmount>
      <TotalAmountInClearanceCurrency>2782.670</TotalAmountInClearanceCurrency>
      <LegalText>Footer Text 1</LegalText>
      <LegalText>Footer Text 2</LegalText>
      <LegalText>Footer Text 3</LegalText>
      <LegalText>Footer Text 4</LegalText>
      <LegalText>Footer Text 5</LegalText>
    </InvoiceSummary>
  </Invoice>
  <Invoice>
    <InvoiceHeader>
      <InvoiceNumber>R12K123452</InvoiceNumber>
      <InvoiceDate>2010-12-10</InvoiceDate>
      <InvoiceType>CreditNote</InvoiceType>
      <ChargeCategory>Pax Non Sample</ChargeCategory>
      <SellerOrganization>
        <OrganizationID>111</OrganizationID>
        <OrganizationName1>Legal name of biller</OrganizationName1>
        <TaxRegistrationID>Biller Tax Id 1</TaxRegistrationID>
        <CompanyRegistrationID>Biller tax Id 2</CompanyRegistrationID>
        <Address>
          <AddressLine1>Biller Co. Reg. Id       Biller Address line #1</AddressLine1>
          <AddressLine2>Biller Address line #2</AddressLine2>
          <AddressLine3>Biller Address line #3</AddressLine3>
          <CityName>biller city name</CityName>
          <CountryCode>DE</CountryCode>
          <CountryName>Germany</CountryName>
          <PostalCode>Biller postal code</PostalCode>
        </Address>
      </SellerOrganization>
      <BuyerOrganization>
        <OrganizationID>222</OrganizationID>
        <OrganizationName1>Legal name of billed airline</OrganizationName1>
        <TaxRegistrationID>Billed airline tax Id 1</TaxRegistrationID>
        <CompanyRegistrationID>Billed airline tax Id 2</CompanyRegistrationID>
        <Address>
          <AddressLine1>Billed Co. Reg. Id       Billed airline address line #1</AddressLine1>
          <AddressLine2>Billed airline address line #2</AddressLine2>
          <AddressLine3>Billed airline address line #3</AddressLine3>
          <CityName>Billed airline city name</CityName>
          <CountryCode>GB</CountryCode>
          <CountryName>United Kingdom</CountryName>
          <PostalCode>Billed airline postal code</PostalCode>
        </Address>
      </BuyerOrganization>
      <PaymentTerms>
        <CurrencyCode>USD</CurrencyCode>
        <ClearanceCurrencyCode>USD</ClearanceCurrencyCode>
        <ExchangeRate>1.000</ExchangeRate>
        <SettlementMonthPeriod>101201</SettlementMonthPeriod>
        <SettlementMethod>I</SettlementMethod>
      </PaymentTerms>
      <ISDetails>
        <DigitalSignatureFlag>D</DigitalSignatureFlag>
      </ISDetails>
    </InvoiceHeader>
    <LineItem>
      <LineItemNumber>1</LineItemNumber>
      <ChargeCode>24</ChargeCode>
      <ChargeAmount>-68.210</ChargeAmount>
      <AddOnCharges>
        <AddOnChargeName>OtherCommissionAllowed</AddOnChargeName>
        <AddOnChargeAmount>-68.210</AddOnChargeAmount>
      </AddOnCharges>
      <TotalNetAmount>-68.210</TotalNetAmount>
      <DetailCount>1</DetailCount>
    </LineItem>
    <LineItemDetail>
      <DetailNumber>1</DetailNumber>
      <LineItemNumber>1</LineItemNumber>
      <BatchSequenceNumber>100</BatchSequenceNumber>
      <RecordSequenceWithinBatch>1</RecordSequenceWithinBatch>
      <ChargeAmount Name="GrossCredited">-68.210</ChargeAmount>
      <AddOnCharges>
        <AddOnChargeName>OtherCommissionAllowed</AddOnChargeName>
        <AddOnChargeAmount>-68.210</AddOnChargeAmount>
      </AddOnCharges>
      <TotalNetAmount>-68.210</TotalNetAmount>
      <CreditMemoDetails>
        <CreditMemoNumber>LHCM0000001</CreditMemoNumber>
        <ReasonCode>9B</ReasonCode>
        <ReasonDescription>Credit Memo text line #1 for credit of codeshare commission                     </ReasonDescription>
        <ReasonDescription>Credit Memo text line #2 for credit of codeshare commission                     </ReasonDescription>
        <ReasonDescription>Credit Memo text line #3 for credit of codeshare commission                     </ReasonDescription>
        <ReasonDescription>Credit Memo text line #4 for credit of codeshare commission                     </ReasonDescription>
        <ReasonDescription>Credit Memo text line #5 for credit of codeshare commission                     </ReasonDescription>
        <Attachment>
          <AttachmentIndicatorOriginal>Y</AttachmentIndicatorOriginal>
        </Attachment>
        <BMCMCouponBreakdown>
          <BreakdownSerialNumber>1</BreakdownSerialNumber>
          <TicketIssuingAirline>111</TicketIssuingAirline>
          <CouponNumber>2</CouponNumber>
          <TicketDocNumber>2146902529</TicketDocNumber>
          <CheckDigit>3</CheckDigit>
          <AddOnCharges>
            <AddOnChargeName>OtherCommissionAllowed</AddOnChargeName>
            <AddOnChargePercentage>-3.50</AddOnChargePercentage>
            <AddOnChargeAmount>-68.210</AddOnChargeAmount>
          </AddOnCharges>
          <TotalNetAmount>-68.210</TotalNetAmount>
          <FromAirportCode>FRA</FromAirportCode>
          <ToAirportCode>BKK</ToAirportCode>
          <SettlementAuthorizationCode>0037023622AS23</SettlementAuthorizationCode>
          <CurrAdjustmentIndicator>EUR</CurrAdjustmentIndicator>
          <ElectronicTicketIndicator>E</ElectronicTicketIndicator>
          <AirlineFlightDesignator>LH</AirlineFlightDesignator>
          <FlightNo>750</FlightNo>
          <FlightDate>2010-01-10</FlightDate>
          <CabinClass>F</CabinClass>
          <Attachment>
            <AttachmentIndicatorOriginal>Y</AttachmentIndicatorOriginal>
          </Attachment>
        </BMCMCouponBreakdown>
      </CreditMemoDetails>
    </LineItemDetail>
    <InvoiceSummary>
      <LineItemCount>1</LineItemCount>
      <TotalLineItemAmount>-68.210</TotalLineItemAmount>
      <AddOnCharges>
        <AddOnChargeName>OtherCommissionAllowed</AddOnChargeName>
        <AddOnChargeAmount>-68.210</AddOnChargeAmount>
      </AddOnCharges>
      <TotalAmountWithoutVAT>-68.210</TotalAmountWithoutVAT>
      <TotalAmount>-68.210</TotalAmount>
      <TotalAmountInClearanceCurrency>-68.210</TotalAmountInClearanceCurrency>
      <LegalText>Footer Text 1</LegalText>
      <LegalText>Footer Text 2</LegalText>
      <LegalText>Footer Text 3</LegalText>
      <LegalText>Footer Text 4</LegalText>
      <LegalText>Footer Text 5</LegalText>
    </InvoiceSummary>
  </Invoice>
  <TransmissionSummary>
    <InvoiceCount>2</InvoiceCount>
    <TotalAmount CurrencyCode="USD">2714.460</TotalAmount>
  </TransmissionSummary>
</InvoiceTransmission>







