<?xml version="1.0" encoding="ASCII"?>
<FormCTransmission xsi:noNamespaceSchemaLocation="http://www.iata.org/services/finance/sis/Documents/schemas/IATA_IS_XML_Sampling_Form_C_V3.9.xml" xmlns:xsi="http://www.w3.org/2001/XMLSchema-instance">
  <TransmissionHeader>
    <TransmissionDateTime>2011-01-27T21:09:51</TransmissionDateTime>
    <Version>IATSamplingFormCV3.9</Version>
    <IssuingOrganizationID>111</IssuingOrganizationID>
  </TransmissionHeader>
  <SamplingFormC>
    <FormCHeader>
      <FormCGeneratingEntity>111</FormCGeneratingEntity>
      <FormCReceivingEntity>222</FormCReceivingEntity>
      <ProvisionalBillingMonth>100900</ProvisionalBillingMonth>
      <NilFormCIndicator>N</NilFormCIndicator>
      <CurrOfListingOfProvisionalBilling>USD</CurrOfListingOfProvisionalBilling>
    </FormCHeader>
    <LineItem>
      <LineItemNumber>1</LineItemNumber>
      <ChargeCode>51</ChargeCode>
      <TotalGrossAmountALF>192.56</TotalGrossAmountALF>
      <DetailCount>2</DetailCount>
    </LineItem>
    <LineItemDetail>
      <ProvisionalInvoiceNumber>8N1620V</ProvisionalInvoiceNumber>
      <BatchNumberOfProvisionalInvoice>5</BatchNumberOfProvisionalInvoice>
      <RecordSeqNumberOfProvisionalInvoice>132</RecordSeqNumberOfProvisionalInvoice>
      <TicketIssuingAirline>111</TicketIssuingAirline>
      <CouponNumber>2</CouponNumber>
      <TicketDocNumber>2162812088</TicketDocNumber>
      <ElectronicTicketIndicator>E</ElectronicTicketIndicator>
      <GrossAmountALF>109.82</GrossAmountALF>
      <AgreementIndicatorSupplied>S</AgreementIndicatorSupplied>
      <OriginalPMI>A</OriginalPMI>
      <AttachmentIndicatorOriginal>N</AttachmentIndicatorOriginal>
      <RejectionReasonCode>3D</RejectionReasonCode>
      <Remarks>THIS IS AN ID00 COUPON SUPPOSED TO BE BILLED WITH ZERO VALUE.</Remarks>
    </LineItemDetail>
    <LineItemDetail>
      <ProvisionalInvoiceNumber>8N1620V</ProvisionalInvoiceNumber>
      <BatchNumberOfProvisionalInvoice>7</BatchNumberOfProvisionalInvoice>
      <RecordSeqNumberOfProvisionalInvoice>62</RecordSeqNumberOfProvisionalInvoice>
      <TicketIssuingAirline>111</TicketIssuingAirline>
      <CouponNumber>3</CouponNumber>
      <TicketDocNumber>4520816261</TicketDocNumber>
      <ElectronicTicketIndicator>E</ElectronicTicketIndicator>
      <GrossAmountALF>82.74</GrossAmountALF>
      <AgreementIndicatorSupplied>S</AgreementIndicatorSupplied>
      <OriginalPMI>A</OriginalPMI>
      <AttachmentIndicatorOriginal>Y</AttachmentIndicatorOriginal>
      <RejectionReasonCode>3C</RejectionReasonCode>
      <Remarks>THIS IS AN EXCESS BAGGAGE COUPON</Remarks>
    </LineItemDetail>
  </SamplingFormC>
  <TransmissionSummary>
    <SamplingFormCCount>1</SamplingFormCCount>
  </TransmissionSummary>
</FormCTransmission>





