<?xml version="1.0" encoding="us-ascii"?>
<InvoiceTransmission xsi:schemaLocation="http://www.IATA.com/IATAAviationInvoiceStandard http://www.iata.org/services/finance/sis/Documents/schemas/IATA_IS_XML_Invoice_Standard_V3.9.xsd" xmlns="http://www.IATA.com/IATAAviationInvoiceStandard" xmlns:xsi="http://www.w3.org/2001/XMLSchema-instance">
	<TransmissionHeader>
		<TransmissionDateTime>2017-02-01T01:02:48</TransmissionDateTime>
		<Version>IATA:ISXMLInvoiceV3.9</Version>
		<TransmissionID>07fa06dd-2864-4201-bb59-aaf94df4c74b</TransmissionID>
		<IssuingOrganizationID>A89</IssuingOrganizationID>
		<BillingCategory>Miscellaneous</BillingCategory>
	</TransmissionHeader>
	<Invoice>
		<InvoiceHeader>
			<InvoiceNumber>FINt007</InvoiceNumber>
			<InvoiceDate>2017-01-30</InvoiceDate>
			<InvoiceType>Invoice</InvoiceType>
			<LocationCode>YUL</LocationCode>
			<ChargeCategory>Finance</ChargeCategory>
			<SellerOrganization>
				<OrganizationID>A89</OrganizationID>
				<LocationID>Main</LocationID>
			</SellerOrganization>
			<BuyerOrganization>
				<OrganizationID>A55</OrganizationID>
				<LocationID>Main</LocationID>
			</BuyerOrganization>
			<PaymentTerms>
				<CurrencyCode>USD</CurrencyCode>
				<SettlementMonthPeriod>170104</SettlementMonthPeriod>
				<SettlementMethod>I</SettlementMethod>
			</PaymentTerms>
			<ISDetails>
				<DigitalSignatureFlag>D</DigitalSignatureFlag>
			</ISDetails>
			<Attachment>
				<AttachmentIndicatorOriginal>N</AttachmentIndicatorOriginal>
			</Attachment>
		</InvoiceHeader>
		<LineItem>
			<LineItemNumber>1</LineItemNumber>
			<ChargeCode>Taxes</ChargeCode>
			<Description>Tax at the rate of 7%</Description>
			<StartDate>2017-01-28</StartDate>
			<EndDate>2017-01-29</EndDate>
			<Quantity UOMCode="EA">1.0000</Quantity>
			<UnitPrice SF="1">1.7500</UnitPrice>
			<ChargeAmount>1.75</ChargeAmount>
			<TotalNetAmount>1.75</TotalNetAmount>
			<DetailCount>1</DetailCount>
		</LineItem>
		<LineItem>
			<LineItemNumber>2</LineItemNumber>
			<ChargeCode>Taxes</ChargeCode>
			<Description>Tax at the rate of 7%</Description>
			<StartDate>2017-01-28</StartDate>
			<EndDate>2017-01-29</EndDate>
			<Quantity UOMCode="EA">1.0000</Quantity>
			<UnitPrice SF="1">30.0000</UnitPrice>
			<ChargeAmount>30.00</ChargeAmount>
			<TotalNetAmount>30.00</TotalNetAmount>
			<DetailCount>1</DetailCount>
		</LineItem>
		<LineItem>
			<LineItemNumber>3</LineItemNumber>
			<ChargeCode>Taxes</ChargeCode>
			<Description>Tax at the rate of 7%</Description>
			<StartDate>2017-01-28</StartDate>
			<EndDate>2017-01-29</EndDate>
			<Quantity UOMCode="EA">1.0000</Quantity>
			<UnitPrice SF="1">1.7500</UnitPrice>
			<ChargeAmount>1.75</ChargeAmount>
			<TotalNetAmount>1.75</TotalNetAmount>
			<DetailCount>1</DetailCount>
		</LineItem>
		<LineItem>
			<LineItemNumber>4</LineItemNumber>
			<ChargeCode>Taxes</ChargeCode>
			<Description>Tax at the rate of 7%</Description>
			<StartDate>2017-01-28</StartDate>
			<EndDate>2017-01-29</EndDate>
			<Quantity UOMCode="EA">1.0000</Quantity>
			<UnitPrice SF="1">20.0000</UnitPrice>
			<ChargeAmount>20.00</ChargeAmount>
			<TotalNetAmount>20.00</TotalNetAmount>
			<DetailCount>1</DetailCount>
		</LineItem>
		<LineItem>
			<LineItemNumber>5</LineItemNumber>
			<ChargeCode>Taxes</ChargeCode>
			<Description>Tax at the rate of 7%</Description>
			<StartDate>2017-01-28</StartDate>
			<EndDate>2017-01-29</EndDate>
			<Quantity UOMCode="EA">1.0000</Quantity>
			<UnitPrice SF="1">1.5000</UnitPrice>
			<ChargeAmount>1.50</ChargeAmount>
			<TotalNetAmount>1.50</TotalNetAmount>
			<DetailCount>1</DetailCount>
		</LineItem>
		<LineItemDetail>
			<DetailNumber>1</DetailNumber>
			<LineItemNumber>1</LineItemNumber>
			<Description>Tax invoice </Description>
			<EndDate>2017-01-29</EndDate>
			<Quantity UOMCode="EA">1.0000</Quantity>
			<UnitPrice>1.7500</UnitPrice>
			<ChargeAmount>1.75</ChargeAmount>
			<TotalNetAmount>1.75</TotalNetAmount>
			<ReferenceNo Name="Batch&amp;InvoiceNo">00001/920385</ReferenceNo>
		</LineItemDetail>
		<LineItemDetail>
			<DetailNumber>1</DetailNumber>
			<LineItemNumber>2</LineItemNumber>
			<Description>Tax invoice </Description>
			<EndDate>2017-01-29</EndDate>
			<Quantity UOMCode="EA">1.0000</Quantity>
			<UnitPrice>30.0000</UnitPrice>
			<ChargeAmount>30.00</ChargeAmount>
			<TotalNetAmount>30.00</TotalNetAmount>
			<ReferenceNo Name="Batch and InvoiceNo">00800/920385</ReferenceNo>
		</LineItemDetail>
		<LineItemDetail>
			<DetailNumber>1</DetailNumber>
			<LineItemNumber>3</LineItemNumber>
			<Description>Tax invoice </Description>
			<EndDate>2017-01-29</EndDate>
			<Quantity UOMCode="EA">1.0000</Quantity>
			<UnitPrice>1.7500</UnitPrice>
			<ChargeAmount>1.75</ChargeAmount>
			<TotalNetAmount>1.75</TotalNetAmount>
			<ReferenceNo Name="Batch and InvoiceNo">00902/920385</ReferenceNo>
		</LineItemDetail>
		<LineItemDetail>
			<DetailNumber>1</DetailNumber>
			<LineItemNumber>4</LineItemNumber>
			<Description>Tax invoice </Description>
			<EndDate>2017-01-29</EndDate>
			<Quantity UOMCode="EA">1.0000</Quantity>
			<UnitPrice>20.0000</UnitPrice>
			<ChargeAmount>20.00</ChargeAmount>
			<TotalNetAmount>20.00</TotalNetAmount>
			<ReferenceNo Name="Batch and InvoiceNo">00903/920385</ReferenceNo>
		</LineItemDetail>
		<LineItemDetail>
			<DetailNumber>1</DetailNumber>
			<LineItemNumber>5</LineItemNumber>
			<Description>Tax invoice </Description>
			<EndDate>2017-01-29</EndDate>
			<Quantity UOMCode="EA">1.0000</Quantity>
			<UnitPrice>1.5000</UnitPrice>
			<ChargeAmount>1.50</ChargeAmount>
			<TotalNetAmount>1.50</TotalNetAmount>
			<ReferenceNo Name="Batch and InvoiceNo">00905/920385</ReferenceNo>
		</LineItemDetail>
		<InvoiceSummary>
			<LineItemCount>5</LineItemCount>
			<TotalLineItemAmount>55.00</TotalLineItemAmount>
			<TotalAmount>55.00</TotalAmount>
		</InvoiceSummary>
	</Invoice>
	<TransmissionSummary>
		<InvoiceCount>1</InvoiceCount>
		<TotalAmount CurrencyCode="USD">55.00</TotalAmount>
	</TransmissionSummary>
</InvoiceTransmission>
