<?xml version="1.0" encoding="us-ascii"?>
<InvoiceTransmission xsi:schemaLocation="http://www.IATA.com/IATAAviationInvoiceStandard http://www.iata.org/services/finance/sis/Documents/schemas/IATA_IS_XML_Invoice_Standard_V3.9.xsd" xmlns="http://www.IATA.com/IATAAviationInvoiceStandard" xmlns:xsi="http://www.w3.org/2001/XMLSchema-instance">
	<TransmissionHeader>
		<TransmissionDateTime>2017-02-01T01:02:48</TransmissionDateTime>
		<Version>IATA:ISXMLInvoiceV3.9</Version>
		<TransmissionID>07fa06dd-2864-4201-bb59-aaf94df4c74b</TransmissionID>
		<IssuingOrganizationID>A89</IssuingOrganizationID>
		<BillingCategory>Miscellaneous</BillingCategory>
	</TransmissionHeader>
	<Invoice>
		<InvoiceHeader>
			<InvoiceNumber>FINt003</InvoiceNumber>
			<InvoiceDate>2017-01-30</InvoiceDate>
			<InvoiceType>Invoice</InvoiceType>
			<LocationCode>YUL</LocationCode>
			<ChargeCategory>Finance</ChargeCategory>
			<SellerOrganization>
				<OrganizationID>A89</OrganizationID>
				<LocationID>Main</LocationID>
			</SellerOrganization>
			<BuyerOrganization>
				<OrganizationID>A55</OrganizationID>
				<LocationID>Main</LocationID>
			</BuyerOrganization>
			<PaymentTerms>
				<CurrencyCode>USD</CurrencyCode>
				<SettlementMonthPeriod>170104</SettlementMonthPeriod>
				<SettlementMethod>I</SettlementMethod>
			</PaymentTerms>
			<ISDetails>
				<DigitalSignatureFlag>D</DigitalSignatureFlag>
			</ISDetails>
			<Attachment>
				<AttachmentIndicatorOriginal>N</AttachmentIndicatorOriginal>
			</Attachment>
		</InvoiceHeader>
		<LineItem>
			<LineItemNumber>1</LineItemNumber>
			<ChargeCode>Interest</ChargeCode>
			<Description>Interest in Security Deposit held by the Clearing House</Description>
			<StartDate>2017-01-26</StartDate>
			<EndDate>2017-01-29</EndDate>
			<Quantity UOMCode="EA">1.000</Quantity>
			<UnitPrice SF="1">180.000</UnitPrice>
			<ChargeAmount>180.000</ChargeAmount>
			<TotalNetAmount>180.000</TotalNetAmount>
			<DetailCount>4</DetailCount>
		</LineItem>
		<LineItemDetail>
			<DetailNumber>1</DetailNumber>
			<LineItemNumber>1</LineItemNumber>
			<Description>Interest on Security Deposit held by the Clearing House</Description>
			<EndDate>2017-01-26</EndDate>
			<Quantity UOMCode="EA">1.0000</Quantity>
			<UnitPrice>40.0000</UnitPrice>
			<ChargeAmount>40.000</ChargeAmount>
			<TotalNetAmount>40.000</TotalNetAmount>
			<SettlementDetails>
				<Amount Name="SecurityDeposit">20000.00</Amount>
				<InterestRate>0.08</InterestRate>
			</SettlementDetails>
		</LineItemDetail>
		<LineItemDetail>
			<DetailNumber>2</DetailNumber>
			<LineItemNumber>1</LineItemNumber>
			<Description>Interest on Security Deposit held by the Clearing House</Description>
			<EndDate>2017-01-27</EndDate>
			<Quantity UOMCode="EA">1.0000</Quantity>
			<UnitPrice>40.000</UnitPrice>
			<ChargeAmount>40.000</ChargeAmount>
			<TotalNetAmount>40.000</TotalNetAmount>
			<SettlementDetails>
				<Amount Name="SecurityDeposit">20000.00</Amount>
				<InterestRate>0.08</InterestRate>
			</SettlementDetails>
		</LineItemDetail>
		<LineItemDetail>
			<DetailNumber>3</DetailNumber>
			<LineItemNumber>1</LineItemNumber>
			<Description>Interest on Security Deposit held by the Clearing House</Description>
			<EndDate>2017-01-28</EndDate>
			<Quantity UOMCode="EA">1.0000</Quantity>
			<UnitPrice>50.0000</UnitPrice>
			<ChargeAmount>50.000</ChargeAmount>
			<TotalNetAmount>50.000</TotalNetAmount>
			<SettlementDetails>
				<Amount Name="SecurityDeposit">20000.00</Amount>
				<InterestRate>0.09</InterestRate>
			</SettlementDetails>
		</LineItemDetail>
		<LineItemDetail>
			<DetailNumber>4</DetailNumber>
			<LineItemNumber>1</LineItemNumber>
			<Description>Interest on Installment held by the Clearing House</Description>
			<EndDate>2017-01-29</EndDate>
			<Quantity UOMCode="EA">1.0000</Quantity>
			<UnitPrice>50.0000</UnitPrice>
			<ChargeAmount>50.000</ChargeAmount>
			<TotalNetAmount>50.000</TotalNetAmount>
			<SettlementDetails>
				<Amount Name="Installment">20000.00</Amount>
				<InterestRate>0.09</InterestRate>
			</SettlementDetails>
		</LineItemDetail>
		<InvoiceSummary>
			<LineItemCount>1</LineItemCount>
			<TotalLineItemAmount>180.000</TotalLineItemAmount>
			<TotalAmount>180.000</TotalAmount>
		</InvoiceSummary>
	</Invoice>
	<TransmissionSummary>
		<InvoiceCount>1</InvoiceCount>
		<TotalAmount CurrencyCode="USD">180.000</TotalAmount>
	</TransmissionSummary>
</InvoiceTransmission>
