<?xml version="1.0" encoding="us-ascii"?>
<InvoiceTransmission xsi:schemaLocation="http://www.IATA.com/IATAAviationInvoiceStandard http://www.iata.org/services/finance/sis/Documents/schemas/IATA_IS_XML_Invoice_Standard_V3.9.xsd" xmlns="http://www.IATA.com/IATAAviationInvoiceStandard" xmlns:xsi="http://www.w3.org/2001/XMLSchema-instance">
	<TransmissionHeader>
		<TransmissionDateTime>2017-02-01T01:02:48</TransmissionDateTime>
		<Version>IATA:ISXMLInvoiceV3.9</Version>
		<TransmissionID>07fa06dd-2864-4201-bb59-aaf94df4c74b</TransmissionID>
		<IssuingOrganizationID>A89</IssuingOrganizationID>
		<BillingCategory>Miscellaneous</BillingCategory>
	</TransmissionHeader>
	<Invoice>
		<InvoiceHeader>
			<InvoiceNumber>FINt001</InvoiceNumber>
			<InvoiceDate>2017-01-30</InvoiceDate>
			<InvoiceType>Invoice</InvoiceType>
			<LocationCode>YUL</LocationCode>
			<ChargeCategory>Finance</ChargeCategory>
			<SellerOrganization>
				<OrganizationID>A89</OrganizationID>
				<LocationID>Main</LocationID>
			</SellerOrganization>
			<BuyerOrganization>
				<OrganizationID>A55</OrganizationID>
				<LocationID>Main</LocationID>
			</BuyerOrganization>
			<PaymentTerms>
				<CurrencyCode>USD</CurrencyCode>
				<SettlementMonthPeriod>170104</SettlementMonthPeriod>
				<SettlementMethod>I</SettlementMethod>
			</PaymentTerms>
			<ISDetails>
				<DigitalSignatureFlag>D</DigitalSignatureFlag>
			</ISDetails>
			<Attachment>
				<AttachmentIndicatorOriginal>N</AttachmentIndicatorOriginal>
			</Attachment>
		</InvoiceHeader>
		<LineItem>
			<LineItemNumber>1</LineItemNumber>
			<ChargeCode>Adjustments</ChargeCode>
			<ChargeCodeType>Resettlement</ChargeCodeType>
			<Description>To debit your company with the amount of the Resettlement in respect of Airline ZZ-111</Description>
			<StartDate>2017-01-28</StartDate>
			<EndDate>2017-01-29</EndDate>
			<Quantity UOMCode="EA">1.0000</Quantity>
			<UnitPrice SF="1">455000.0000</UnitPrice>
			<ChargeAmount>455000.00</ChargeAmount>
			<TotalNetAmount>455000.00</TotalNetAmount>
			<DetailCount>2</DetailCount>
		</LineItem>
		<LineItemDetail>
			<DetailNumber>1</DetailNumber>
			<LineItemNumber>1</LineItemNumber>
			<Description>To debit your company with the amount of the Resettlement in respect of Airline 016</Description>
			<EndDate>2017-01-29</EndDate>
			<Quantity UOMCode="EA">1.0000</Quantity>
			<UnitPrice>450000.0000</UnitPrice>
			<ChargeAmount>450000.00</ChargeAmount>
			<TotalNetAmount>450000.00</TotalNetAmount>
			<SettlementDetails>
				<ExchangeRate>1.00000</ExchangeRate>
				<Amount Name="OriginalClaimAmount">450000.00</Amount>
				<ClearancePeriod>160804</ClearancePeriod>
				<SuspendedAirline>016</SuspendedAirline>
			</SettlementDetails>
		</LineItemDetail>
		<LineItemDetail>
			<DetailNumber>2</DetailNumber>
			<LineItemNumber>1</LineItemNumber>
			<Description>To debit your company with the amount of the Resettlement in respect of Airline 001</Description>
			<EndDate>2017-01-29</EndDate>
			<Quantity UOMCode="EA">1.0000</Quantity>
			<UnitPrice>5000.0000</UnitPrice>
			<ChargeAmount>5000.00</ChargeAmount>
			<TotalNetAmount>5000.00</TotalNetAmount>
			<SettlementDetails>
				<ExchangeRate>1.00000</ExchangeRate>
				<Amount Name="OriginalClaimAmount">5000.00</Amount>
				<SuspendedAirline>001</SuspendedAirline>
			</SettlementDetails>
		</LineItemDetail>
		<InvoiceSummary>
			<LineItemCount>1</LineItemCount>
			<TotalLineItemAmount>455000.00</TotalLineItemAmount>
			<TotalAmount>455000.00</TotalAmount>
		</InvoiceSummary>
	</Invoice>
	<TransmissionSummary>
		<InvoiceCount>1</InvoiceCount>
		<TotalAmount CurrencyCode="USD">455000.00</TotalAmount>
	</TransmissionSummary>
</InvoiceTransmission>
